"last_name, first_name",player_id,year,ab,pa,hit,single,double,triple,home_run,strikeout,walk,k_percent,bb_percent,batting_avg,slg_percent,on_base_percent,on_base_plus_slg,xba,xslg,woba,xwoba,xobp,xiso,wobacon,xwobacon,bacon,xbacon,xbadiff,xslgdiff,wobadiff,xera,exit_velocity_avg,launch_angle_avg,sweet_spot_percent,barrel,barrel_batted_rate,solidcontact_percent,flareburner_percent,poorlyunder_percent,poorlytopped_percent,poorlyweak_percent,hard_hit_percent,avg_best_speed,avg_hyper_speed,z_swing_percent,z_swing_miss_percent,oz_swing_percent,oz_swing_miss_percent,oz_contact_percent,out_zone_swing_miss,out_zone_swing,out_zone_percent,out_zone,meatball_swing_percent,meatball_percent,iz_contact_percent,in_zone_swing_miss,in_zone_swing,in_zone_percent,in_zone,edge_percent,edge,whiff_percent,swing_percent,pitch_count_offspeed,pitch_count_fastball,pitch_count_breaking,pitch_count,f_strike_percent,pull_percent,straightaway_percent,opposite_percent,batted_ball,groundballs_percent,groundballs,flyballs_percent,flyballs,linedrives_percent,linedrives,popups_percent,popups,p_era,p_opp_batting_avg,p_quality_start,p_game,p_formatted_ip,pitch_hand,velocity,release_extension,arm_angle,n_ff_formatted,ff_avg_speed,ff_avg_spin,ff_avg_break_x,ff_avg_break_z,n_si_formatted,si_avg_speed,si_avg_spin,si_avg_break_x,si_avg_break_z,n_sl_formatted,sl_avg_speed,sl_avg_spin,sl_avg_break_x,sl_avg_break_z,n_ch_formatted,ch_avg_speed,ch_avg_spin,ch_avg_break_x,ch_avg_break_z,n_cu_formatted,cu_avg_speed,cu_avg_spin,cu_avg_break_x,cu_avg_break_z,n_fc_formatted,fc_avg_speed,fc_avg_spin,fc_avg_break_x,fc_avg_break_z,n_fs_formatted,fs_avg_speed,fs_avg_spin,fs_avg_break_x,fs_avg_break_z,n_kn_formatted,kn_avg_speed,kn_avg_spin,kn_avg_break_x,kn_avg_break_z
"Wainwright, Adam",425794,2020,244,262,54,36,9,0,9,54,15,20.6,5.7,0.221,0.369,0.271,0.64,0.265,0.436,0.277,0.324,0.312,0.171,0.318,0.382,0.283,0.339,-0.044,-0.067,-0.047,4.48,87.3,12.0,33.0,12,6.3,5.2,26.2,25.1,31.9,5.2,36.6,75.684768404,93.58274617,62.9,15.2,30.2,41.4,58.6,60,145,51.6,480,65.7,7.5,84.8,43,283,48.4,450,43.0,400,24.1,46.0,23,551,356,930,67.6,39.3,39.8,20.9,191,44.0,84,23.0,44,26.2,50,6.8,13,3.15,,7,10,65.2,R,,,44.0,9.2,89.2,2218.0,-2.3,-19.5,27.1,89.3,2188.0,-12.1,-22.9,,,,,,2.5,81.8,1683.0,-13.6,-33.8,38.3,73.5,2791.0,16.8,-65.5,22.9,85.0,2343.0,6.0,-31.3,,,,,,,,,,
"Greinke, Zack",425844,2020,262,273,67,42,17,2,6,67,9,24.5,3.3,0.256,0.405,0.282,0.687,0.248,0.42,0.293,0.299,0.275,0.172,0.373,0.38,0.342,0.332,0.008,-0.015,-0.006,3.76,86.8,11.7,34.7,16,8.2,5.6,24.0,25.0,32.7,4.6,35.2,74.93030732,93.291148144,59.7,17.0,26.3,46.5,53.5,73,157,56.4,598,67.2,6.3,83.0,47,276,43.6,462,43.8,464,27.7,40.8,232,433,331,1060,61.9,31.6,42.3,26.0,196,42.9,84,23.5,46,26.0,51,7.7,15,4.03,,5,12,67.0,R,,,47.6,43.2,88.1,2327.0,-1.2,-17.8,0.1,89.7,2259.0,-13.4,-19.9,17.0,84.5,2422.0,6.6,-32.6,23.2,86.2,1668.0,-13.1,-32.4,16.6,70.4,2422.0,10.7,-67.0,,,,,,,,,,,,,,,
"Lester, Jon",452657,2020,244,265,64,39,13,1,11,42,17,15.8,6.4,0.262,0.459,0.318,0.777,0.279,0.517,0.333,0.363,0.333,0.238,0.366,0.404,0.317,0.337,-0.017,-0.058,-0.03,5.81,88.9,11.9,34.0,25,12.3,4.9,22.7,22.7,33.0,4.4,38.9,77.820627228,94.226303762,67.4,11.3,25.9,32.4,67.6,47,145,55.6,560,82.3,6.2,88.7,34,302,44.4,448,40.9,412,18.1,44.3,126,753,129,1008,58.9,35.5,41.4,23.2,203,48.3,98,29.1,59,17.7,36,4.9,10,5.16,,4,12,61.0,L,,,36.7,29.1,89.4,2223.0,7.1,-18.8,15.2,88.4,2063.0,13.6,-27.7,,,,,,12.5,83.3,1913.0,13.5,-32.5,12.8,73.4,2569.0,-10.6,-55.6,30.5,87.4,2343.0,-0.5,-24.6,,,,,,,,,,
"Scherzer, Max",453286,2020,269,295,70,47,12,1,10,92,23,31.2,7.8,0.26,0.424,0.319,0.743,0.252,0.431,0.319,0.321,0.312,0.179,0.434,0.44,0.391,0.382,0.008,-0.007,-0.002,4.39,88.5,18.7,41.9,15,8.4,5.6,30.7,28.5,20.1,5.0,36.3,77.195484023,94.048872832,71.6,25.8,30.1,47.8,52.2,89,186,50.9,618,80.0,7.8,74.2,110,426,49.1,595,42.8,519,32.5,50.5,194,675,344,1213,65.8,34.6,32.4,33.0,179,34.6,62,25.1,45,31.3,56,8.9,16,3.74,,6,12,67.1,R,,,25.4,46.0,94.7,2472.0,-10.5,-15.0,,,,,,19.3,85.5,2384.0,4.1,-34.9,16.0,84.9,1440.0,-14.5,-35.0,9.1,77.1,2782.0,14.4,-55.0,9.6,91.1,2574.0,-0.8,-23.8,,,,,,,,,,
"Cueto, Johnny",456501,2020,246,277,61,38,12,2,9,56,26,20.2,9.4,0.248,0.423,0.325,0.748,0.26,0.417,0.324,0.336,0.34,0.156,0.361,0.379,0.318,0.339,-0.012,0.006,-0.012,4.86,87.9,13.0,34.4,11,5.7,4.2,29.7,27.1,30.2,2.1,33.9,77.153333789,93.34431836,68.2,14.5,25.8,31.9,68.1,51,160,54.1,620,72.6,6.4,85.5,52,358,45.9,525,42.9,491,19.9,45.2,308,497,332,1145,55.6,48.4,31.3,20.3,192,42.7,82,24.0,46,28.6,55,4.7,9,5.4,,3,12,63.1,R,,,32.6,33.0,91.4,2222.0,-10.7,-17.9,10.4,90.9,2123.0,-16.5,-23.5,9.9,84.8,2231.0,1.0,-30.3,26.9,82.5,1333.0,-11.2,-35.5,19.8,80.5,2335.0,3.4,-42.0,,,,,,,,,,,,,,,
"Lynn, Lance",458681,2020,311,344,64,35,15,1,13,89,25,25.9,7.3,0.206,0.386,0.277,0.663,0.208,0.349,0.287,0.279,0.279,0.142,0.344,0.331,0.287,0.29,-0.002,0.037,0.008,3.25,88.6,17.5,34.4,12,5.4,5.8,20.5,37.1,27.7,3.6,37.5,77.997525495,93.735972793,70.8,19.8,27.1,40.9,59.1,76,186,48.8,687,83.7,6.1,80.2,101,510,51.2,720,45.0,633,25.4,49.5,14,1265,119,1408,61.0,32.6,36.6,30.8,224,37.1,83,28.6,64,25.0,56,9.4,21,3.32,,10,13,84.0,R,,,33.2,49.8,94.0,2491.0,-6.7,-15.4,17.9,92.0,2327.0,-13.3,-25.1,,,,,,1.0,85.0,1844.0,-8.4,-28.6,9.1,83.6,2598.0,4.6,-43.2,22.2,89.4,2599.0,2.0,-27.1,,,,,,,,,,
"Carrasco, Carlos",471911,2020,249,280,55,36,11,0,8,82,27,29.3,9.6,0.221,0.361,0.301,0.662,0.221,0.367,0.292,0.3,0.304,0.146,0.364,0.378,0.327,0.332,0.0,-0.006,-0.008,3.79,88.0,10.3,35.5,14,8.3,6.5,23.1,23.7,33.1,4.7,34.9,76.917276386,93.634904277,69.2,20.6,30.1,58.4,41.6,101,173,52.2,575,73.7,6.9,79.4,75,364,47.8,526,43.3,477,32.8,48.8,299,435,367,1101,63.9,35.5,40.2,24.3,169,47.3,80,20.1,34,27.2,46,5.3,9,2.91,,9,12,68.0,R,,,35.6,34.7,93.7,2472.0,-8.8,-15.9,4.8,92.3,2357.0,-15.6,-24.1,26.4,86.0,2798.0,3.8,-36.2,27.2,87.7,1319.0,-6.9,-33.4,6.9,83.5,2912.0,9.6,-45.8,,,,,,,,,,,,,,,
"Gibson, Kyle",502043,2020,265,301,73,50,9,2,12,58,30,19.3,10.0,0.275,0.46,0.362,0.822,0.283,0.452,0.356,0.36,0.369,0.168,0.397,0.403,0.353,0.363,-0.008,0.008,-0.004,5.7,88.2,6.2,33.3,15,7.2,4.8,29.5,14.5,37.7,5.8,39.6,76.836915825,93.881787171,61.7,10.8,26.9,43.8,56.2,78,178,58.0,661,67.4,4.0,89.2,32,295,42.0,478,42.8,487,23.3,41.5,203,568,368,1139,65.1,43.0,38.6,18.4,207,51.7,107,17.4,36,27.5,57,3.4,7,5.35,,4,12,67.1,R,,,46.8,13.9,92.4,2261.0,-5.7,-15.8,35.6,92.2,2130.0,-13.9,-19.6,24.6,82.9,2475.0,5.4,-40.5,17.8,84.4,1652.0,-14.8,-31.6,7.7,78.7,2418.0,6.3,-52.6,0.4,87.6,2688.0,4.8,-29.6,,,,,,,,,,
"Darvish, Yu",506433,2020,280,297,59,40,12,2,5,93,14,31.3,4.7,0.211,0.321,0.253,0.574,0.228,0.346,0.25,0.269,0.269,0.118,0.338,0.369,0.316,0.341,-0.017,-0.025,-0.019,3.02,88.7,11.9,36.9,12,6.4,5.3,27.3,26.2,29.9,4.3,34.2,78.651437283,93.49421,65.7,22.4,30.3,57.6,42.4,91,158,45.2,521,79.0,8.7,77.6,93,415,54.8,632,42.0,484,32.1,49.7,103,325,549,1153,63.3,40.1,35.8,24.1,187,43.9,82,18.2,34,29.4,55,8.6,16,2.01,,10,12,76.0,R,,,44.8,15.1,95.9,2582.0,-6.1,-11.4,8.7,95.2,2492.0,-14.0,-17.6,36.2,86.1,2792.0,5.6,-37.9,,,,,,11.7,77.3,2719.0,9.9,-59.4,4.4,92.7,2677.0,1.3,-18.2,8.9,90.2,1638.0,-7.2,-26.0,,,,,
"Pérez, Martín",527048,2020,229,262,55,31,16,0,8,46,28,17.6,10.7,0.24,0.415,0.33,0.745,0.25,0.422,0.325,0.334,0.34,0.172,0.342,0.356,0.299,0.313,-0.01,-0.007,-0.009,4.8,86.3,14.3,34.6,14,7.6,5.4,23.2,27.0,29.7,5.4,29.2,75.493130333,92.55774838,66.1,20.6,23.6,26.0,74.0,34,131,53.7,555,74.1,5.6,79.4,65,316,46.3,478,46.4,479,22.1,43.3,266,670,97,1033,64.9,39.5,35.1,25.4,185,39.5,73,24.9,46,27.6,51,8.1,15,4.5,,3,12,62.0,L,,,45.6,15.1,92.2,2049.0,10.7,-17.2,17.7,91.9,1951.0,17.0,-22.4,,,,,,25.8,83.7,1704.0,14.4,-29.7,9.4,77.7,2521.0,-5.5,-50.4,32.0,88.8,2180.0,0.8,-24.0,,,,,,,,,,
"Cole, Gerrit",543037,2020,269,288,53,25,14,0,14,94,17,32.6,5.9,0.197,0.405,0.25,0.655,0.198,0.381,0.279,0.273,0.251,0.183,0.383,0.376,0.303,0.306,-0.001,0.024,0.006,3.11,90.4,16.4,32.0,16,9.1,12.0,15.4,29.1,29.1,3.4,44.6,79.873113372,94.802339591,67.1,24.5,33.1,52.7,47.3,108,205,51.5,619,78.3,7.6,75.5,96,392,48.5,584,43.1,518,34.2,49.6,67,635,501,1203,63.5,40.0,34.9,25.1,175,37.7,66,30.3,53,25.1,44,6.9,12,2.84,,8,12,73.0,R,,,38.2,52.5,96.7,2505.0,-12.2,-11.5,0.2,96.0,2505.0,-16.3,-14.1,24.6,88.7,2582.0,5.0,-31.0,5.6,88.3,1750.0,-15.5,-24.5,17.0,83.4,2803.0,9.5,-50.9,,,,,,,,,,,,,,,
"Hendricks, Kyle",543294,2020,304,315,73,53,10,0,10,64,8,20.3,2.5,0.24,0.372,0.26,0.632,0.236,0.382,0.269,0.274,0.257,0.146,0.326,0.332,0.302,0.298,0.004,-0.01,-0.005,3.13,86.1,11.0,34.3,11,4.5,5.0,19.8,26.4,38.8,4.1,32.0,74.950220833,92.680787573,66.4,19.3,31.9,36.6,63.4,64,175,47.7,549,70.6,7.4,80.7,77,399,52.3,601,45.9,528,24.9,49.8,326,632,192,1162,66.7,36.4,41.3,22.3,242,47.1,114,19.8,48,26.0,63,7.0,17,2.88,,9,12,81.1,R,,,50.4,21.0,87.4,1969.0,-5.8,-20.8,33.9,87.3,1862.0,-12.5,-25.9,,,,,,28.3,79.7,2062.0,-11.4,-31.1,16.7,72.1,2811.0,14.3,-66.3,,,,,,,,,,,,,,,
"Bauer, Trevor",545333,2020,258,278,41,25,4,3,9,100,17,36.0,6.1,0.159,0.302,0.219,0.521,0.162,0.286,0.227,0.224,0.222,0.123,0.313,0.309,0.259,0.265,-0.003,0.016,0.003,2.1,88.5,20.9,25.9,10,6.3,7.6,16.5,39.2,25.3,5.1,38.0,77.766438101,93.703112739,65.8,21.7,29.1,47.8,52.2,86,180,53.0,618,78.8,7.3,78.3,78,360,47.0,547,42.0,489,30.4,46.4,4,793,183,1165,59.0,35.4,36.7,27.8,158,36.1,57,29.1,46,17.7,28,17.1,27,1.73,,9,11,73.0,R,,,41.1,47.4,93.5,2779.0,-9.6,-11.7,0.3,94.1,2780.0,-15.9,-16.3,,,,,,0.3,85.0,1731.0,-9.8,-24.6,15.7,79.7,2933.0,8.8,-63.6,20.3,84.9,2911.0,5.7,-38.7,,,,,,,,,,
"Ryu, Hyun Jin",547943,2020,256,275,60,42,12,0,6,72,17,26.2,6.2,0.234,0.352,0.285,0.637,0.232,0.334,0.279,0.274,0.283,0.101,0.347,0.34,0.326,0.325,0.002,0.018,0.005,3.13,87.0,9.6,32.4,6,3.2,4.3,28.1,21.1,34.6,7.0,29.2,76.646542667,92.768601899,71.0,19.2,31.2,39.4,60.6,76,193,54.6,618,86.2,5.7,80.8,70,365,45.4,514,45.5,515,26.2,49.3,315,668,149,1132,58.2,43.8,29.2,27.0,185,52.4,97,17.8,33,23.2,43,6.5,12,2.69,,7,12,67.0,L,,,39.2,24.6,89.8,1995.0,9.7,-20.5,10.0,89.1,1953.0,15.7,-24.8,,,,,,27.8,79.6,1478.0,13.2,-36.7,13.2,72.3,2542.0,-13.2,-66.7,24.4,85.5,2026.0,-1.4,-30.0,,,,,,,,,,
"Wheeler, Zack",554430,2020,264,288,67,48,16,0,3,53,16,18.4,5.6,0.254,0.348,0.314,0.662,0.249,0.348,0.291,0.292,0.309,0.099,0.323,0.324,0.318,0.312,0.005,0.0,-0.001,3.58,85.7,3.8,30.7,8,3.8,5.2,23.1,15.1,45.8,6.1,34.0,73.20301619,93.138928469,73.8,18.9,32.7,30.7,69.3,55,179,50.8,547,77.8,6.7,81.1,74,391,49.2,530,44.4,478,22.6,52.9,90,878,109,1078,58.3,40.6,34.4,25.0,212,56.6,120,10.8,23,27.4,58,5.2,11,2.92,,7,11,71.0,R,,,37.9,43.8,96.9,2334.0,-6.0,-15.0,21.8,96.6,2196.0,-14.6,-17.3,,,,,,5.8,90.2,1833.0,-11.9,-21.9,10.1,80.1,2621.0,10.8,-55.6,15.9,89.8,2399.0,4.3,-31.0,2.5,90.1,1202.0,-13.5,-25.7,,,,,
"Boyd, Matthew",571510,2020,241,271,67,33,17,2,15,60,22,22.1,8.1,0.278,0.552,0.348,0.9,0.258,0.478,0.378,0.349,0.331,0.22,0.453,0.41,0.366,0.341,0.02,0.074,0.029,5.3,87.4,15.4,37.0,20,10.9,4.9,20.7,29.3,30.4,3.8,37.0,75.498472609,93.758217268,70.0,17.6,30.6,48.1,51.9,87,181,54.5,592,66.2,6.5,82.4,61,346,45.5,494,42.4,460,28.1,48.5,187,572,327,1086,59.4,40.2,36.4,23.4,184,38.0,70,28.3,52,26.1,48,7.6,14,6.71,,3,12,60.1,L,,,29.5,50.3,91.7,2304.0,11.2,-18.3,2.4,90.5,2255.0,16.1,-22.7,22.7,79.3,2324.0,-3.4,-46.8,17.2,79.1,1882.0,15.9,-37.0,7.5,74.1,2506.0,-12.9,-65.0,,,,,,,,,,,,,,,
"Corbin, Patrick",571578,2020,276,295,85,57,16,2,10,60,18,20.3,6.1,0.308,0.489,0.349,0.838,0.289,0.469,0.357,0.343,0.331,0.18,0.429,0.41,0.392,0.367,0.019,0.02,0.014,5.1,90.7,11.9,32.3,14,6.5,10.1,29.5,21.2,29.5,3.2,44.2,80.567643519,94.923821302,70.1,11.6,33.6,44.8,55.2,87,194,54.0,577,80.5,7.2,88.4,40,344,46.0,491,43.0,459,23.6,50.4,60,556,452,1068,64.1,36.9,34.6,28.6,217,46.1,100,20.7,45,25.8,56,7.4,16,4.66,,6,11,65.2,L,,,43.1,17.2,90.2,2158.0,8.0,-18.3,34.8,90.1,2096.0,13.4,-21.2,40.3,79.2,2241.0,-3.8,-42.8,5.6,77.7,1550.0,10.5,-33.9,2.1,65.0,1852.0,-3.1,-66.9,,,,,,,,,,,,,,,
"Heaney, Andrew",571760,2020,256,279,63,39,14,1,9,70,19,25.1,6.8,0.246,0.414,0.301,0.715,0.249,0.445,0.306,0.321,0.305,0.195,0.378,0.4,0.335,0.341,-0.003,-0.031,-0.015,4.39,88.6,16.3,36.2,14,7.4,8.0,27.1,26.6,27.7,3.2,39.4,77.671291809,93.87947738,68.1,22.0,31.3,42.0,58.0,68,162,47.7,518,70.6,7.8,78.0,85,386,52.3,567,43.5,472,27.9,50.5,189,627,269,1085,67.0,37.8,39.9,22.3,188,38.8,73,26.1,49,25.5,48,9.6,18,4.46,,4,12,66.2,L,,,33.2,57.8,91.5,2435.0,13.8,-17.1,,,,,,0.4,79.3,2554.0,-3.6,-50.1,17.4,83.0,2005.0,16.3,-31.8,24.4,79.2,2550.0,-5.8,-47.0,,,,,,,,,,,,,,,
"Keuchel, Dallas",572971,2020,238,257,52,41,8,1,2,42,17,16.3,6.6,0.218,0.286,0.271,0.557,0.277,0.393,0.249,0.317,0.325,0.116,0.263,0.352,0.265,0.337,-0.059,-0.107,-0.068,4.27,86.8,5.6,34.3,8,4.0,5.6,27.3,16.2,38.9,7.6,31.3,74.956208144,93.354275567,68.3,16.8,28.4,35.8,64.2,57,159,58.2,559,81.6,5.1,83.2,46,274,41.8,401,45.8,440,23.8,45.1,268,629,63,960,54.9,35.9,40.9,23.2,198,53.5,106,12.6,25,28.3,56,5.6,11,1.99,,5,11,63.1,L,,,49.1,2.3,88.3,2218.0,2.7,-21.5,32.3,87.2,2071.0,12.5,-29.1,6.6,75.8,2280.0,-7.9,-48.3,27.9,78.6,1680.0,14.4,-37.7,,,,,,30.9,84.8,2203.0,-2.6,-29.9,,,,,,,,,,
"deGrom, Jacob",594798,2020,248,268,47,28,12,0,7,104,18,38.8,6.7,0.19,0.323,0.243,0.566,0.194,0.332,0.246,0.256,0.247,0.138,0.366,0.385,0.322,0.332,-0.004,-0.009,-0.01,2.73,88.2,11.6,30.1,14,9.6,4.1,26.0,24.7,30.8,3.4,33.6,77.995876806,93.342833889,75.2,31.7,35.6,58.3,41.7,126,216,53.4,606,83.1,5.7,68.3,126,398,46.6,529,45.9,521,41.0,54.1,192,509,433,1135,60.4,34.9,35.6,29.5,146,42.5,62,26.0,38,26.0,38,5.5,8,2.38,,8,12,68.0,R,,,34.6,44.9,98.6,2477.0,-6.9,-11.4,,,,,,35.5,92.5,2565.0,3.7,-26.7,16.9,91.4,1638.0,-13.5,-28.8,2.6,84.1,2632.0,7.2,-42.8,,,,,,,,,,,,,,,
"Gonzales, Marco",594835,2020,266,277,59,38,13,0,8,64,7,23.1,2.5,0.222,0.361,0.253,0.614,0.243,0.43,0.265,0.301,0.273,0.187,0.324,0.376,0.292,0.322,-0.021,-0.069,-0.036,3.82,86.6,17.6,36.6,17,8.4,4.5,23.8,31.7,24.8,5.0,34.3,75.196540909,93.023268939,62.9,15.2,30.2,31.1,68.9,46,148,46.4,490,70.4,6.7,84.8,54,356,53.6,566,48.1,508,19.8,47.8,151,735,170,1057,64.3,38.6,37.1,24.3,202,37.6,76,28.7,58,23.8,48,9.9,20,3.1,,6,11,69.2,L,,,46.4,45.4,88.2,2154.0,10.9,-18.2,,,,,,,,,,,14.3,80.6,2114.0,16.9,-32.8,16.1,75.3,2294.0,-8.9,-62.1,24.2,84.8,2153.0,0.0,-27.3,,,,,,,,,,
"Bassitt, Chris",605135,2020,240,261,56,35,15,0,6,55,17,21.1,6.5,0.233,0.371,0.288,0.659,0.241,0.39,0.287,0.301,0.296,0.149,0.33,0.349,0.301,0.312,-0.008,-0.019,-0.014,3.82,88.2,12.5,28.9,11,5.9,6.4,21.4,28.3,31.6,5.3,37.4,77.390751957,93.869726848,65.1,18.9,25.9,34.2,65.8,40,117,47.7,451,71.0,9.8,81.1,61,322,52.3,495,41.9,396,23.0,46.4,97,732,100,946,57.1,36.9,37.4,25.7,187,44.9,84,26.2,49,21.4,40,7.5,14,2.29,,5,11,63.0,R,,,43.7,16.7,93.3,2160.0,-7.8,-16.6,38.2,92.6,2112.0,-15.7,-20.1,1.2,78.2,2192.0,9.3,-45.1,10.3,83.6,1950.0,-17.3,-29.6,9.4,70.0,2185.0,12.2,-71.0,22.5,87.8,2183.0,1.6,-27.2,,,,,,,,,,
"Bundy, Dylan",605164,2020,245,267,51,30,14,2,5,72,17,27.0,6.4,0.208,0.343,0.271,0.614,0.215,0.333,0.268,0.27,0.277,0.119,0.328,0.333,0.295,0.304,-0.007,0.01,-0.002,3.04,87.0,14.5,30.6,8,4.6,5.8,22.5,30.1,29.5,6.9,32.9,75.951830235,93.090558935,60.8,18.0,29.7,51.6,48.4,79,153,50.7,516,55.1,6.8,82.0,55,305,49.3,502,45.4,462,29.3,45.0,217,427,374,1018,56.9,39.9,38.7,21.4,173,42.8,74,22.0,38,24.9,43,10.4,18,3.29,,6,11,65.2,R,,,51.0,33.6,90.0,2424.0,-4.9,-14.8,8.3,90.7,2348.0,-12.8,-17.4,25.0,79.9,2538.0,4.3,-43.7,21.3,82.2,1620.0,-13.0,-32.0,11.7,73.5,2349.0,8.1,-63.9,,,,,,,,,,,,,,,
"Davies, Zach",605200,2020,255,276,55,37,8,1,9,63,19,22.8,6.9,0.216,0.361,0.269,0.63,0.268,0.475,0.273,0.344,0.32,0.207,0.321,0.422,0.285,0.358,-0.052,-0.114,-0.071,5.13,87.5,14.6,36.1,20,10.3,3.6,25.8,24.7,29.4,5.7,36.6,76.024619043,93.652096862,62.2,17.1,26.4,40.0,60.0,64,160,57.3,605,71.4,4.6,82.9,48,280,42.7,450,46.0,485,25.5,41.7,436,589,30,1055,56.2,37.6,38.7,23.7,194,43.3,84,24.7,48,23.7,46,8.2,16,2.73,,6,12,69.1,R,,,38.8,2.7,88.7,1999.0,-15.1,-21.2,39.1,88.4,2055.0,-14.5,-22.5,,,,,,41.3,79.4,1728.0,-14.4,-35.2,2.8,74.5,2509.0,9.6,-60.8,14.0,86.9,2184.0,-5.2,-22.4,,,,,,,,,,
"Nola, Aaron",605400,2020,263,289,54,33,12,0,9,96,23,33.2,8.0,0.205,0.354,0.273,0.627,0.222,0.354,0.272,0.283,0.289,0.132,0.368,0.388,0.321,0.349,-0.017,0.0,-0.011,3.35,88.3,8.6,34.5,9,5.4,6.0,25.0,20.2,38.1,4.8,38.1,76.996211205,93.982298795,60.6,20.6,36.5,45.1,54.9,106,235,56.0,643,66.1,5.4,79.4,63,306,44.0,505,46.1,529,31.2,47.1,314,528,306,1148,64.4,35.7,39.9,24.4,168,49.4,83,16.7,28,26.2,44,7.7,13,3.28,,7,12,71.1,R,,,19.2,24.4,92.8,2180.0,-13.8,-18.0,21.6,91.8,2101.0,-17.4,-24.2,,,,,,27.4,84.9,1518.0,-14.5,-35.5,26.7,78.6,2499.0,15.1,-54.8,,,,,,,,,,,,,,,
"Woodruff, Brandon",605540,2020,270,293,55,37,8,1,9,91,18,31.1,6.1,0.204,0.341,0.263,0.604,0.198,0.339,0.264,0.264,0.259,0.141,0.344,0.345,0.306,0.299,0.006,0.002,0.0,2.9,86.7,13.3,26.1,13,7.2,2.8,22.2,26.1,35.6,4.4,33.9,74.869262273,93.347296343,69.9,25.0,26.7,39.1,60.9,63,161,49.9,604,75.6,6.4,75.0,106,424,50.1,607,43.4,525,28.9,48.3,212,789,210,1211,66.6,35.0,36.1,28.9,180,51.1,92,20.6,37,17.2,31,11.1,20,3.05,,6,13,73.2,R,,,42.7,34.5,96.6,2457.0,-6.6,-12.1,30.6,96.3,2364.0,-13.8,-16.1,10.9,88.2,2525.0,2.9,-34.2,17.5,86.7,1817.0,-15.4,-26.9,6.4,83.5,2606.0,4.0,-49.3,,,,,,,,,,,,,,,
"Freeland, Kyle",607536,2020,277,304,77,52,16,0,9,46,23,15.1,7.6,0.278,0.433,0.339,0.772,0.284,0.436,0.335,0.343,0.346,0.152,0.36,0.371,0.332,0.341,-0.006,-0.003,-0.008,5.1,87.3,7.4,31.9,13,5.6,5.2,26.7,17.7,36.6,7.8,35.8,75.81297469,93.455217035,65.3,11.1,30.7,36.3,63.7,70,193,56.0,629,80.0,6.2,88.9,36,323,44.0,495,47.0,528,20.5,45.9,274,638,212,1124,56.3,44.8,36.6,18.5,232,52.2,121,17.2,40,26.7,62,3.9,9,4.33,,9,13,70.2,L,,,30.0,21.0,92.2,2448.0,7.2,-17.9,12.2,91.4,2388.0,14.5,-25.9,,,,,,24.4,86.0,1375.0,11.0,-31.7,18.9,80.3,2444.0,-4.1,-49.5,23.6,86.2,2474.0,-1.9,-31.9,,,,,,,,,,
"Giolito, Lucas",608337,2020,255,288,47,31,8,0,8,97,28,33.7,9.7,0.184,0.31,0.267,0.577,0.196,0.322,0.257,0.27,0.279,0.126,0.33,0.353,0.292,0.313,-0.012,-0.012,-0.013,3.04,87.0,15.2,33.5,9,5.6,6.2,25.5,29.8,24.8,7.5,35.4,75.1833505,93.575196101,73.1,28.4,28.3,57.6,42.4,99,172,50.1,608,87.3,8.4,71.6,126,443,49.9,606,40.6,493,36.6,50.7,409,614,191,1214,59.4,41.6,31.7,26.7,161,44.1,71,26.7,43,21.7,35,7.5,12,3.48,,8,12,72.1,R,,,57.8,50.6,94.0,2349.0,-7.1,-12.5,,,,,,14.7,84.9,2095.0,3.5,-34.2,33.7,80.9,1410.0,-8.8,-28.9,1.0,77.3,2493.0,5.0,-61.1,,,,,,,,,,,,,,,
"Márquez, Germán",608566,2020,316,344,78,53,16,3,6,73,25,21.2,7.3,0.247,0.373,0.299,0.672,0.259,0.391,0.292,0.315,0.315,0.132,0.338,0.37,0.317,0.339,-0.012,-0.018,-0.023,4.21,88.8,7.2,32.9,12,4.9,8.9,26.8,17.1,38.2,3.3,40.2,77.797894754,94.009115432,68.1,15.3,28.1,55.5,44.5,91,164,47.6,584,72.1,8.5,84.7,67,437,52.4,642,41.7,511,26.3,49.0,65,643,518,1226,66.3,39.4,36.2,24.4,246,50.8,125,16.3,40,28.0,69,4.9,12,3.75,,9,13,81.2,R,,,37.4,38.5,95.9,2157.0,-6.8,-16.1,13.9,94.7,2140.0,-13.2,-21.4,16.9,87.9,2382.0,0.5,-31.0,5.3,86.8,1816.0,-13.4,-26.8,25.4,85.5,2728.0,3.6,-40.4,,,,,,,,,,,,,,,
"Mills, Alec",621219,2020,230,252,53,29,11,0,13,46,19,18.3,7.5,0.23,0.448,0.294,0.742,0.263,0.461,0.316,0.342,0.326,0.198,0.351,0.386,0.286,0.33,-0.033,-0.013,-0.026,5.06,86.9,10.1,30.8,17,9.2,5.9,20.0,21.6,36.8,6.5,39.5,74.541613913,93.6962775,61.1,12.8,30.1,26.6,73.4,41,154,54.1,511,66.7,5.4,87.2,34,265,45.9,434,44.8,423,17.9,44.3,144,564,237,945,61.1,40.0,35.1,24.9,185,48.1,89,21.6,40,23.2,43,7.0,13,4.48,,5,11,62.1,R,,,32.2,25.4,89.8,2181.0,-9.5,-20.0,34.3,89.9,2185.0,-16.2,-26.6,10.1,77.5,2584.0,16.5,-48.1,15.2,80.7,1709.0,-15.2,-38.2,15.0,66.6,2378.0,12.9,-72.5,,,,,,,,,,,,,,,
"Berríos, José",621244,2020,240,271,57,39,9,1,8,68,26,25.1,9.6,0.237,0.383,0.317,0.7,0.248,0.4,0.307,0.322,0.328,0.152,0.362,0.385,0.328,0.345,-0.011,-0.017,-0.015,4.42,88.7,14.0,33.3,11,6.3,6.9,27.0,24.1,29.9,5.2,39.7,77.429804186,94.264088947,62.0,19.6,31.1,41.9,58.1,75,179,52.2,575,64.5,6.9,80.4,64,327,47.8,527,44.1,486,27.5,45.9,207,567,0,1102,63.1,36.8,36.8,26.4,174,42.0,73,24.7,43,26.4,46,6.9,12,4.0,,4,12,63.0,R,,,36.1,26.0,94.5,2192.0,-10.9,-15.5,25.5,94.0,2128.0,-15.8,-20.6,,,,,,18.8,84.7,1531.0,-12.5,-33.9,,,,,,,,,,,,,,,,,,,,
"Castillo, Luis",622491,2020,266,292,62,38,18,1,5,89,24,30.5,8.2,0.233,0.365,0.298,0.663,0.209,0.313,0.29,0.266,0.277,0.104,0.378,0.338,0.348,0.314,0.024,0.052,0.024,2.95,86.0,2.2,28.7,8,4.5,6.7,24.7,14.6,41.6,7.3,37.1,72.160531236,93.916524915,73.6,24.9,28.2,53.7,46.3,87,162,49.8,574,82.2,6.3,75.1,106,426,50.2,579,42.2,487,32.8,51.0,346,603,204,1153,61.3,42.1,32.6,25.3,178,58.4,104,15.2,27,23.6,42,2.8,5,3.21,,7,12,70.0,R,,,20.3,27.1,97.4,2181.0,-11.0,-16.5,25.2,97.5,2100.0,-18.0,-24.6,17.7,86.8,2484.0,0.0,-35.8,30.0,88.2,1942.0,-16.5,-34.1,,,,,,,,,,,,,,,,,,,,
"Senzatela, Antonio",622608,2020,279,303,71,49,10,3,9,41,18,13.5,5.9,0.254,0.409,0.307,0.716,0.273,0.429,0.309,0.329,0.324,0.156,0.325,0.351,0.296,0.318,-0.019,-0.02,-0.02,4.64,88.3,9.1,27.9,13,5.4,6.3,24.2,22.1,38.3,3.3,38.3,77.06990275,93.887047992,69.0,11.9,24.4,36.9,63.1,52,141,50.9,578,80.4,8.1,88.1,46,385,49.1,558,44.7,508,18.6,46.3,118,635,383,1136,62.0,42.1,33.3,24.6,240,50.8,122,21.3,51,22.1,53,5.8,14,3.44,,6,12,73.1,R,,,41.1,55.9,94.3,2140.0,-5.9,-20.0,,,,,,24.8,86.4,2177.0,5.2,-34.6,10.4,86.4,2133.0,-8.2,-27.7,8.9,79.2,2312.0,7.5,-50.2,,,,,,,,,,,,,,,
"Maeda, Kenta",628317,2020,238,248,40,26,4,1,9,80,10,32.3,4.0,0.168,0.307,0.202,0.509,0.208,0.35,0.219,0.257,0.24,0.142,0.299,0.36,0.253,0.314,-0.04,-0.043,-0.038,2.75,85.3,10.8,31.0,11,7.0,2.5,19.0,25.3,39.9,5.1,24.7,74.312775844,92.194825425,69.5,19.7,39.6,55.5,44.5,122,220,56.4,556,72.2,7.3,80.3,59,299,43.6,430,41.5,409,34.9,52.6,289,281,416,986,64.5,34.2,44.9,20.9,158,49.4,78,18.4,29,22.2,35,10.1,16,2.7,,8,11,66.2,R,,,37.4,18.7,91.6,2270.0,-7.8,-17.1,7.1,90.8,2206.0,-15.8,-24.3,38.7,82.9,2504.0,3.2,-33.4,,,,,,3.4,78.5,2590.0,6.7,-52.9,2.7,87.2,2448.0,1.4,-27.9,29.3,84.5,1488.0,-12.6,-35.9,,,,,
"Civale, Aaron",650644,2020,291,312,82,51,17,3,11,69,16,22.1,5.1,0.282,0.474,0.324,0.798,0.265,0.436,0.339,0.322,0.309,0.171,0.413,0.39,0.366,0.346,0.017,0.038,0.017,4.42,87.1,10.4,36.6,15,6.7,6.3,27.2,23.2,30.8,4.9,33.5,75.989788288,93.101253964,62.7,17.2,29.2,40.6,59.4,73,180,51.4,617,66.3,7.7,82.8,63,366,48.6,584,46.0,552,24.9,45.5,110,722,368,1201,63.1,34.4,40.2,25.4,224,45.1,101,23.7,53,26.3,59,4.9,11,4.74,,7,12,74.0,R,,,46.9,2.2,91.2,2346.0,-3.9,-16.4,29.2,91.8,2270.0,-13.6,-20.6,9.5,82.3,2709.0,7.5,-42.0,9.2,85.3,2028.0,-15.4,-28.7,21.2,75.6,2840.0,12.1,-63.9,28.7,87.4,2499.0,5.1,-26.6,,,,,,,,,,
"Lamet, Dinelson",659275,2020,242,267,39,25,9,0,5,93,20,34.8,7.5,0.161,0.26,0.236,0.496,0.186,0.317,0.225,0.259,0.26,0.13,0.287,0.348,0.26,0.304,-0.025,-0.057,-0.034,2.79,88.7,16.9,34.7,11,7.3,8.0,21.3,32.0,30.0,1.3,40.0,77.445168667,94.21267604,63.4,20.1,30.8,59.5,40.5,94,158,49.0,513,74.2,6.3,79.9,68,338,51.0,533,42.1,440,32.7,47.4,0,487,559,1046,65.5,33.3,38.7,28.0,150,38.7,58,24.7,37,24.7,37,12.0,18,2.09,,6,12,69.0,R,,,45.0,37.3,97.0,2496.0,-6.2,-12.0,9.3,97.0,2442.0,-12.7,-12.9,53.4,86.5,2614.0,4.3,-34.4,,,,,,,,,,,,,,,,,,,,,,,,,
"Singer, Brady",663903,2020,236,263,52,37,6,1,8,61,23,23.2,8.7,0.22,0.356,0.293,0.649,0.231,0.368,0.285,0.301,0.306,0.137,0.325,0.349,0.294,0.313,-0.011,-0.012,-0.016,3.82,88.5,9.0,28.8,8,4.5,6.8,24.9,18.6,40.1,5.1,40.1,77.398455843,94.126124972,57.6,14.3,27.2,44.3,55.7,66,149,51.2,548,76.6,7.2,85.7,43,301,48.8,523,42.0,450,24.2,42.0,50,620,401,1071,60.5,33.3,41.2,25.4,177,53.7,95,22.0,39,20.3,36,4.0,7,4.06,,3,12,64.1,R,,,35.5,0.7,92.9,2196.0,-8.4,-19.1,57.2,93.3,2241.0,-13.7,-19.2,37.4,83.1,2387.0,4.8,-41.1,4.7,87.8,2164.0,-15.6,-24.9,,,,,,,,,,,,,,,,,,,,
"Valdez, Framber",664285,2020,263,288,63,49,6,3,5,76,16,26.4,5.6,0.24,0.342,0.293,0.635,0.239,0.378,0.279,0.301,0.298,0.14,0.343,0.378,0.332,0.34,0.001,-0.036,-0.022,3.82,91.4,-0.8,33.5,15,7.9,8.4,22.5,11.5,47.1,1.6,48.7,81.369185532,95.230895957,61.3,15.7,26.7,46.6,53.4,62,133,47.6,499,77.2,8.8,84.3,53,337,52.4,550,43.1,452,24.5,44.8,88,610,351,1049,59.7,31.4,41.4,27.2,191,60.2,115,14.7,28,24.1,46,1.0,2,3.57,,6,11,70.2,L,,,40.0,3.0,93.7,2330.0,3.4,-19.5,55.2,93.0,2249.0,12.7,-26.0,,,,,,8.4,88.6,1642.0,12.9,-32.7,33.5,80.5,2982.0,-13.2,-56.2,,,,,,,,,,,,,,,
"Gallen, Zac",668678,2020,262,291,55,40,6,0,9,82,25,28.2,8.6,0.21,0.336,0.284,0.62,0.225,0.369,0.275,0.296,0.298,0.144,0.336,0.371,0.306,0.329,-0.015,-0.033,-0.021,3.68,87.0,12.4,33.7,13,7.2,1.1,29.3,26.0,31.5,3.3,32.6,75.761361573,93.139621469,60.1,19.4,29.5,48.3,51.7,87,180,54.7,611,69.2,4.7,80.6,59,304,45.3,506,48.5,542,30.2,43.3,212,713,192,1117,64.9,45.3,31.5,23.2,181,47.0,85,21.0,38,24.3,44,7.7,14,2.75,,9,12,72.0,R,,,43.4,39.0,93.2,2378.0,-3.6,-14.0,0.2,92.9,2192.0,-13.8,-16.4,1.1,87.1,2421.0,7.1,-35.3,19.0,84.9,1530.0,-13.3,-34.7,16.1,81.2,2432.0,6.3,-50.9,24.6,87.0,2346.0,6.5,-32.8,,,,,,,,,,
"Bieber, Shane",669456,2020,275,297,46,33,6,0,7,122,21,41.1,7.1,0.167,0.265,0.229,0.494,0.185,0.319,0.222,0.251,0.247,0.134,0.329,0.391,0.301,0.338,-0.018,-0.054,-0.029,2.62,89.3,9.6,26.1,11,7.2,3.3,27.5,22.2,32.7,3.9,43.1,78.051342838,94.655112703,64.2,22.5,34.6,64.0,36.0,162,253,59.1,732,68.8,5.2,77.5,73,325,40.9,506,41.9,519,40.7,46.7,105,664,469,1238,63.0,38.6,39.2,22.2,153,48.4,74,19.0,29,25.5,39,7.2,11,1.63,,10,12,77.1,R,,,43.8,37.9,94.1,2357.0,-8.9,-12.6,,,,,,11.6,84.5,2551.0,1.3,-42.0,8.5,88.7,1665.0,-15.9,-29.9,26.3,83.6,2352.0,9.0,-53.6,15.8,89.2,2527.0,1.9,-24.9,,,,,,,,,,
"Wainwright, Adam",425794,2021,765,828,168,111,34,2,21,174,50,21.0,6.0,0.22,0.352,0.275,0.627,0.247,0.392,0.273,0.302,0.3,0.145,0.313,0.354,0.284,0.319,-0.027,-0.04,-0.029,3.84,88.2,10.0,34.3,37,6.2,5.7,26.1,22.0,36.6,3.2,35.6,77.656330068,93.426713667,60.7,12.2,27.3,37.7,62.8,159,422,50.5,1548,65.7,7.9,87.9,113,923,49.5,1520,45.5,1395,20.2,43.8,195,1826,1035,3068,64.4,40.0,37.1,22.9,595,48.7,290,21.5,128,25.4,151,4.4,26,3.05,,22,32,206.1,R,,,46.6,9.7,89.0,2231.0,-1.7,-19.9,28.1,89.1,2229.0,-12.7,-22.2,,,,,,6.4,82.7,1714.0,-13.8,-32.1,34.1,73.4,2835.0,16.6,-66.5,21.7,84.9,2409.0,6.4,-31.2,,,,,,,,,,
"Greinke, Zack",425844,2021,652,697,164,105,29,0,30,120,36,17.2,5.2,0.252,0.434,0.291,0.725,0.263,0.436,0.309,0.321,0.304,0.173,0.351,0.367,0.305,0.323,-0.011,-0.002,-0.012,4.38,88.3,10.6,35.3,35,6.5,5.8,25.2,23.6,34.1,4.8,35.4,77.616197191,93.635624981,66.4,12.4,28.8,40.4,59.6,162,401,54.1,1394,76.2,6.7,87.6,97,785,45.9,1183,42.9,1106,21.8,46.0,573,1175,812,2577,66.0,36.7,35.6,27.6,539,45.6,246,23.9,129,25.0,135,5.4,29,4.16,,15,30,171.0,R,,,47.5,40.0,88.9,2234.0,-1.3,-18.0,5.7,89.5,2156.0,-13.0,-23.1,15.2,83.6,2357.0,7.9,-36.0,22.3,86.4,1594.0,-12.8,-32.1,16.7,71.1,2358.0,11.3,-65.1,0.1,85.2,2097.0,5.6,-27.5,,,,,,,,,,
"Morton, Charlie",450203,2021,669,756,136,100,17,3,16,216,58,28.6,7.7,0.203,0.309,0.281,0.59,0.215,0.336,0.264,0.284,0.294,0.122,0.318,0.351,0.296,0.317,-0.012,-0.027,-0.02,3.37,88.1,7.7,29.9,23,4.9,5.6,26.5,20.4,37.2,4.9,32.5,77.626260088,93.368970396,64.5,19.4,27.8,51.2,48.8,214,418,50.4,1504,77.1,7.7,80.6,186,957,49.6,1483,43.4,1295,29.1,46.0,159,1732,1096,2987,58.2,38.3,34.4,27.3,465,49.5,230,20.0,93,25.2,117,5.4,25,3.34,,19,33,185.2,R,,,24.7,36.1,95.5,2340.0,-13.0,-17.5,13.3,94.6,2116.0,-17.4,-24.7,,,,,,5.3,86.4,2100.0,-18.0,-33.8,36.7,80.6,3053.0,16.6,-52.5,8.5,87.5,2425.0,2.5,-31.8,,,,,,,,,,
"Scherzer, Max",453286,2021,644,693,119,73,21,2,23,236,36,34.1,5.2,0.185,0.331,0.239,0.57,0.192,0.355,0.248,0.262,0.246,0.163,0.341,0.365,0.291,0.302,-0.007,-0.024,-0.014,2.85,87.9,19.3,33.6,33,8.0,5.8,22.4,35.3,23.1,5.1,34.3,76.620696404,93.694755975,71.0,25.9,29.8,54.7,45.3,227,415,49.4,1394,78.3,8.2,74.1,262,1013,50.6,1427,42.8,1207,34.2,50.6,421,1594,806,2821,64.1,36.0,36.7,27.3,411,35.0,144,32.4,133,22.6,93,10.0,41,2.46,,18,30,179.1,R,,,29.0,46.7,94.3,2436.0,-10.6,-14.8,,,,,,18.8,85.8,2269.0,2.9,-32.5,14.9,85.0,1446.0,-15.2,-33.9,9.8,76.9,2661.0,13.4,-54.4,9.8,90.0,2466.0,-0.7,-24.9,,,,,,,,,,
"Miley, Wade",489119,2021,627,690,166,112,35,2,17,125,50,18.1,7.2,0.265,0.408,0.321,0.729,0.249,0.401,0.317,0.312,0.307,0.153,0.355,0.349,0.329,0.311,0.016,0.007,0.005,4.12,85.7,8.0,31.8,31,6.1,6.8,22.1,18.6,38.1,8.2,34.2,73.012654016,93.173406821,70.4,18.8,30.7,32.5,67.5,149,458,57.6,1494,81.1,4.1,81.2,145,773,42.4,1098,46.6,1208,23.9,47.5,707,1658,226,2592,57.8,40.6,36.5,22.9,512,50.8,260,18.9,97,26.0,133,4.3,22,3.37,,15,28,163.0,L,,,54.1,16.2,89.9,2239.0,2.8,-17.1,1.2,88.7,2025.0,13.7,-22.5,5.2,79.2,2308.0,-11.5,-39.8,27.3,81.9,1807.0,14.8,-33.9,3.5,74.7,2384.0,-10.5,-57.7,46.5,85.4,2277.0,-4.0,-30.4,,,,,,,,,,
"Gibson, Kyle",502043,2021,675,754,158,107,32,2,17,155,64,20.6,8.5,0.234,0.363,0.306,0.669,0.238,0.37,0.293,0.302,0.311,0.132,0.326,0.339,0.301,0.308,-0.004,-0.007,-0.009,3.84,88.8,7.4,30.6,26,4.9,5.1,25.6,21.3,39.1,4.0,39.1,78.008978053,93.968936756,68.3,14.1,28.5,43.7,56.3,211,483,58.9,1697,77.6,5.0,86.0,114,809,41.1,1184,44.2,1272,25.2,44.8,385,1774,710,2881,59.4,39.5,41.9,18.6,527,52.4,276,18.4,97,23.7,125,5.5,29,3.71,,19,31,182.0,R,,,44.1,12.6,92.8,2292.0,-5.6,-15.5,34.0,92.3,2136.0,-14.9,-24.5,15.7,83.5,2514.0,5.7,-40.2,13.4,84.8,1641.0,-14.5,-33.9,9.0,79.4,2434.0,7.1,-51.7,15.0,89.5,2366.0,1.7,-26.0,,,,,,,,,,
"Darvish, Yu",506433,2021,623,681,138,70,35,5,28,199,44,29.2,6.5,0.222,0.429,0.279,0.708,0.203,0.374,0.301,0.28,0.265,0.171,0.394,0.361,0.322,0.299,0.019,0.055,0.021,3.27,88.2,16.6,35.1,38,8.8,7.4,21.2,30.5,27.9,3.7,34.9,78.08731436,93.203429953,66.6,19.5,26.2,49.9,50.1,170,341,47.1,1304,75.3,8.9,80.5,190,976,52.9,1465,43.9,1216,27.3,47.6,135,911,1091,2769,60.6,39.8,36.7,23.5,430,37.9,163,30.5,131,22.8,98,8.8,38,4.22,,13,30,166.1,R,,,46.5,22.1,94.5,2513.0,-6.3,-11.8,8.3,94.0,2402.0,-13.5,-18.3,31.0,86.2,2792.0,5.2,-35.6,,,,,,8.5,75.3,2714.0,9.3,-63.1,2.5,91.3,2664.0,1.5,-19.8,4.9,88.8,1455.0,-7.5,-27.9,,,,,
"Anderson, Tyler",542881,2021,648,703,170,107,30,6,27,134,38,19.1,5.4,0.262,0.452,0.301,0.753,0.254,0.428,0.319,0.315,0.296,0.174,0.374,0.369,0.326,0.32,0.008,0.024,0.004,4.21,87.0,18.2,35.7,45,8.5,5.7,23.2,30.9,23.6,7.7,33.0,75.112696758,93.471536654,73.0,19.7,33.4,31.5,68.5,130,413,47.6,1238,81.2,7.1,80.3,196,996,52.4,1364,44.9,1167,23.1,54.2,641,1920,40,2602,68.7,40.2,37.7,22.1,530,37.7,200,28.5,151,25.3,134,8.5,45,4.53,,11,31,167.0,L,,,43.2,37.3,90.6,2291.0,9.1,-15.2,10.3,88.9,2260.0,18.3,-27.8,0.9,80.0,2458.0,-3.2,-38.5,24.6,80.9,1835.0,12.9,-28.2,0.7,73.7,2426.0,-5.9,-56.1,26.2,85.2,2489.0,-2.1,-27.5,,,,,,,,,,
"Cole, Gerrit",543037,2021,677,726,151,99,27,1,24,243,41,33.5,5.6,0.223,0.372,0.267,0.639,0.205,0.369,0.276,0.272,0.252,0.164,0.387,0.381,0.343,0.318,0.018,0.003,0.004,3.08,88.7,12.5,33.0,43,9.8,3.9,24.5,26.8,31.1,3.6,38.6,77.565526758,94.105607466,66.8,24.7,32.0,46.0,54.0,225,489,51.4,1527,77.1,8.4,75.3,238,963,48.6,1442,42.4,1260,31.9,48.9,421,1424,1124,2969,66.8,31.4,42.5,26.1,440,42.7,188,28.2,124,22.5,99,6.6,29,3.23,,18,30,181.1,R,,,40.6,47.1,97.7,2452.0,-12.0,-10.9,0.8,97.7,2375.0,-16.8,-14.3,22.2,88.4,2600.0,5.3,-34.4,14.2,89.8,1719.0,-15.8,-24.0,15.7,83.4,2800.0,10.5,-51.6,,,,,,,,,,,,,,,
"DeSclafani, Anthony",543101,2021,626,676,141,98,22,2,19,152,42,22.5,6.2,0.225,0.358,0.276,0.634,0.237,0.416,0.276,0.305,0.288,0.178,0.326,0.368,0.297,0.314,-0.012,-0.058,-0.029,3.92,88.9,11.6,32.7,39,8.1,5.2,22.9,24.8,32.3,6.5,38.8,77.778434661,94.264522633,68.5,16.2,27.7,45.7,54.5,156,341,48.1,1230,77.1,8.5,83.8,147,910,51.9,1328,41.8,1068,24.2,48.9,269,1168,1121,2558,67.0,33.8,39.8,26.5,480,45.0,216,25.8,124,22.5,108,6.7,32,3.17,,15,31,167.2,R,,,40.7,27.0,94.1,2265.0,-9.6,-14.6,18.7,94.0,2091.0,-15.5,-19.7,35.7,87.9,2198.0,4.1,-30.5,10.5,88.2,1583.0,-15.7,-30.1,8.1,83.0,1964.0,6.3,-46.0,,,,,,,,,,,,,,,
"Eovaldi, Nathan",543135,2021,719,764,182,109,54,4,15,195,35,25.5,4.6,0.253,0.402,0.294,0.696,0.235,0.373,0.298,0.285,0.278,0.137,0.379,0.359,0.346,0.323,0.018,0.029,0.013,3.39,88.0,12.8,37.0,33,6.3,6.5,24.7,25.6,32.8,4.2,36.4,76.964025856,93.6398384,69.0,18.2,30.4,47.4,52.6,190,401,45.0,1318,75.7,8.2,81.8,202,1110,55.0,1609,44.0,1288,25.9,51.6,371,1605,951,2927,65.3,31.5,38.0,30.6,527,42.7,225,23.1,122,25.6,135,8.5,45,3.75,,13,32,182.1,R,,,36.8,42.3,96.8,2113.0,-12.2,-14.9,,,,,,13.7,85.8,2156.0,6.0,-35.1,,,,,,18.8,78.5,2086.0,9.9,-55.0,12.6,92.5,2278.0,0.5,-20.3,12.7,87.9,1537.0,-11.0,-33.6,,,,,
"Hendricks, Kyle",543294,2021,719,785,200,121,43,5,31,131,44,16.7,5.6,0.278,0.481,0.33,0.811,0.27,0.458,0.345,0.338,0.323,0.188,0.389,0.38,0.338,0.33,0.008,0.023,0.007,4.92,86.3,11.1,37.4,50,8.4,4.7,28.3,22.3,28.5,7.9,33.0,74.205278373,93.217965246,65.8,15.3,32.5,29.4,70.6,138,470,51.5,1448,79.9,6.7,84.7,137,896,48.5,1361,48.0,1347,20.1,48.6,778,1702,329,2809,67.8,37.0,37.2,25.8,597,44.6,266,22.3,133,25.3,151,7.9,47,4.77,,19,32,181.0,R,,,46.4,18.0,87.3,1941.0,-6.9,-20.5,42.6,87.3,1828.0,-13.7,-26.5,,,,,,27.7,80.0,2008.0,-13.2,-32.0,11.7,73.2,2844.0,14.9,-63.4,,,,,,,,,,,,,,,
"Lyles, Jordan",543475,2021,697,769,194,119,34,3,38,146,56,19.0,7.3,0.278,0.499,0.335,0.834,0.27,0.486,0.354,0.35,0.329,0.216,0.408,0.403,0.348,0.339,0.008,0.013,0.004,5.33,89.9,15.3,35.5,51,9.1,6.6,26.8,27.7,24.5,5.4,41.6,79.618644051,94.390029088,70.3,15.2,27.8,43.1,56.9,184,427,51.9,1538,77.5,7.2,84.8,152,1002,48.1,1426,42.1,1247,23.5,48.2,216,1517,811,2964,59.4,42.0,35.9,22.1,560,38.8,217,29.5,165,25.0,140,6.8,38,5.15,,13,32,180.0,R,,,45.1,39.4,93.0,2278.0,-7.0,-13.6,9.0,91.6,2200.0,-13.4,-20.2,9.2,84.9,2705.0,5.9,-37.6,7.3,86.4,1595.0,-13.7,-27.4,18.2,80.3,2619.0,6.9,-57.4,2.8,86.3,2541.0,5.6,-35.0,,,,,,,,,,
"Ryu, Hyun Jin",547943,2021,658,701,170,105,38,3,24,143,37,20.4,5.3,0.258,0.435,0.299,0.734,0.259,0.442,0.313,0.322,0.301,0.183,0.371,0.383,0.328,0.332,-0.001,-0.007,-0.009,4.42,89.6,9.8,33.7,44,8.5,4.8,25.2,22.2,34.9,4.2,41.6,78.898751797,94.364837227,64.7,16.4,30.5,35.7,64.3,148,414,50.4,1356,76.6,5.7,83.6,141,862,49.6,1333,46.7,1255,22.6,47.5,680,1659,350,2689,63.9,36.8,39.7,23.5,519,47.2,245,22.9,119,24.3,126,5.6,29,4.37,,13,31,169.0,L,,,40.4,34.9,89.9,1943.0,11.8,-21.0,1.4,89.8,1932.0,18.8,-24.4,0.5,79.8,2059.0,-3.1,-42.1,25.3,79.9,1511.0,14.0,-36.2,12.5,73.9,2511.0,-11.7,-64.2,25.4,86.3,1997.0,0.4,-28.2,,,,,,,,,,
"Wheeler, Zack",554430,2021,785,849,169,121,29,3,16,247,46,29.1,5.4,0.215,0.321,0.265,0.586,0.213,0.319,0.257,0.259,0.263,0.106,0.331,0.335,0.312,0.31,0.002,0.002,-0.002,2.79,84.6,8.4,31.2,25,4.6,3.6,23.7,19.2,39.1,9.5,28.5,71.902242948,92.688965373,72.2,20.4,30.4,42.7,57.3,202,473,48.5,1556,81.3,8.0,79.7,243,1190,51.5,1649,44.4,1424,26.8,51.9,117,2746,342,3205,66.8,35.8,35.8,28.5,548,50.9,279,16.2,89,24.3,133,8.6,47,2.78,,20,32,213.1,R,,,37.6,42.4,97.2,2388.0,-7.6,-13.1,18.3,96.7,2199.0,-15.7,-17.9,,,,,,3.7,90.5,1571.0,-13.9,-23.6,10.7,81.5,2638.0,9.8,-52.9,25.0,91.5,2391.0,2.3,-26.6,,,,,,,,,,
"Corbin, Patrick",571578,2021,672,751,192,119,32,4,37,143,60,19.0,8.0,0.286,0.51,0.345,0.855,0.277,0.497,0.362,0.358,0.338,0.22,0.421,0.415,0.36,0.35,0.009,0.013,0.004,5.62,89.4,9.0,32.9,50,9.2,6.4,25.4,18.4,34.0,6.6,41.2,78.148020906,94.634299585,67.0,12.4,32.1,46.5,53.7,225,484,54.9,1509,76.4,6.6,87.6,103,832,45.1,1241,43.0,1183,24.9,47.9,116,1550,1084,2750,66.0,34.9,36.9,28.1,544,48.3,263,23.9,130,24.1,131,3.7,20,5.82,,13,31,171.2,L,,,47.0,27.6,92.2,2149.0,8.1,-17.1,28.7,92.6,2096.0,13.9,-19.4,38.4,80.7,2216.0,-3.5,-41.5,4.2,81.5,1619.0,10.4,-28.3,1.0,65.2,1782.0,-3.7,-65.7,,,,,,,,,,,,,,,
"Keuchel, Dallas",572971,2021,652,720,189,125,34,5,25,95,59,13.2,8.2,0.29,0.472,0.355,0.827,0.297,0.499,0.356,0.373,0.361,0.202,0.377,0.399,0.339,0.347,-0.007,-0.027,-0.017,6.19,88.3,5.0,34.4,50,9.0,4.8,26.7,15.1,39.1,5.2,39.8,76.12819018,94.346269387,66.2,13.1,28.2,34.7,65.3,154,444,57.9,1577,75.4,4.2,86.9,100,761,42.1,1149,43.8,1195,21.1,44.2,779,1755,192,2726,59.4,42.1,39.6,18.3,558,54.8,306,18.8,105,22.4,125,3.9,22,5.28,,9,32,162.0,L,,,46.8,2.1,89.0,2210.0,5.2,-19.7,37.9,87.8,1985.0,14.7,-30.1,7.0,77.8,2374.0,-6.8,-44.5,28.6,79.6,1630.0,14.7,-37.9,,,,,,24.4,85.1,2213.0,-1.7,-29.6,,,,,,,,,,
"Stroman, Marcus",573186,2021,665,729,161,118,23,3,17,158,43,21.7,5.9,0.242,0.362,0.292,0.654,0.258,0.42,0.284,0.318,0.309,0.162,0.332,0.381,0.313,0.337,-0.016,-0.058,-0.034,4.3,89.1,6.3,33.6,34,6.5,6.0,25.0,17.3,37.6,7.3,42.0,77.468444661,94.596511195,66.3,16.3,31.6,48.0,52.0,213,444,51.3,1405,79.8,6.9,83.7,144,886,48.7,1336,42.2,1156,26.8,48.5,441,1646,55,2741,62.1,37.2,37.4,25.3,521,52.6,274,20.0,104,24.6,128,2.9,15,3.02,,16,33,179.0,R,,,38.9,2.6,92.6,2438.0,-4.3,-18.6,42.0,91.9,2284.0,-9.8,-27.9,1.6,87.2,2643.0,4.1,-38.7,,,,,,0.4,74.9,2514.0,16.5,-51.0,15.4,89.9,2585.0,1.9,-28.2,16.1,86.1,1634.0,-12.1,-35.2,,,,,
"Gausman, Kevin",592332,2021,715,775,150,97,29,4,20,227,50,29.3,6.5,0.21,0.345,0.264,0.609,0.228,0.388,0.265,0.291,0.281,0.16,0.341,0.383,0.305,0.333,-0.018,-0.043,-0.026,3.55,89.1,12.1,30.6,35,7.1,6.1,26.7,24.3,30.0,5.5,40.9,77.914911777,94.447687867,71.4,22.4,32.7,51.4,48.6,249,484,49.2,1478,82.2,8.8,77.6,244,1088,50.8,1524,43.6,1308,31.4,52.4,1233,1583,186,3002,63.6,34.6,35.6,29.8,494,42.7,211,28.1,139,23.3,115,5.9,29,2.81,,20,33,192.0,R,,,41.3,52.7,94.6,2283.0,-10.4,-14.2,,,,,,6.2,82.0,2197.0,1.9,-39.2,5.6,83.8,1641.0,-11.2,-27.2,,,,,,,,,,,35.5,83.6,1527.0,-12.4,-37.0,,,,,
"Ray, Robbie",592662,2021,714,773,150,83,31,3,33,248,52,32.1,6.7,0.21,0.401,0.267,0.668,0.215,0.401,0.287,0.293,0.273,0.186,0.39,0.4,0.321,0.33,-0.005,0.0,-0.006,3.6,90.4,17.6,34.3,46,9.8,6.0,23.5,30.9,26.9,2.6,43.1,79.567923906,94.918518906,73.1,22.7,30.2,56.2,43.8,262,466,49.2,1545,84.1,8.8,77.3,265,1166,50.8,1596,41.3,1297,32.3,52.0,113,1869,1159,3141,61.6,38.4,36.5,25.2,469,37.3,175,29.4,138,23.7,111,9.6,45,2.84,,23,32,193.1,L,,,46.4,59.2,94.8,2272.0,8.2,-13.5,0.3,95.1,2293.0,13.0,-15.8,30.8,88.6,2186.0,-1.0,-27.6,3.6,88.2,1726.0,10.2,-21.8,6.1,82.5,2125.0,-1.3,-40.2,,,,,,,,,,,,,,,
"Montas, Frankie",593423,2021,707,778,164,108,33,3,20,207,57,26.6,7.3,0.232,0.372,0.294,0.666,0.231,0.404,0.29,0.305,0.295,0.174,0.359,0.382,0.325,0.326,0.001,-0.032,-0.015,3.92,89.3,11.6,34.4,44,8.7,8.3,24.5,20.8,31.4,5.7,42.3,77.996835422,94.578879859,70.2,20.9,32.5,46.6,53.4,240,515,52.3,1583,80.4,7.2,79.1,212,1014,47.7,1445,43.6,1321,29.6,50.5,676,1987,365,3028,65.2,36.8,36.6,26.7,506,43.5,220,25.3,128,26.1,132,5.1,26,3.37,,20,32,187.0,R,,,51.5,29.9,96.4,2395.0,-7.2,-12.0,28.4,96.2,2307.0,-14.9,-15.5,12.1,88.0,2478.0,5.6,-30.8,,,,,,,,,,,7.4,90.4,2446.0,4.2,-26.8,22.3,87.5,1595.0,-11.5,-31.7,,,,,
"Musgrove, Joe",605397,2021,667,748,142,89,27,4,22,203,54,27.1,7.2,0.213,0.364,0.287,0.651,0.233,0.392,0.284,0.305,0.305,0.159,0.345,0.38,0.302,0.331,-0.02,-0.028,-0.021,3.92,87.8,11.6,33.8,34,7.2,5.1,27.5,24.1,31.3,4.2,38.5,76.746073648,93.540208734,63.4,18.5,30.9,52.8,47.4,244,462,50.9,1494,65.0,7.6,81.7,169,915,49.1,1444,41.2,1209,30.0,46.9,142,1282,1514,2938,60.8,39.1,38.3,22.6,473,45.0,213,26.8,127,22.0,104,6.1,29,3.18,,15,32,181.1,R,,,36.2,20.3,93.3,2600.0,-5.0,-18.6,5.1,93.2,2471.0,-10.5,-24.8,27.8,84.1,2784.0,14.0,-40.5,4.8,87.1,2069.0,-9.2,-31.5,23.8,82.1,2808.0,11.0,-54.7,18.2,90.6,2633.0,1.7,-24.9,,,,,,,,,,
"Nola, Aaron",605400,2021,696,749,165,105,29,5,26,223,39,29.8,5.2,0.237,0.405,0.286,0.691,0.22,0.383,0.297,0.285,0.27,0.163,0.396,0.378,0.347,0.323,0.017,0.022,0.012,3.39,88.9,14.4,33.3,34,7.1,5.4,27.2,29.1,27.4,3.6,37.4,78.080159789,94.04703055,66.5,20.0,30.9,45.9,54.1,205,447,48.7,1446,73.1,7.5,80.0,203,1014,51.3,1525,45.2,1342,27.9,49.2,589,1581,801,2971,66.6,42.1,35.8,22.2,478,41.6,199,27.0,129,24.1,115,7.3,35,4.63,,11,32,180.2,R,,,23.1,37.5,92.9,2198.0,-13.3,-17.6,14.2,92.0,2137.0,-17.5,-23.5,,,,,,19.8,85.2,1511.0,-15.0,-35.6,27.0,78.5,2529.0,14.6,-55.1,1.5,86.7,2179.0,1.0,-28.7,,,,,,,,,,
"Woodruff, Brandon",605540,2021,650,708,130,93,16,3,18,211,43,29.8,6.1,0.2,0.317,0.256,0.573,0.223,0.355,0.252,0.28,0.278,0.132,0.322,0.366,0.293,0.329,-0.023,-0.038,-0.028,3.27,86.2,10.6,36.0,26,5.8,5.4,25.3,24.8,31.5,7.2,32.7,73.412163318,93.487917153,68.5,23.2,32.1,39.8,60.2,172,432,47.9,1345,78.8,8.5,76.8,233,1004,52.1,1465,43.6,1224,28.2,51.1,399,1698,713,2810,66.0,31.8,41.8,26.4,447,43.4,194,22.6,101,27.5,123,6.5,29,2.56,,20,30,179.1,R,,,42.7,33.7,96.5,2356.0,-6.3,-12.7,26.8,96.2,2288.0,-13.9,-16.8,8.6,86.5,2553.0,3.8,-39.2,14.2,86.5,1906.0,-14.7,-29.7,16.8,83.8,2644.0,4.5,-51.2,,,,,,,,,,,,,,,
"Fried, Max",608331,2021,612,667,139,94,28,2,15,158,41,23.7,6.1,0.227,0.353,0.282,0.635,0.23,0.364,0.278,0.288,0.286,0.134,0.33,0.344,0.304,0.309,-0.003,-0.011,-0.01,3.47,86.5,6.1,31.2,29,6.3,3.0,23.2,19.7,39.5,8.0,34.3,74.686843214,93.192413445,68.9,16.3,27.1,48.8,51.2,161,330,47.7,1219,77.1,8.0,83.7,150,923,52.3,1339,43.8,1121,24.8,49.0,55,1284,1207,2558,64.6,37.5,37.7,24.7,461,53.8,248,20.6,95,20.6,95,5.0,23,3.04,,19,28,165.2,L,,,54.4,38.8,94.0,2114.0,1.4,-18.1,11.4,93.5,1996.0,10.6,-20.8,21.5,84.8,2481.0,-8.7,-37.7,2.2,84.7,1411.0,11.8,-32.5,25.6,74.4,2650.0,-8.3,-65.3,,,,,,,,,,,,,,,
"Giolito, Lucas",608337,2021,662,719,145,87,27,4,27,201,51,28.0,7.1,0.219,0.394,0.276,0.67,0.217,0.369,0.288,0.281,0.275,0.151,0.367,0.357,0.313,0.311,0.002,0.025,0.007,3.3,87.7,18.3,37.4,31,6.7,7.3,24.9,30.8,24.3,5.4,34.2,76.832555895,93.323217926,71.8,24.1,28.7,52.8,47.2,223,422,49.4,1468,77.0,8.6,75.9,260,1078,50.6,1502,41.6,1237,32.2,50.5,944,1303,723,2970,59.9,42.2,34.0,23.9,465,34.2,159,26.9,125,27.7,129,11.2,52,3.53,,15,31,178.2,R,,,56.5,43.9,93.8,2345.0,-6.7,-12.0,,,,,,21.5,85.6,2028.0,2.7,-32.5,31.8,81.5,1492.0,-10.2,-28.2,2.8,80.6,2386.0,6.5,-52.5,,,,,,,,,,,,,,,
"Irvin, Cole",608344,2021,710,768,195,136,35,1,23,125,42,16.3,5.5,0.275,0.424,0.322,0.746,0.277,0.451,0.323,0.338,0.326,0.174,0.359,0.379,0.332,0.337,-0.002,-0.027,-0.015,4.92,89.3,16.2,35.9,43,7.3,6.8,28.4,27.7,26.2,3.6,39.3,78.890512423,94.048238838,71.9,15.6,29.9,29.8,70.2,113,379,47.3,1268,83.4,8.5,84.4,159,1016,52.7,1414,46.0,1233,19.5,52.0,589,1616,477,2682,65.2,32.3,39.1,28.6,591,38.6,228,26.2,155,27.7,164,7.4,44,4.24,,15,32,178.1,L,,,47.1,40.6,90.8,1957.0,8.2,-16.6,19.1,90.5,1887.0,14.3,-20.9,14.5,83.0,2006.0,-2.5,-38.0,22.0,84.2,1584.0,12.8,-29.5,3.3,76.9,2056.0,-3.9,-51.9,0.5,85.5,2011.0,-1.9,-31.3,,,,,,,,,,
"Márquez, Germán",608566,2021,682,756,165,108,35,1,21,176,64,23.3,8.5,0.242,0.389,0.311,0.7,0.247,0.394,0.303,0.31,0.316,0.147,0.36,0.371,0.326,0.334,-0.005,-0.005,-0.007,4.06,88.9,5.2,32.5,27,5.3,5.9,28.2,16.0,37.8,5.9,39.3,78.131276787,94.098144266,69.2,16.5,25.7,56.8,43.2,200,352,49.2,1371,75.5,8.5,83.5,162,980,50.8,1417,40.9,1140,27.2,47.8,58,1474,1256,2788,57.8,37.8,40.9,21.3,511,52.8,270,20.5,105,23.7,121,2.9,15,4.4,,17,32,180.0,R,,,40.2,45.5,94.8,2078.0,-6.0,-18.6,7.4,94.0,2057.0,-12.5,-21.6,26.9,86.2,2420.0,1.5,-34.9,2.1,86.1,1670.0,-10.8,-29.1,18.2,85.2,2683.0,4.0,-40.3,,,,,,,,,,,,,,,
"Buehler, Walker",621111,2021,747,815,149,92,36,2,19,212,52,26.0,6.4,0.199,0.329,0.256,0.585,0.213,0.347,0.255,0.271,0.27,0.134,0.31,0.335,0.277,0.297,-0.014,-0.018,-0.016,3.06,88.2,11.1,29.2,37,6.8,5.5,21.7,25.5,33.2,6.8,37.1,76.924388075,93.913201664,67.2,17.7,30.2,47.0,53.0,218,464,48.7,1536,78.2,7.6,82.4,192,1086,51.3,1616,43.9,1385,26.5,49.2,151,2147,416,3152,65.4,35.4,40.6,24.0,545,46.2,252,25.1,137,21.8,119,6.8,37,2.47,,27,33,207.2,R,,,50.7,44.7,95.3,2472.0,-3.0,-12.0,7.4,95.3,2341.0,-13.3,-16.6,0.0,80.9,2787.0,10.9,-56.7,4.8,91.5,1522.0,-13.0,-27.1,13.2,80.1,2861.0,10.7,-57.7,16.0,91.6,2615.0,6.0,-24.0,,,,,,,,,,
"McCullers Jr., Lance",621121,2021,596,684,122,80,26,3,13,185,76,27.0,11.1,0.205,0.324,0.305,0.629,0.205,0.314,0.283,0.284,0.305,0.109,0.324,0.325,0.296,0.297,0.0,0.01,-0.001,3.37,89.8,5.1,25.9,22,5.3,5.3,22.8,19.9,44.8,1.9,40.7,79.44787034,94.33949129,59.4,16.6,26.1,57.2,42.8,222,388,53.4,1489,69.2,7.6,83.4,128,771,46.6,1299,38.7,1078,30.2,41.6,383,996,1409,2788,55.6,35.1,37.0,27.8,413,56.9,235,19.9,82,19.9,82,3.4,14,3.16,,15,28,162.1,R,,,31.4,,,,,,34.0,93.9,2115.0,-13.7,-24.9,25.6,86.0,2797.0,13.7,-32.5,13.7,85.8,1682.0,-17.2,-37.6,25.0,84.2,2923.0,11.9,-49.2,1.7,89.4,2574.0,3.7,-28.6,,,,,,,,,,
"Berríos, José",621244,2021,714,781,159,94,40,3,22,204,45,26.1,5.8,0.223,0.38,0.281,0.661,0.238,0.412,0.286,0.312,0.298,0.173,0.352,0.39,0.309,0.335,-0.015,-0.032,-0.026,4.12,88.4,12.4,36.6,47,9.1,6.2,22.8,23.8,31.9,6.2,38.3,76.730793307,94.151290078,63.7,16.5,31.1,37.6,62.4,183,487,51.4,1564,67.9,8.0,83.5,155,942,48.6,1479,42.3,1286,23.7,47.0,402,1712,0,3043,64.5,40.2,35.4,24.4,517,43.7,226,23.4,121,26.9,139,6.0,31,3.52,,17,32,192.0,R,,,38.2,26.7,94.1,2231.0,-9.9,-16.5,29.6,93.8,2135.0,-16.2,-19.8,,,,,,13.2,84.8,1521.0,-13.9,-33.6,,,,,,,,,,,,,,,,,,,,
"Castillo, Luis",622491,2021,711,803,181,121,34,7,19,192,75,23.9,9.3,0.255,0.402,0.331,0.733,0.229,0.346,0.318,0.293,0.309,0.118,0.379,0.341,0.347,0.313,0.026,0.056,0.025,3.6,87.7,4.2,28.7,24,4.5,4.0,24.2,17.0,43.7,6.2,36.9,76.302691128,93.565481809,71.0,21.6,30.5,43.4,56.8,225,519,53.7,1699,76.9,6.7,78.4,225,1040,46.3,1465,44.9,1420,28.9,49.3,964,1650,550,3164,59.6,33.6,41.8,24.6,529,57.8,306,17.0,90,21.6,114,3.6,19,3.98,,18,33,187.2,R,,,18.1,28.5,97.1,2325.0,-11.3,-16.2,23.6,97.3,2142.0,-17.6,-24.5,17.4,86.4,2441.0,0.5,-36.8,30.5,88.3,1971.0,-16.8,-34.1,,,,,,,,,,,,,,,,,,,,
"Flexen, Chris",623167,2021,690,741,185,127,34,5,19,125,40,16.9,5.4,0.268,0.414,0.309,0.723,0.258,0.433,0.311,0.319,0.301,0.175,0.349,0.36,0.323,0.314,0.01,-0.019,-0.008,4.32,89.5,11.5,33.9,36,6.3,6.5,24.5,26.7,32.0,3.7,38.1,79.435135442,94.030639187,71.7,14.1,28.7,32.0,68.0,131,410,50.9,1431,81.6,7.3,85.9,139,989,49.1,1380,43.5,1222,19.3,49.8,431,1950,430,2811,63.4,35.8,36.7,27.4,572,43.0,246,28.1,161,24.1,138,4.7,27,3.61,,15,31,179.2,R,,,67.2,40.0,92.8,2107.0,-2.0,-13.5,,,,,,,,,,,15.3,82.7,1326.0,-12.2,-30.2,15.3,77.2,2708.0,7.9,-59.1,29.4,89.1,2299.0,5.0,-27.0,,,,,,,,,,
"Urías, Julio",628711,2021,691,745,151,99,33,0,19,195,38,26.2,5.1,0.219,0.349,0.266,0.615,0.217,0.366,0.266,0.274,0.265,0.149,0.334,0.346,0.303,0.302,0.002,-0.017,-0.008,3.13,86.0,15.5,31.7,27,5.3,5.3,25.9,29.1,25.5,8.1,30.3,74.37826752,92.763477541,67.3,18.7,32.2,38.2,61.8,156,408,45.5,1269,74.6,8.6,81.3,191,1021,54.5,1517,43.8,1219,24.3,51.3,483,1349,0,2786,70.7,34.9,40.6,24.6,505,42.4,214,28.9,146,20.8,105,7.9,40,2.96,,13,32,185.2,L,,,47.9,48.3,94.1,2499.0,3.8,-13.5,0.1,94.7,2481.0,10.2,-13.3,,,,,,17.3,86.8,1921.0,14.6,-28.9,,,,,,,,,,,,,,,,,,,,
"Manaea, Sean",640455,2021,702,754,179,119,33,2,25,194,41,25.7,5.4,0.255,0.415,0.304,0.719,0.245,0.42,0.31,0.312,0.296,0.175,0.391,0.393,0.352,0.339,0.01,-0.005,-0.002,4.12,90.2,13.3,34.5,41,8.0,7.8,24.7,24.7,30.0,4.7,41.2,79.634341937,94.771894139,71.3,22.3,27.6,42.0,58.0,157,374,45.4,1353,81.2,8.9,77.7,259,1160,54.6,1627,42.4,1264,27.1,51.5,724,1791,444,2980,66.6,36.9,40.2,22.9,510,42.7,218,24.7,126,24.9,127,7.6,39,3.91,,15,32,179.1,L,,,32.8,0.7,92.2,1958.0,7.7,-18.8,59.4,92.1,1997.0,13.9,-20.1,14.9,82.8,2010.0,-4.4,-37.2,24.3,84.5,1371.0,12.2,-31.7,,,,,,,,,,,,,,,,,,,,
"Mahle, Tyler",641816,2021,674,759,158,100,31,3,24,210,64,27.7,8.4,0.234,0.396,0.309,0.705,0.225,0.366,0.308,0.298,0.302,0.14,0.385,0.369,0.339,0.328,0.009,0.03,0.01,3.73,87.8,13.3,34.1,31,6.5,4.4,26.9,26.1,30.1,5.7,34.3,77.107022328,93.357444017,66.3,21.9,25.9,43.8,56.3,189,432,52.2,1669,79.2,6.0,78.1,222,1013,47.8,1527,45.4,1451,28.4,45.2,506,1855,835,3196,63.9,37.7,36.0,26.3,475,44.0,209,24.8,118,23.6,112,7.6,36,3.75,,12,33,180.0,R,,,39.8,53.0,94.0,2336.0,-12.1,-13.9,,,,,,26.1,86.8,2535.0,2.9,-29.4,,,,,,,,,,,5.0,86.5,2432.0,2.0,-27.9,15.8,86.4,1841.0,-14.5,-28.4,,,,,
"Alcantara, Sandy",645261,2021,768,837,171,107,40,3,21,201,50,24.0,6.0,0.223,0.365,0.278,0.643,0.228,0.374,0.279,0.289,0.284,0.146,0.334,0.35,0.3,0.308,-0.005,-0.009,-0.01,3.5,87.6,4.5,29.9,35,6.1,6.1,22.6,19.4,40.3,5.6,39.4,75.365831333,93.983632175,71.4,19.5,33.9,45.4,54.6,230,507,48.3,1495,80.5,7.9,80.5,223,1143,51.7,1600,43.6,1349,27.5,53.3,728,2285,82,3095,64.0,39.4,38.2,22.4,576,54.0,311,20.5,118,21.2,122,4.3,25,3.19,,23,33,205.2,R,,,35.1,21.6,98.1,2239.0,-10.6,-14.8,28.2,97.6,2324.0,-17.3,-21.5,2.6,84.0,2391.0,3.5,-42.5,23.5,91.8,2005.0,-16.1,-29.2,,,,,,24.0,90.4,2361.0,-1.3,-30.1,,,,,,,,,,
"Cease, Dylan",656302,2021,623,708,139,94,22,3,20,226,68,31.9,9.6,0.223,0.364,0.306,0.67,0.206,0.368,0.295,0.295,0.293,0.163,0.383,0.384,0.344,0.323,0.017,-0.004,0.0,3.65,89.2,18.5,37.0,40,9.9,6.7,23.7,29.9,25.2,4.7,38.8,78.65144905,94.13969505,67.0,25.9,28.8,52.5,47.5,237,451,52.9,1565,72.3,6.8,74.1,241,932,47.1,1392,40.0,1183,34.6,46.8,213,1388,1343,2957,58.3,33.1,37.5,29.4,405,34.6,140,31.4,127,24.4,99,9.6,39,3.91,,10,32,165.2,R,,,54.0,46.9,96.6,2539.0,-4.5,-10.6,,,,,,30.2,85.9,2877.0,6.9,-38.0,7.2,78.0,1641.0,-7.3,-29.3,15.2,79.9,2754.0,5.3,-61.7,,,,,,,,,,,,,,,
"Burnes, Corbin",669203,2021,612,657,123,96,17,3,7,234,34,35.6,5.2,0.201,0.273,0.248,0.521,0.18,0.261,0.232,0.221,0.229,0.082,0.325,0.307,0.322,0.289,0.021,0.012,0.011,2.04,85.5,8.4,29.5,12,3.1,4.7,22.7,25.8,37.9,5.2,30.5,73.534577884,92.749467427,64.9,22.9,35.6,59.8,40.2,298,498,53.9,1397,75.1,6.7,77.5,178,777,46.1,1197,42.1,1093,37.3,49.2,248,1635,711,2594,62.4,37.6,38.6,23.8,383,50.1,192,22.2,85,21.9,84,5.7,22,2.43,,18,28,167.0,R,,,41.9,1.3,96.6,2615.0,-5.5,-14.9,9.4,96.8,2552.0,-11.8,-17.2,9.2,88.0,2862.0,7.6,-35.4,9.6,90.7,1872.0,-13.9,-25.9,18.2,81.2,2866.0,11.3,-49.3,52.3,95.2,2767.0,4.2,-18.7,,,,,,,,,,
"Wainwright, Adam",425794,2022,736,803,192,138,35,3,16,143,54,17.8,6.7,0.261,0.382,0.315,0.697,0.27,0.433,0.306,0.332,0.326,0.163,0.341,0.375,0.321,0.335,-0.009,-0.051,-0.026,4.55,87.8,11.0,37.4,39,6.5,6.7,27.4,24.2,30.9,4.2,36.6,76.636927659,93.594969883,61.6,10.8,25.4,31.5,68.5,126,400,50.2,1572,68.3,7.3,89.2,104,962,49.8,1561,44.3,1388,16.9,43.5,189,1948,963,3133,62.6,41.1,35.1,23.9,599,43.7,262,25.2,151,26.5,159,4.5,27,3.71,,16,32,191.2,R,,,46.2,9.3,88.0,2235.0,-1.3,-20.1,27.9,88.6,2200.0,-13.0,-22.8,0.1,75.3,2682.0,18.6,-54.2,6.0,82.2,1764.0,-14.3,-32.4,31.7,72.8,2768.0,16.1,-67.5,25.0,84.3,2411.0,6.3,-32.1,,,,,,,,,,
"Verlander, Justin",434378,2022,625,666,116,88,15,1,12,185,29,27.8,4.4,0.186,0.27,0.227,0.497,0.206,0.342,0.222,0.258,0.247,0.136,0.277,0.331,0.261,0.291,-0.02,-0.072,-0.036,2.66,87.8,16.9,32.5,28,6.3,4.9,23.3,32.1,28.0,5.2,34.8,77.135794344,93.330588186,74.2,18.5,32.2,38.0,62.0,156,410,48.9,1275,77.0,7.5,81.5,183,989,51.1,1332,46.1,1203,24.2,53.7,63,1315,1229,2607,62.0,30.7,40.1,29.1,446,38.6,172,28.5,127,21.1,94,11.9,53,1.75,,21,28,175.0,R,,,52.3,50.4,95.0,2423.0,-9.5,-11.4,0.0,94.6,2325.0,-14.4,-15.3,28.3,87.4,2464.0,4.0,-31.0,2.4,86.2,1756.0,-15.7,-26.5,18.8,79.0,2644.0,6.9,-55.3,,,,,,,,,,,,,,,
"Kluber, Corey",446372,2022,650,689,178,123,32,3,20,139,21,20.2,3.0,0.274,0.425,0.304,0.729,0.261,0.434,0.316,0.316,0.294,0.173,0.378,0.377,0.344,0.331,0.013,-0.009,0.0,4.08,87.1,18.5,35.8,36,6.9,6.4,26.6,27.6,26.8,5.8,34.7,75.470981451,93.389888686,66.2,15.2,35.7,40.7,59.3,175,430,49.1,1205,75.3,7.9,84.8,126,827,50.9,1249,44.3,1086,23.9,51.2,252,1533,669,2454,68.4,37.2,40.8,22.0,519,36.8,191,27.0,140,25.4,132,10.8,56,4.34,,15,31,164.0,R,,,32.0,1.5,88.9,2275.0,-7.0,-20.3,26.7,88.9,2074.0,-16.3,-26.1,,,,,,10.3,82.9,1652.0,-13.5,-33.7,27.3,80.7,2526.0,16.5,-41.0,34.2,86.3,2463.0,2.9,-28.1,,,,,,,,,,
"Morton, Charlie",450203,2022,640,728,149,93,26,2,28,205,63,28.2,8.7,0.233,0.411,0.316,0.727,0.228,0.405,0.32,0.318,0.314,0.177,0.4,0.396,0.338,0.334,0.005,0.006,0.002,4.14,89.3,13.6,38.0,42,9.5,6.6,24.0,26.2,29.0,4.3,42.1,78.111657215,94.430490297,63.6,18.4,28.8,51.5,48.5,223,433,51.8,1503,70.8,7.3,81.6,164,890,48.2,1400,42.5,1233,29.3,45.6,248,1552,1103,2903,58.7,34.4,36.9,28.7,442,39.6,175,28.1,124,26.2,116,6.1,27,4.34,,9,31,172.0,R,,,20.7,33.5,94.9,2375.0,-10.6,-17.8,10.6,94.7,2187.0,-17.0,-25.5,,,,,,8.5,87.2,2154.0,-17.6,-34.5,38.0,81.3,3068.0,15.5,-51.1,9.3,88.4,2551.0,1.8,-29.7,,,,,,,,,,
"Quintana, Jose",500779,2022,626,679,154,110,35,1,8,137,47,20.2,6.9,0.246,0.343,0.301,0.644,0.256,0.388,0.286,0.307,0.311,0.132,0.326,0.354,0.314,0.328,-0.01,-0.045,-0.021,3.83,86.5,9.9,34.4,27,5.5,5.7,26.5,22.2,33.0,6.5,35.8,74.438826914,93.299908909,68.3,15.5,32.8,37.0,63.0,190,513,57.5,1565,75.5,5.1,84.5,123,792,42.5,1159,43.2,1176,24.0,47.9,531,1427,598,2724,61.6,34.4,40.1,25.5,491,47.0,231,20.8,102,26.7,131,5.5,27,2.93,,9,32,165.2,L,,,44.5,36.0,91.2,2078.0,2.4,-17.7,16.4,91.4,2070.0,12.5,-19.7,,,,,,19.5,86.4,1319.0,11.7,-30.8,22.0,78.3,2263.0,-7.1,-52.7,,,,,,,,,,,,,,,
"Gibson, Kyle",502043,2022,656,718,176,117,33,2,24,144,48,20.1,6.7,0.268,0.434,0.325,0.759,0.258,0.43,0.331,0.326,0.316,0.172,0.384,0.376,0.341,0.329,0.01,0.004,0.005,4.37,88.6,10.6,34.8,39,7.5,6.0,25.7,22.4,33.7,4.3,37.5,77.435542039,93.992252392,68.4,14.4,30.6,47.0,53.0,207,440,52.6,1440,76.5,5.6,85.6,128,889,47.4,1299,43.8,1200,25.2,48.5,295,1686,659,2739,58.9,37.5,42.0,20.5,517,46.8,242,23.2,120,25.3,131,4.6,24,5.05,,15,31,167.2,R,,,41.5,12.0,92.0,2279.0,-6.3,-16.4,28.0,91.7,2133.0,-14.5,-25.4,17.1,83.4,2520.0,4.6,-40.7,10.8,84.7,1622.0,-14.8,-34.6,7.0,79.2,2467.0,7.1,-52.1,21.5,89.4,2360.0,0.8,-24.8,,,,,,,,,,
"Darvish, Yu",506433,2022,715,771,148,103,23,0,22,197,37,25.6,4.8,0.207,0.331,0.256,0.587,0.225,0.402,0.259,0.294,0.273,0.177,0.316,0.367,0.282,0.308,-0.018,-0.071,-0.035,3.49,88.5,17.0,31.2,46,8.8,6.7,22.1,30.1,28.0,4.0,37.1,77.848459808,93.614823873,65.3,18.2,30.3,43.6,56.4,175,401,44.6,1324,74.3,9.1,81.8,196,1075,55.4,1647,43.0,1278,25.1,49.7,221,1141,1151,2971,64.2,41.5,34.1,24.4,525,38.5,202,31.0,163,21.9,115,8.6,45,3.1,,25,30,194.2,R,,,39.7,25.5,95.0,2419.0,-7.3,-13.4,8.5,94.7,2264.0,-14.1,-19.3,31.5,86.0,2778.0,5.7,-37.1,,,,,,7.3,76.1,2704.0,10.6,-61.1,4.3,90.7,2577.0,2.1,-22.7,7.4,89.2,1302.0,-6.2,-29.4,,,,,
"Kelly, Merrill",518876,2022,739,804,167,104,40,2,21,177,61,22.0,7.6,0.226,0.371,0.286,0.657,0.229,0.397,0.289,0.299,0.29,0.168,0.336,0.351,0.297,0.302,-0.003,-0.026,-0.01,3.62,88.5,14.0,31.2,47,8.3,4.8,21.3,28.0,33.5,3.4,36.5,77.983406942,93.653412973,67.7,18.0,29.9,35.9,64.1,167,465,50.7,1557,81.1,6.9,82.0,185,1025,49.3,1514,45.5,1397,23.6,48.5,654,1996,420,3071,62.4,41.1,36.9,22.0,564,43.8,247,28.4,160,21.6,122,6.2,35,3.37,,18,33,200.1,R,,,26.5,30.8,92.6,2361.0,-7.8,-16.7,17.6,92.5,2206.0,-16.1,-24.7,0.2,85.0,2416.0,1.8,-34.5,21.3,88.6,2158.0,-16.6,-32.3,13.5,82.2,2550.0,9.1,-50.9,16.6,90.8,2332.0,-1.5,-20.3,,,,,,,,,,
"Pérez, Martín",527048,2022,738,821,178,130,37,0,11,169,69,20.6,8.4,0.241,0.336,0.31,0.646,0.241,0.359,0.289,0.299,0.311,0.118,0.322,0.337,0.311,0.313,0.0,-0.023,-0.01,3.62,88.2,8.1,30.9,25,4.3,5.2,26.4,20.8,37.8,4.7,34.9,77.422939036,93.581278732,65.1,16.0,27.6,30.5,69.5,138,452,55.0,1638,84.0,5.2,84.0,140,873,45.0,1341,49.4,1471,21.0,44.5,823,2010,146,2979,62.6,35.9,41.5,22.6,576,51.9,299,21.4,123,22.6,130,4.2,24,2.89,,23,32,196.1,L,,,41.7,6.7,92.9,2068.0,10.7,-16.6,36.5,92.6,1997.0,16.3,-21.8,1.4,84.5,2398.0,-3.5,-32.7,27.6,84.4,1661.0,14.2,-29.6,3.5,78.8,2515.0,-6.3,-49.0,24.3,89.9,2214.0,1.1,-21.6,,,,,,,,,,
"Anderson, Tyler",542881,2022,657,707,145,94,31,6,14,138,34,19.5,4.8,0.221,0.35,0.267,0.617,0.226,0.368,0.271,0.281,0.273,0.143,0.307,0.321,0.277,0.285,-0.005,-0.018,-0.01,3.17,85.0,16.9,34.2,26,4.9,6.1,21.5,31.6,27.2,7.0,28.5,73.22844707,92.353431738,68.9,17.5,35.3,38.6,61.4,169,438,48.1,1240,76.5,7.6,82.5,161,920,51.9,1336,45.4,1170,24.3,52.7,815,1729,32,2576,66.1,39.9,32.9,27.2,526,40.9,215,27.4,144,21.7,114,10.1,53,2.57,,18,30,178.2,L,,,45.2,39.7,90.7,2230.0,7.8,-15.7,5.4,88.8,2230.0,17.5,-28.8,,,,,,31.6,79.0,1848.0,13.3,-34.8,1.2,73.2,2141.0,-2.0,-59.2,22.0,85.7,2421.0,-2.5,-27.2,,,,,,,,,,
"Cole, Gerrit",543037,2022,738,793,154,88,31,2,33,257,50,32.4,6.3,0.209,0.39,0.26,0.65,0.214,0.402,0.283,0.29,0.266,0.188,0.39,0.402,0.319,0.329,-0.005,-0.012,-0.007,3.39,89.4,12.6,32.5,46,9.5,7.7,22.8,24.8,30.6,3.1,40.2,78.808854118,94.227606134,65.8,23.1,32.4,53.8,46.2,302,561,52.9,1731,78.7,7.5,76.9,235,1016,47.1,1543,42.9,1406,34.1,48.2,276,1906,1092,3274,61.5,33.1,37.5,29.4,483,42.0,203,28.6,138,22.2,107,7.2,35,3.5,,21,33,200.2,R,,,39.7,51.8,97.8,2428.0,-10.4,-10.5,0.1,98.6,2307.0,-13.7,-15.7,22.6,88.7,2569.0,5.0,-34.2,8.4,89.7,1616.0,-14.0,-24.7,10.8,83.0,2779.0,10.2,-53.0,6.4,92.0,2485.0,0.5,-24.4,,,,,,,,,,
"Lyles, Jordan",543475,2022,710,774,196,123,46,1,26,144,52,18.6,6.7,0.276,0.454,0.331,0.785,0.265,0.466,0.341,0.343,0.323,0.201,0.39,0.393,0.344,0.333,0.011,-0.012,-0.002,4.9,88.6,15.3,35.1,59,10.4,6.3,24.6,25.8,27.9,5.1,38.8,77.398185352,94.093867266,65.9,14.5,28.3,37.5,62.5,166,443,52.3,1563,66.5,7.4,85.5,136,939,47.7,1425,41.7,1245,21.9,46.3,318,1554,400,2988,61.4,41.1,36.1,22.8,570,40.4,230,28.2,161,23.2,132,8.2,47,4.42,,13,32,179.0,R,,,43.2,32.1,91.8,2206.0,-5.9,-15.4,17.2,90.7,2088.0,-13.4,-21.1,,,,,,10.6,86.3,1464.0,-13.7,-29.1,13.4,79.1,2433.0,7.6,-58.7,2.6,84.9,2438.0,4.8,-34.6,,,,,,,,,,
"Mikolas, Miles",571945,2022,751,805,170,112,31,2,25,153,39,19.0,4.8,0.226,0.373,0.267,0.64,0.251,0.414,0.279,0.31,0.293,0.163,0.319,0.36,0.281,0.315,-0.025,-0.041,-0.031,3.91,87.8,11.0,35.1,42,6.9,6.8,23.6,23.9,34.0,4.3,36.0,76.747856744,93.485106739,67.7,12.8,27.9,34.6,65.4,144,416,47.3,1490,76.9,7.7,87.2,144,1125,52.7,1662,45.5,1433,18.7,48.9,124,1562,1457,3152,63.4,38.3,36.1,25.6,606,45.9,278,25.2,153,23.8,144,5.1,31,3.29,,22,33,202.1,R,,,48.0,27.1,93.5,2291.0,-4.9,-16.3,22.4,92.9,2233.0,-13.3,-19.5,25.4,87.7,2381.0,3.9,-31.1,3.9,82.6,1570.0,-12.0,-31.1,21.1,76.0,2547.0,8.7,-63.3,,,,,,,,,,,,,,,
"Gausman, Kevin",592332,2022,690,725,188,134,35,4,15,205,28,28.3,3.9,0.272,0.4,0.3,0.7,0.241,0.391,0.304,0.288,0.272,0.149,0.408,0.384,0.384,0.342,0.031,0.009,0.016,3.34,89.0,12.2,38.1,40,8.1,4.9,29.3,24.6,29.9,3.1,38.5,78.199092336,94.021611581,72.7,19.8,39.8,46.2,53.8,261,565,51.0,1419,81.7,6.9,80.2,196,991,49.0,1364,44.0,1225,29.4,55.9,1025,1358,400,2783,68.0,33.4,37.3,29.3,491,40.1,197,26.3,129,28.1,138,5.5,27,3.35,,17,31,174.2,R,,,39.6,48.8,95.0,2265.0,-10.5,-13.1,,,,,,14.4,84.4,2206.0,1.2,-35.1,1.3,84.5,1497.0,-7.3,-30.8,,,,,,,,,,,35.5,85.2,1569.0,-15.0,-33.0,,,,,
"Ray, Robbie",592662,2022,705,775,163,97,29,5,32,212,62,27.4,8.0,0.231,0.423,0.299,0.722,0.222,0.388,0.315,0.299,0.291,0.166,0.398,0.372,0.33,0.317,0.009,0.035,0.016,3.62,89.7,14.7,34.0,39,7.9,7.5,23.1,27.1,30.4,3.6,39.1,79.38448151,94.312919224,74.1,21.4,31.0,48.4,51.6,240,496,52.4,1598,82.0,7.1,78.6,230,1073,47.6,1449,41.0,1250,30.0,51.5,21,1834,1192,3047,64.4,40.7,35.0,24.3,494,38.9,192,28.9,143,24.1,119,8.1,40,3.71,,18,32,189.0,L,,,44.5,39.3,93.4,2284.0,6.7,-13.4,20.9,93.3,2188.0,15.4,-18.7,37.2,87.2,2190.0,-1.5,-28.3,0.7,86.9,1759.0,10.5,-23.1,1.9,79.7,2106.0,-2.5,-43.7,,,,,,,,,,,,,,,
"Taillon, Jameson",592791,2022,684,728,168,97,42,3,26,151,32,20.7,4.4,0.246,0.43,0.283,0.713,0.259,0.446,0.308,0.32,0.296,0.187,0.368,0.385,0.313,0.331,-0.013,-0.016,-0.012,4.19,88.5,14.5,34.5,45,8.3,6.7,22.6,27.6,29.3,4.8,36.2,77.238196617,94.010264444,68.4,14.7,31.2,40.1,59.9,181,451,51.7,1446,79.5,7.1,85.3,136,925,48.3,1353,44.7,1251,23.1,49.1,236,1622,936,2805,63.7,40.8,35.6,23.6,539,41.4,223,26.7,144,23.6,127,8.3,45,3.91,,12,32,177.1,R,,,43.3,35.6,94.1,2371.0,-5.8,-13.2,11.0,94.2,2292.0,-13.6,-16.3,18.7,86.2,2556.0,6.2,-32.6,8.4,87.8,1846.0,-14.1,-24.6,14.8,81.1,2734.0,9.2,-51.9,11.3,90.7,2531.0,2.8,-20.6,,,,,,,,,,
"Gonzales, Marco",594835,2022,717,783,194,120,44,0,30,103,50,13.2,6.4,0.271,0.457,0.322,0.779,0.264,0.445,0.337,0.331,0.318,0.181,0.361,0.354,0.313,0.308,0.007,0.012,0.006,4.52,86.7,14.5,32.3,45,7.2,3.5,25.0,28.3,30.8,4.8,35.0,74.968575987,93.265151588,70.7,14.7,32.8,25.6,74.4,124,484,52.0,1475,80.6,6.0,85.3,141,962,48.0,1361,47.8,1355,18.3,51.0,865,1590,381,2838,63.1,41.7,35.6,22.6,623,42.9,267,27.4,171,22.6,141,7.1,44,4.13,,18,32,183.0,L,,,39.4,32.5,88.5,1987.0,12.0,-20.0,4.1,88.3,1978.0,13.1,-22.4,,,,,,30.5,79.4,2114.0,17.3,-36.7,13.4,76.6,2114.0,-6.3,-59.8,19.5,86.1,2030.0,2.2,-25.2,,,,,,,,,,
"Pivetta, Nick",601713,2022,691,773,175,111,36,1,27,175,73,22.6,9.4,0.253,0.425,0.327,0.752,0.246,0.451,0.33,0.336,0.322,0.205,0.387,0.396,0.337,0.329,0.007,-0.026,-0.006,4.68,90.7,15.2,36.3,47,9.0,10.4,22.7,25.6,29.2,2.5,45.6,80.450207336,94.88258417,68.3,17.5,25.8,40.4,59.6,157,389,48.8,1505,76.8,8.4,82.5,188,1077,51.2,1577,42.8,1320,23.5,47.6,70,2093,919,3082,60.0,41.2,35.4,23.5,520,38.5,200,27.3,142,25.4,132,8.8,46,4.56,,12,33,179.2,R,,,55.3,51.0,93.4,2310.0,-5.1,-10.9,,,,,,2.8,83.0,2476.0,6.9,-42.0,0.0,91.9,2329.0,-16.9,-8.9,27.0,77.2,2710.0,7.9,-65.3,16.9,86.2,2294.0,5.5,-32.3,2.2,87.0,1152.0,-8.1,-27.7,,,,,
"Bassitt, Chris",605135,2022,680,745,159,113,26,1,19,167,49,22.4,6.6,0.234,0.359,0.297,0.656,0.227,0.372,0.291,0.293,0.291,0.145,0.337,0.34,0.309,0.3,0.007,-0.013,-0.002,3.47,85.7,10.8,31.1,34,6.6,4.7,22.5,23.3,36.1,6.6,32.8,73.740095781,92.802733268,65.1,19.6,25.4,35.1,64.9,121,345,47.0,1357,72.9,8.3,80.4,195,996,53.0,1529,44.0,1271,23.6,46.5,175,1843,632,2886,60.9,35.0,36.9,28.2,515,49.7,256,23.9,123,18.8,97,7.6,39,3.42,,19,30,181.2,R,,,38.9,13.2,93.2,2192.0,-5.6,-17.8,33.4,92.8,2117.0,-16.1,-22.5,8.0,82.7,2345.0,6.9,-38.8,6.1,85.4,1824.0,-16.2,-30.9,13.9,71.6,2330.0,14.9,-68.0,17.3,89.0,2262.0,2.5,-25.6,,,,,,,,,,
"Musgrove, Joe",605397,2022,679,740,154,94,36,2,22,184,42,24.9,5.7,0.227,0.383,0.284,0.667,0.225,0.365,0.292,0.287,0.284,0.14,0.355,0.348,0.309,0.309,0.002,0.018,0.005,3.32,86.4,11.7,34.7,30,6.0,6.6,23.0,24.0,32.9,6.8,32.5,74.717480366,93.048084318,61.0,16.9,32.0,42.2,57.8,191,453,49.9,1415,72.2,6.6,83.1,146,866,50.1,1419,43.7,1238,25.5,46.5,178,1423,1232,2834,64.5,38.9,36.7,24.4,499,45.9,229,22.8,114,22.8,114,8.4,42,2.93,,21,30,181.0,R,,,36.3,24.0,92.9,2560.0,-4.2,-18.2,6.8,92.3,2432.0,-12.4,-23.1,24.6,82.9,2714.0,12.7,-41.9,6.3,86.5,1972.0,-11.4,-32.8,18.9,81.3,2723.0,9.6,-55.5,19.5,90.1,2581.0,1.5,-24.5,,,,,,,,,,
"Nola, Aaron",605400,2022,766,807,168,109,39,1,19,235,29,29.1,3.6,0.219,0.347,0.256,0.603,0.209,0.354,0.264,0.262,0.246,0.146,0.351,0.348,0.316,0.302,0.01,-0.007,0.002,2.75,87.7,12.5,34.3,38,7.1,6.9,23.6,25.3,31.6,5.1,31.6,77.465376008,93.044162015,63.8,18.7,34.0,46.8,53.2,232,496,48.0,1460,76.1,7.6,81.3,188,1008,52.0,1579,45.0,1369,27.9,49.5,448,1785,806,3039,70.1,39.3,35.8,24.9,534,44.2,236,24.3,130,24.2,129,7.3,39,3.25,,18,32,205.0,R,,,21.0,33.6,92.8,2310.0,-13.1,-16.6,18.6,92.1,2193.0,-17.0,-22.7,,,,,,14.7,85.9,1482.0,-15.2,-33.8,26.5,78.6,2589.0,14.4,-55.7,6.5,86.8,2212.0,0.9,-29.1,,,,,,,,,,
"Rodón, Carlos",607074,2022,649,710,131,87,31,1,12,237,52,33.4,7.3,0.202,0.308,0.263,0.571,0.196,0.319,0.255,0.257,0.258,0.123,0.343,0.346,0.316,0.307,0.006,-0.011,-0.002,2.64,89.0,19.4,33.6,27,6.5,5.3,26.4,33.8,23.0,5.0,39.8,79.131004203,93.698768499,68.5,23.5,31.2,48.1,51.9,224,466,50.0,1492,75.7,7.4,76.5,240,1022,50.0,1493,43.1,1288,31.2,49.8,59,1826,1100,2985,61.5,35.0,36.5,28.5,417,35.3,147,29.5,123,25.4,106,9.8,41,2.88,,16,31,178.0,L,,,48.8,60.9,95.5,2352.0,6.0,-12.0,0.3,95.1,1689.0,4.9,-12.3,31.1,85.4,2447.0,-8.1,-38.6,2.0,84.6,1757.0,13.7,-27.4,5.7,79.8,2454.0,-6.4,-55.5,,,,,,,,,,,,,,,
"Freeland, Kyle",607536,2022,687,766,193,119,47,8,19,131,53,17.1,6.9,0.281,0.456,0.342,0.798,0.27,0.476,0.346,0.352,0.336,0.207,0.383,0.392,0.342,0.332,0.011,-0.02,-0.006,5.2,89.8,12.7,35.2,55,9.7,6.5,26.0,23.0,30.4,4.2,42.4,79.406275786,94.45487619,69.0,13.1,27.6,38.8,61.2,158,407,51.9,1473,75.4,6.4,86.9,123,942,48.1,1366,44.7,1269,20.8,47.5,393,1930,516,2839,61.9,41.9,37.5,20.7,566,43.1,244,26.9,152,24.9,141,5.1,29,4.53,,13,31,174.2,L,,,24.8,23.4,90.3,2392.0,5.9,-19.9,22.1,89.6,2355.0,12.9,-27.5,,,,,,13.8,84.8,1477.0,11.0,-30.6,18.2,80.9,2446.0,-4.3,-48.5,22.5,85.5,2376.0,-1.4,-32.7,,,,,,,,,,
"Fried, Max",608331,2022,692,733,156,117,25,2,12,170,32,23.2,4.4,0.225,0.319,0.262,0.581,0.226,0.338,0.255,0.266,0.265,0.112,0.309,0.326,0.296,0.301,-0.001,-0.019,-0.011,2.83,86.2,7.6,29.4,21,4.0,6.1,23.3,20.5,38.9,5.9,32.1,74.476912412,92.996220039,67.9,16.1,34.1,43.2,56.8,224,518,53.9,1518,73.7,6.4,83.9,142,882,46.1,1299,43.9,1236,26.1,49.7,397,1292,1125,2818,61.7,38.0,36.1,26.0,527,51.2,270,21.6,114,22.4,118,4.7,25,2.48,,21,30,185.1,L,,,49.7,31.4,94.0,2143.0,1.5,-18.5,14.4,93.6,2034.0,10.6,-21.4,18.4,87.3,2392.0,-3.8,-34.9,14.1,86.5,1413.0,12.9,-32.4,21.5,74.2,2748.0,-9.5,-66.8,,,,,,,,,,,,,,,
"Irvin, Cole",608344,2022,693,741,174,113,33,3,25,128,36,17.3,4.9,0.251,0.416,0.293,0.709,0.256,0.471,0.306,0.329,0.299,0.215,0.348,0.378,0.306,0.313,-0.005,-0.055,-0.023,4.46,89.4,15.5,36.1,55,9.6,6.8,22.8,27.7,29.6,3.3,39.5,79.40257422,93.912507513,71.2,16.3,30.4,31.8,68.2,119,374,47.1,1230,77.7,8.8,83.7,160,983,52.9,1380,44.3,1157,20.6,52.0,477,1592,541,2610,66.8,35.3,37.0,27.7,570,37.5,214,30.0,171,25.6,146,6.8,39,3.98,,15,30,181.0,L,,,42.5,36.3,90.7,1976.0,9.9,-17.2,22.7,90.3,1942.0,14.3,-21.5,,,,,,18.3,83.0,1553.0,13.3,-32.5,20.7,77.5,2074.0,-8.2,-49.6,2.0,87.1,2012.0,1.3,-28.0,,,,,,,,,,
"Márquez, Germán",608566,2022,704,779,185,106,44,5,30,150,63,19.3,8.1,0.263,0.467,0.324,0.791,0.254,0.438,0.341,0.33,0.319,0.184,0.391,0.375,0.33,0.323,0.009,0.029,0.011,4.49,90.5,9.1,35.8,40,7.1,8.0,24.2,20.3,36.8,3.2,47.2,80.242384122,94.974977437,69.2,13.4,28.7,48.7,51.3,191,392,48.1,1366,78.9,8.7,86.6,137,1019,51.9,1473,41.1,1168,23.2,49.7,86,1534,1219,2839,65.1,37.2,37.4,25.4,562,48.6,273,24.7,139,23.0,129,3.7,21,4.95,,17,31,181.2,R,,,34.2,30.9,95.6,2139.0,-9.2,-16.6,23.1,95.1,2109.0,-14.2,-21.3,20.9,87.7,2390.0,0.3,-31.1,3.0,87.8,1595.0,-10.2,-27.7,22.1,86.5,2577.0,1.1,-38.3,,,,,,,,,,,,,,,
"Quantrill, Cal",615698,2022,702,770,178,126,30,1,21,128,47,16.6,6.1,0.254,0.389,0.307,0.696,0.257,0.431,0.305,0.324,0.312,0.174,0.334,0.359,0.306,0.313,-0.003,-0.042,-0.019,4.31,87.6,13.8,33.3,44,7.5,5.6,22.9,27.2,31.3,5.0,35.7,76.145610174,93.608907247,67.9,13.3,32.2,28.0,72.0,142,508,54.0,1576,74.0,6.7,86.7,121,913,46.0,1344,42.7,1247,18.5,48.7,346,2448,125,2920,64.0,33.3,35.9,30.8,585,42.4,248,25.5,149,23.6,138,8.5,50,3.38,,17,32,186.1,R,,,45.0,9.7,93.9,2192.0,-9.1,-14.1,38.2,93.5,2087.0,-12.4,-16.7,,,,,,11.9,85.3,1532.0,-12.3,-30.0,4.3,82.7,2447.0,3.7,-42.9,36.0,88.5,2238.0,2.7,-27.8,,,,,,,,,,
"Berríos, José",621244,2022,692,753,199,135,34,1,29,149,45,19.8,6.0,0.288,0.465,0.34,0.805,0.274,0.483,0.35,0.35,0.329,0.208,0.41,0.411,0.364,0.35,0.014,-0.018,0.0,5.13,90.0,13.9,36.3,52,9.5,6.4,25.3,25.5,28.6,4.4,43.8,79.057235,94.764961466,65.8,13.0,31.7,38.4,61.6,167,435,50.4,1371,74.2,6.5,87.0,115,888,49.6,1350,43.4,1182,21.3,48.6,418,1461,0,2721,66.1,32.4,39.4,28.2,546,40.7,222,27.1,148,25.6,140,6.6,36,5.23,,17,32,172.0,R,,,34.8,28.3,94.0,2241.0,-10.7,-16.7,25.4,93.9,2112.0,-16.6,-20.8,,,,,,15.4,84.6,1522.0,-14.4,-33.9,,,,,,,,,,,,,,,,,,,,
"Urías, Julio",628711,2022,639,689,127,81,20,3,23,166,41,24.1,6.0,0.199,0.347,0.251,0.598,0.204,0.346,0.263,0.266,0.257,0.143,0.313,0.317,0.266,0.275,-0.005,0.001,-0.003,2.83,86.7,17.2,29.6,32,6.7,4.2,21.4,34.4,27.7,4.8,30.4,75.838974487,92.831563148,69.0,17.5,32.2,39.5,60.5,156,395,46.8,1226,74.9,8.0,82.5,169,963,53.2,1396,43.6,1144,23.9,51.8,458,1291,0,2622,66.6,37.9,37.7,24.3,477,40.0,191,28.5,136,20.5,98,10.9,52,2.16,,19,31,175.0,L,,,42.0,49.2,93.1,2521.0,3.0,-14.9,,,,,,,,,,,17.5,86.2,1950.0,13.9,-30.0,,,,,,,,,,,,,,,,,,,,
"López, Pablo",641154,2022,671,736,157,91,39,6,21,174,53,23.6,7.2,0.234,0.404,0.296,0.7,0.236,0.386,0.305,0.301,0.299,0.15,0.365,0.359,0.313,0.318,-0.002,0.018,0.004,3.67,87.9,11.0,33.7,45,9.0,4.0,24.6,23.2,34.3,4.8,35.1,76.341792771,93.754029819,69.5,20.8,31.4,43.2,56.8,206,477,52.2,1520,83.7,6.3,79.2,201,966,47.8,1390,44.4,1291,28.2,49.6,1029,1646,235,2910,62.9,41.5,35.9,22.6,501,47.1,236,23.8,119,23.6,118,5.6,28,3.75,,14,32,180.0,R,,,29.6,38.9,93.6,2197.0,-4.5,-17.9,8.1,93.4,1996.0,-14.7,-25.3,,,,,,35.4,87.5,1965.0,-17.3,-32.3,8.1,80.9,2495.0,11.0,-51.7,9.6,88.7,2229.0,2.3,-28.8,,,,,,,,,,
"Alcantara, Sandy",645261,2022,820,886,174,120,32,6,16,207,50,23.4,5.6,0.212,0.324,0.263,0.587,0.215,0.342,0.26,0.27,0.267,0.128,0.306,0.321,0.281,0.287,-0.003,-0.018,-0.01,2.92,87.8,5.5,28.4,33,5.3,5.2,20.6,21.1,41.0,6.1,38.5,76.106105279,93.947545934,70.5,18.3,34.7,41.4,58.6,223,539,47.8,1554,78.3,7.2,81.7,218,1194,52.2,1694,46.3,1504,25.4,53.4,894,2346,7,3248,62.5,36.6,38.9,24.5,620,54.2,336,19.8,123,18.9,117,7.1,44,2.28,,24,32,228.2,R,,,33.9,25.5,98.0,2200.0,-12.1,-14.9,24.6,97.8,2293.0,-17.7,-21.3,0.2,87.0,2334.0,1.0,-38.5,27.5,91.8,2056.0,-16.8,-28.9,,,,,,22.1,90.0,2354.0,0.3,-30.5,,,,,,,,,,
"Cease, Dylan",656302,2022,663,747,126,83,25,2,16,227,78,30.4,10.4,0.19,0.306,0.278,0.584,0.184,0.306,0.263,0.261,0.273,0.123,0.323,0.319,0.288,0.28,0.006,0.0,0.002,2.73,86.8,15.0,31.4,27,6.2,5.9,22.1,33.3,26.9,5.0,31.2,75.92510977,92.882995645,68.0,23.6,31.3,49.6,50.4,273,550,56.3,1756,77.0,6.7,76.4,219,927,43.7,1364,41.2,1286,33.3,47.3,76,1271,1773,3120,58.2,39.4,36.4,24.1,439,39.4,173,30.3,133,22.1,97,8.2,36,2.2,,16,32,184.0,R,,,53.5,39.9,96.8,2507.0,-3.0,-10.3,0.8,96.5,2493.0,-7.8,-10.8,42.9,87.4,2833.0,4.0,-35.0,2.4,77.9,1720.0,-8.3,-29.9,13.9,81.1,2697.0,3.6,-59.1,,,,,,,,,,,,,,,
"Montgomery, Jordan",656756,2022,677,724,159,102,34,2,21,158,36,21.8,5.0,0.235,0.384,0.281,0.665,0.256,0.407,0.291,0.31,0.301,0.152,0.346,0.372,0.306,0.334,-0.021,-0.023,-0.019,3.91,88.5,9.8,34.1,37,7.1,4.2,26.1,22.0,37.5,3.1,37.5,77.803436381,93.693936452,69.0,20.6,33.2,41.0,59.0,190,463,51.3,1394,78.1,6.6,79.4,188,912,48.7,1321,42.7,1160,27.5,50.6,604,1506,605,2715,65.7,37.0,36.4,26.6,522,47.9,250,22.2,116,25.1,131,4.8,25,3.48,,14,32,178.1,L,,,42.1,16.5,93.0,2310.0,8.6,-16.6,35.2,93.0,2210.0,16.8,-21.9,,,,,,22.2,82.3,1679.0,10.9,-28.5,22.3,80.2,2263.0,-2.9,-47.7,3.8,88.3,2387.0,-0.1,-25.7,,,,,,,,,,
"Wright, Kyle",657140,2022,672,738,156,115,21,1,19,174,53,23.6,7.2,0.232,0.351,0.296,0.647,0.243,0.395,0.288,0.309,0.307,0.152,0.338,0.369,0.311,0.328,-0.011,-0.044,-0.021,3.88,89.0,4.4,31.1,34,6.8,5.8,25.7,16.2,40.3,4.2,41.1,77.914176275,94.364285538,66.0,18.3,29.7,46.7,53.3,177,379,47.3,1276,71.2,8.2,81.7,172,938,52.7,1421,42.2,1137,26.5,48.8,418,1165,1114,2697,64.6,40.5,38.7,20.8,501,55.5,278,18.4,92,22.2,111,4.0,20,3.19,,19,30,180.1,R,,,28.7,19.2,95.2,2389.0,-11.5,-17.7,24.0,94.4,2258.0,-16.6,-25.9,7.2,90.1,2395.0,-1.0,-25.5,15.5,88.1,1699.0,-15.9,-35.0,34.1,84.7,2723.0,9.0,-46.6,,,,,,,,,,,,,,,
"Webb, Logan",657277,2022,726,787,174,122,38,3,11,163,49,20.7,6.2,0.24,0.346,0.293,0.639,0.248,0.378,0.283,0.3,0.301,0.13,0.325,0.348,0.308,0.319,-0.008,-0.032,-0.017,3.64,88.9,3.1,29.3,31,5.5,4.6,25.0,16.2,43.0,4.9,39.0,78.053770216,94.043291367,63.9,14.6,30.9,43.6,56.4,204,468,50.4,1515,71.5,6.2,85.4,139,953,49.6,1491,44.5,1337,24.1,47.3,936,1087,0,3006,65.3,41.1,38.3,20.6,567,57.8,328,15.2,86,22.9,130,4.1,23,2.9,,19,32,192.1,R,,,13.8,3.9,92.3,2060.0,-10.4,-24.8,32.2,91.8,1878.0,-14.8,-34.8,,,,,,31.1,86.4,1492.0,-7.1,-42.0,,,,,,,,,,,,,,,,,,,,
"Ohtani, Shohei",660271,2022,610,660,124,85,23,2,14,219,44,33.2,6.7,0.203,0.316,0.258,0.574,0.202,0.316,0.255,0.255,0.257,0.114,0.346,0.347,0.315,0.314,0.001,0.0,0.0,2.6,87.1,14.5,32.0,25,6.3,5.1,25.6,27.4,31.2,4.1,33.2,76.028692589,93.179293104,68.2,22.7,28.6,59.5,40.5,217,365,48.6,1277,79.4,9.4,77.3,209,922,51.4,1352,40.2,1056,33.1,49.0,312,1048,285,2629,60.6,37.8,36.3,25.9,394,41.9,165,26.6,105,22.8,90,8.6,34,2.33,,16,28,166.0,R,,,38.6,27.3,97.3,2218.0,-3.5,-14.5,3.7,97.2,1974.0,-16.1,-22.4,2.4,85.2,2498.0,7.0,-43.5,,,,,,8.5,77.6,2482.0,11.2,-59.6,8.9,90.7,2378.0,3.6,-27.4,11.9,89.3,1274.0,-5.5,-31.9,,,,,
"McKenzie, Triston",663474,2022,688,741,138,82,29,2,25,190,44,25.6,5.9,0.201,0.358,0.253,0.611,0.22,0.416,0.268,0.298,0.272,0.195,0.328,0.373,0.276,0.304,-0.019,-0.058,-0.03,3.59,90.2,19.7,37.3,49,9.8,7.8,20.7,35.1,23.1,3.6,40.6,80.393226331,94.253239919,71.9,17.8,32.0,48.6,51.4,210,432,48.2,1352,78.8,8.6,82.2,186,1046,51.8,1455,41.4,1163,26.8,52.7,0,1575,1232,2807,62.5,35.7,38.4,25.9,502,34.3,172,32.3,162,23.5,118,10.0,50,2.96,,18,31,191.1,R,,,51.9,56.1,92.5,2312.0,-3.0,-11.6,,,,,,21.9,87.3,2197.0,5.3,-25.7,,,,,,21.9,79.4,2198.0,7.9,-51.3,,,,,,,,,,,,,,,
"McClanahan, Shane",663556,2022,597,640,116,81,16,0,19,194,37,30.3,5.8,0.194,0.317,0.245,0.562,0.206,0.339,0.248,0.262,0.256,0.134,0.325,0.347,0.287,0.305,-0.012,-0.022,-0.014,2.75,87.6,8.3,31.6,26,6.4,6.2,24.0,20.2,39.8,3.2,32.6,76.838288308,93.270402693,66.3,25.6,32.4,52.3,47.7,207,396,49.6,1221,75.3,7.2,74.4,211,824,50.4,1242,43.9,1081,34.3,49.5,626,877,960,2463,62.8,38.5,37.3,24.2,405,50.6,205,21.0,85,23.2,94,5.2,21,2.54,,18,28,166.1,L,,,39.0,35.6,96.7,2233.0,10.8,-11.7,,,,,,15.4,89.3,2348.0,-3.6,-30.5,25.4,87.7,1732.0,16.0,-25.4,23.5,82.0,2628.0,-7.6,-52.1,,,,,,,,,,,,,,,
"Valdez, Framber",664285,2022,745,827,166,129,24,2,11,194,67,23.5,8.1,0.223,0.305,0.296,0.601,0.225,0.335,0.272,0.285,0.299,0.109,0.308,0.328,0.3,0.305,-0.002,-0.03,-0.013,3.27,89.8,-3.6,24.0,32,5.8,2.5,23.6,10.5,52.4,4.1,41.6,78.817299816,94.706992647,64.5,14.4,27.9,54.6,45.4,220,403,47.9,1445,74.0,9.2,85.6,146,1014,52.1,1573,41.7,1260,25.8,47.0,277,1584,1157,3018,59.3,38.4,39.5,22.2,555,67.4,374,10.6,59,19.5,108,2.5,14,2.82,,26,31,201.1,L,,,43.2,2.6,94.1,2201.0,7.3,-21.8,49.9,93.9,2202.0,14.3,-24.2,10.1,83.0,2669.0,-3.6,-44.8,9.2,88.8,1640.0,15.3,-32.8,28.2,79.2,2849.0,-11.7,-60.4,,,,,,,,,,,,,,,
"Urquidy, José",664353,2022,630,681,154,91,33,1,29,134,38,19.7,5.6,0.244,0.438,0.292,0.73,0.255,0.465,0.316,0.333,0.305,0.21,0.366,0.389,0.307,0.324,-0.011,-0.027,-0.017,4.58,89.7,17.2,34.7,47,9.4,7.8,22.1,31.3,27.1,2.0,40.8,79.048289799,94.325262048,72.2,16.9,30.0,36.5,63.5,138,378,47.8,1261,77.2,7.7,83.1,168,995,52.2,1379,43.0,1134,22.3,52.0,392,1520,371,2640,65.5,41.6,33.1,25.3,502,36.7,184,30.9,155,24.5,123,8.0,40,3.94,,15,29,164.1,R,,,52.8,52.5,93.5,2202.0,-7.7,-11.7,0.2,93.9,1988.0,-10.4,-13.7,,,,,,14.8,86.1,2006.0,-15.8,-23.6,14.1,78.1,2628.0,7.4,-60.3,4.8,87.4,2508.0,4.2,-29.7,,,,,,,,,,
"Manoah, Alek",666201,2022,713,786,144,97,30,1,16,180,51,22.9,6.5,0.202,0.314,0.268,0.582,0.224,0.352,0.261,0.286,0.289,0.128,0.294,0.332,0.268,0.299,-0.022,-0.038,-0.025,3.29,87.5,16.9,33.0,29,5.4,5.4,23.4,31.9,29.5,4.3,31.5,77.162472322,92.941560807,68.4,17.6,30.9,41.0,59.0,188,459,50.3,1484,80.0,8.3,82.4,176,1002,49.7,1465,41.5,1225,24.9,49.5,329,1822,798,2949,61.8,42.7,34.5,22.8,539,38.4,207,27.1,146,25.0,135,9.5,51,2.24,,25,31,196.2,R,,,38.2,35.8,93.9,2369.0,-5.5,-14.3,26.0,93.3,2193.0,-14.7,-21.1,27.1,81.5,2216.0,14.5,-41.0,11.2,86.5,1980.0,-14.5,-27.3,,,,,,,,,,,,,,,,,,,,
"Gallen, Zac",668678,2022,651,714,121,73,32,1,15,192,47,26.9,6.6,0.186,0.307,0.252,0.559,0.211,0.348,0.25,0.279,0.277,0.137,0.298,0.341,0.262,0.3,-0.025,-0.041,-0.029,3.13,87.8,10.8,33.0,36,7.8,4.8,24.0,24.6,34.8,4.1,36.1,76.866627074,93.452634902,64.8,14.3,31.9,38.9,61.1,192,494,52.8,1550,69.0,6.4,85.7,128,897,47.2,1385,45.1,1325,23.0,47.4,418,1847,670,2935,64.6,37.4,34.3,28.3,463,46.7,216,24.2,112,22.2,103,6.9,32,2.54,,19,31,184.0,R,,,43.6,48.0,94.1,2420.0,-3.4,-13.4,0.0,94.7,2216.0,-14.4,-16.3,0.9,86.7,2513.0,7.5,-35.6,14.2,86.2,1539.0,-11.9,-32.8,21.9,81.6,2515.0,6.7,-53.5,14.9,89.9,2424.0,5.3,-26.7,,,,,,,,,,
"Burnes, Corbin",669203,2022,731,797,144,91,24,6,23,243,51,30.5,6.4,0.197,0.341,0.261,0.602,0.212,0.344,0.267,0.274,0.275,0.132,0.343,0.356,0.294,0.317,-0.015,-0.003,-0.007,3.01,87.2,10.0,31.6,28,5.7,5.1,24.5,23.9,35.7,4.7,34.1,75.64792823,93.404000041,63.1,20.2,33.5,56.5,43.5,354,626,57.1,1869,73.6,5.4,79.8,179,887,42.9,1405,43.2,1415,35.2,46.2,323,2049,902,3274,58.1,43.3,36.1,20.6,490,47.6,233,24.3,119,21.8,107,6.3,31,2.94,,21,33,202.0,R,,,41.3,0.2,96.4,2659.0,-3.5,-13.0,7.0,96.3,2497.0,-11.3,-17.2,9.1,88.2,2803.0,7.5,-35.1,9.9,90.3,2045.0,-14.3,-26.4,18.4,81.7,2761.0,9.8,-47.5,55.4,95.0,2626.0,4.4,-18.7,,,,,,,,,,
"Gilbert, Logan",669302,2022,702,766,170,107,41,3,19,174,49,22.7,6.4,0.242,0.39,0.295,0.685,0.253,0.421,0.299,0.318,0.308,0.169,0.357,0.384,0.319,0.337,-0.011,-0.031,-0.019,4.14,91.0,14.6,37.6,38,7.1,7.4,27.2,28.1,26.1,3.7,45.6,80.915132121,95.054543814,73.1,19.8,25.8,37.7,62.3,141,374,48.1,1451,82.5,8.7,80.2,226,1144,51.9,1564,41.7,1258,24.2,50.3,241,1667,1107,3015,63.7,37.6,35.9,26.4,537,37.8,203,26.4,142,28.9,155,6.9,37,3.2,,16,32,185.2,R,,,49.5,53.8,96.1,2135.0,-6.4,-11.9,1.5,94.7,1958.0,-13.1,-17.6,24.2,86.9,2289.0,6.1,-31.6,8.0,86.2,1752.0,-15.3,-28.3,12.5,80.8,2117.0,4.2,-50.1,,,,,,,,,,,,,,,
"Bieber, Shane",669456,2022,747,791,172,123,29,2,18,198,36,25.0,4.6,0.23,0.347,0.266,0.613,0.243,0.398,0.269,0.294,0.279,0.155,0.337,0.372,0.312,0.329,-0.013,-0.051,-0.025,3.49,89.9,10.0,32.4,40,7.2,6.7,25.9,21.4,35.7,2.9,43.1,79.516670909,94.359625491,67.4,15.8,31.8,59.7,40.3,271,454,49.7,1428,79.0,7.4,84.2,154,976,50.3,1447,40.8,1174,29.7,49.7,67,1445,1363,2875,66.0,39.5,36.6,24.0,555,48.8,271,20.9,116,24.3,135,5.9,33,2.88,,23,31,200.0,R,,,41.1,34.4,91.3,2205.0,-8.5,-15.3,0.0,91.4,2927.0,-5.5,-13.3,29.5,85.0,2515.0,2.8,-35.1,2.3,86.4,1557.0,-12.9,-30.3,17.9,82.0,2197.0,9.9,-51.6,15.8,86.9,2497.0,1.9,-27.0,,,,,,,,,,
"Verlander, Justin",434378,2023,615,669,139,89,30,2,18,144,45,21.5,6.7,0.226,0.369,0.283,0.652,0.225,0.394,0.284,0.295,0.284,0.169,0.326,0.342,0.293,0.294,0.001,-0.025,-0.011,3.63,90.0,18.9,30.5,39,8.2,5.9,21.7,34.5,26.7,2.5,41.3,79.990406017,94.269512972,68.0,16.5,30.6,36.1,63.9,142,393,49.3,1283,75.0,8.1,83.5,148,897,50.7,1320,44.9,1168,22.5,49.6,121,1302,1179,2602,57.4,41.7,34.3,24.0,475,36.2,172,28.2,134,23.4,111,12.2,58,3.22,,14,27,162.1,R,,,55.2,50.0,94.3,2428.0,-8.0,-12.2,,,,,,25.3,86.9,2512.0,4.4,-32.4,4.7,85.2,1824.0,-15.4,-28.9,20.0,78.2,2716.0,7.0,-58.2,,,,,,,,,,,,,,,
"Morton, Charlie",450203,2023,615,716,150,103,30,3,14,183,83,25.6,11.6,0.244,0.371,0.344,0.715,0.244,0.403,0.318,0.33,0.345,0.158,0.37,0.391,0.345,0.347,0.0,-0.032,-0.012,4.64,88.9,9.9,36.8,34,7.8,5.5,26.1,22.7,33.4,3.9,39.1,77.30793493,94.400073953,60.7,18.6,28.2,56.5,43.5,248,439,54.8,1556,71.4,6.7,81.4,145,780,45.2,1286,41.2,1170,32.2,42.9,292,1322,1228,2842,59.8,38.7,39.4,22.0,437,44.2,193,25.2,110,26.1,114,4.6,20,3.64,,12,30,163.1,R,,,20.2,32.4,94.9,2305.0,-13.4,-19.5,6.2,94.2,2137.0,-17.9,-26.2,,,,,,10.3,86.0,2131.0,-17.2,-36.7,43.2,82.3,3088.0,13.6,-48.3,8.0,89.1,2480.0,-0.6,-27.1,,,,,,,,,,
"Lynn, Lance",458681,2023,729,808,189,116,26,3,44,191,67,23.6,8.3,0.259,0.484,0.328,0.812,0.247,0.461,0.347,0.336,0.318,0.214,0.421,0.405,0.35,0.335,0.012,0.023,0.011,4.83,88.7,17.0,35.2,56,10.4,5.9,22.2,29.4,26.5,5.0,39.3,77.065476868,94.313936189,74.1,22.0,28.3,44.9,55.1,211,470,52.4,1661,86.0,6.8,78.0,245,1116,47.6,1507,42.4,1342,28.8,50.1,220,2505,442,3167,64.2,38.5,35.7,25.7,540,36.3,196,30.6,165,24.1,130,9.1,49,5.73,,13,32,183.2,R,,,32.5,43.7,92.4,2424.0,-3.2,-18.4,12.7,91.4,2259.0,-11.6,-25.7,,,,,,6.9,84.9,1803.0,-14.1,-31.7,14.0,81.9,2487.0,9.2,-42.4,22.7,88.7,2575.0,2.6,-28.8,,,,,,,,,,
"Gibson, Kyle",502043,2023,732,807,198,127,43,5,23,157,55,19.5,6.8,0.27,0.437,0.322,0.759,0.264,0.445,0.326,0.333,0.32,0.181,0.375,0.384,0.338,0.334,0.006,-0.008,-0.007,4.73,89.7,8.2,33.4,45,7.6,8.5,22.9,20.0,36.8,4.1,44.5,78.377673356,94.787380789,65.9,15.8,27.8,45.3,54.7,204,450,53.4,1621,76.4,6.0,84.2,148,934,46.6,1417,41.6,1265,25.4,45.6,517,1705,256,3038,62.5,41.3,38.2,20.5,589,49.7,293,23.4,138,22.8,134,4.1,24,4.73,,17,33,192.0,R,,,43.8,13.5,92.1,2258.0,-5.6,-15.8,26.1,91.9,2117.0,-14.3,-24.2,,,,,,17.0,85.5,1679.0,-14.0,-33.3,8.4,79.5,2447.0,6.4,-50.8,16.6,89.8,2352.0,1.3,-23.2,,,,,,,,,,
"Kelly, Merrill",518876,2023,645,721,143,90,30,3,20,187,68,25.9,9.4,0.222,0.371,0.299,0.67,0.241,0.394,0.294,0.313,0.316,0.153,0.35,0.38,0.31,0.338,-0.019,-0.023,-0.019,4.13,89.6,11.8,35.1,36,7.8,7.4,24.9,22.5,33.8,3.7,41.8,78.631396856,94.559456681,68.3,18.1,32.9,42.3,57.7,213,503,54.5,1528,79.9,6.4,81.9,158,872,45.5,1277,46.2,1295,27.0,49.1,647,1693,463,2803,61.0,42.4,37.2,20.3,462,45.7,211,23.6,109,24.0,111,6.7,31,3.29,,18,30,177.2,R,,,26.9,29.8,92.2,2344.0,-7.4,-17.5,12.2,92.4,2206.0,-15.4,-25.6,5.5,85.4,2320.0,1.6,-34.3,23.1,88.7,2138.0,-15.7,-33.8,11.0,82.1,2569.0,8.9,-51.0,18.4,90.8,2350.0,-1.3,-20.6,,,,,,,,,,
"Cole, Gerrit",543037,2023,761,821,157,110,26,1,20,222,48,27.0,5.8,0.206,0.322,0.259,0.581,0.229,0.38,0.256,0.288,0.281,0.151,0.316,0.365,0.29,0.323,-0.023,-0.058,-0.032,3.45,89.2,14.8,33.7,41,7.6,5.9,27.1,28.2,26.9,3.7,39.2,78.703162612,93.996080634,70.5,19.4,29.9,41.9,58.1,207,494,50.4,1653,76.7,7.5,80.6,223,1149,49.6,1629,42.9,1409,26.2,50.1,233,1969,1079,3281,67.7,32.4,43.5,24.1,543,40.3,219,27.4,149,24.9,135,7.4,40,2.63,,24,33,209.0,R,,,42.1,52.9,96.7,2412.0,-8.4,-12.0,0.0,95.4,2249.0,-14.0,-17.8,20.8,89.1,2542.0,4.7,-32.6,7.1,89.1,1581.0,-14.2,-24.4,12.1,82.9,2783.0,10.1,-53.9,7.0,92.7,2510.0,2.8,-20.8,,,,,,,,,,
"Gray, Sonny",543243,2023,689,754,156,111,34,3,8,183,55,24.3,7.3,0.226,0.319,0.288,0.607,0.24,0.372,0.27,0.298,0.302,0.132,0.316,0.357,0.306,0.327,-0.014,-0.053,-0.028,3.71,89.1,9.6,32.9,35,6.9,5.9,24.3,22.2,36.9,3.9,39.2,78.435195138,94.126464752,67.5,15.2,28.4,51.4,48.6,208,405,50.6,1426,74.7,8.4,84.8,143,939,49.4,1392,41.0,1156,26.1,47.7,188,1576,473,2818,61.0,39.2,35.7,25.1,510,48.0,245,19.8,101,26.9,137,5.3,27,2.79,,17,32,184.0,R,,,48.2,26.8,92.9,2537.0,0.5,-19.0,16.0,92.8,2445.0,-10.5,-22.0,,,,,,6.7,87.9,1715.0,-13.6,-29.6,16.9,79.5,2643.0,12.9,-58.1,13.1,87.6,2713.0,5.4,-34.6,,,,,,,,,,
"Lyles, Jordan",543475,2023,689,748,176,87,48,2,39,120,45,16.0,6.0,0.255,0.501,0.305,0.806,0.26,0.483,0.34,0.339,0.31,0.223,0.379,0.377,0.307,0.313,-0.005,0.018,0.001,4.93,89.0,19.8,34.6,57,9.9,5.4,21.4,34.3,25.0,4.0,35.5,78.646858035,93.749665333,69.6,11.9,28.4,38.3,61.7,160,418,52.2,1470,79.2,7.3,88.0,112,938,47.8,1347,43.0,1210,20.1,48.1,307,1444,370,2817,59.9,44.2,33.2,22.6,575,33.9,195,33.0,190,23.1,133,9.9,57,6.28,,4,31,177.2,R,,,43.7,30.3,91.2,2251.0,-6.1,-16.5,13.4,90.5,2136.0,-12.7,-21.8,,,,,,10.9,85.5,1677.0,-13.3,-30.8,13.1,79.4,2437.0,6.8,-59.0,7.6,86.8,2411.0,3.8,-29.3,,,,,,,,,,
"Wheeler, Zack",554430,2023,734,787,168,111,35,2,20,212,39,26.9,5.0,0.229,0.364,0.274,0.638,0.227,0.356,0.277,0.278,0.274,0.129,0.35,0.352,0.319,0.319,0.002,0.008,-0.001,3.21,86.9,14.2,35.1,27,5.1,7.4,24.9,26.8,30.2,5.7,36.4,75.393585916,93.267420573,70.6,20.2,32.1,46.9,53.1,239,510,50.3,1587,80.6,6.9,79.8,224,1107,49.7,1568,44.4,1402,28.6,51.3,13,2394,361,3155,61.6,37.4,35.1,27.5,527,41.2,217,26.0,137,23.7,125,9.1,48,3.61,,21,32,192.0,R,,,30.7,43.3,95.8,2495.0,-6.3,-14.5,18.2,95.2,2315.0,-15.6,-22.0,,,,,,0.4,90.8,1796.0,-15.1,-22.7,11.4,81.4,2742.0,10.0,-51.7,14.4,90.9,2571.0,2.5,-27.0,,,,,,,,,,
"Corbin, Patrick",571578,2023,717,790,210,142,34,1,33,124,57,15.7,7.2,0.293,0.481,0.344,0.825,0.298,0.52,0.353,0.373,0.351,0.222,0.391,0.417,0.349,0.358,-0.005,-0.039,-0.02,6.16,90.7,11.7,37.9,56,9.3,7.4,24.5,21.8,33.4,3.3,44.0,80.192000808,94.927415572,65.4,11.8,27.1,43.1,56.9,176,408,51.5,1506,72.2,7.6,88.2,109,926,48.5,1416,44.4,1297,21.4,45.7,186,1711,1025,2922,65.4,38.3,37.4,24.3,605,45.3,274,25.3,153,24.5,148,5.0,30,5.2,,15,32,180.0,L,,,40.9,17.0,91.7,2101.0,8.5,-18.6,41.5,92.1,2036.0,14.6,-21.9,35.1,80.5,2149.0,-2.6,-42.1,6.4,81.1,1564.0,12.7,-32.7,,,,,,,,,,,,,,,,,,,,
"Mikolas, Miles",571945,2023,802,860,226,145,50,5,26,137,39,15.9,4.5,0.282,0.454,0.319,0.773,0.287,0.506,0.33,0.355,0.325,0.22,0.372,0.403,0.336,0.344,-0.005,-0.052,-0.025,5.48,90.4,15.0,38.9,66,9.8,8.6,24.9,25.1,28.9,2.7,43.0,80.242845536,94.593177009,68.0,13.3,27.5,26.7,73.3,106,397,45.1,1443,80.3,9.0,86.7,159,1193,54.9,1755,44.3,1416,16.7,49.7,172,1610,1409,3197,68.0,36.5,38.7,24.8,674,39.0,263,27.7,187,26.6,179,6.7,45,4.78,,14,35,201.1,R,,,47.5,26.0,93.3,2276.0,-5.7,-16.3,24.4,92.7,2192.0,-14.1,-20.7,24.3,86.4,2335.0,3.7,-33.4,5.4,84.4,1640.0,-14.0,-30.1,20.0,75.8,2490.0,7.8,-63.0,,,,,,,,,,,,,,,
"Kikuchi, Yusei",579328,2023,646,700,165,110,27,1,27,181,48,25.9,6.9,0.255,0.426,0.311,0.737,0.245,0.436,0.319,0.318,0.301,0.191,0.401,0.4,0.355,0.34,0.01,-0.01,0.001,4.27,90.5,13.3,37.7,42,9.0,6.9,25.9,24.4,30.4,3.2,42.4,80.862697662,94.432324264,67.0,18.5,29.6,50.4,49.6,206,409,49.0,1381,78.5,8.4,81.5,178,963,51.0,1437,43.5,1227,28.0,48.7,257,1284,1274,2818,59.4,38.1,32.8,29.1,467,40.0,187,25.5,119,26.1,122,8.4,39,3.86,,9,32,167.2,L,,,42.0,45.2,95.1,2339.0,9.8,-14.3,0.4,90.1,1926.0,10.7,-24.2,26.3,88.7,2427.0,-2.5,-31.6,9.1,88.6,1708.0,9.0,-27.5,18.9,83.1,2535.0,-6.1,-43.1,,,,,,,,,,,,,,,
"Gausman, Kevin",592332,2023,700,763,163,100,43,1,19,237,55,31.1,7.2,0.233,0.379,0.291,0.67,0.231,0.406,0.292,0.303,0.291,0.176,0.391,0.409,0.351,0.35,0.002,-0.027,-0.011,3.85,89.4,12.3,36.9,46,9.9,9.4,24.5,22.3,29.6,4.1,43.3,77.897586061,94.803198308,68.2,19.9,32.6,45.8,54.2,243,531,53.1,1629,80.4,7.3,80.1,195,982,46.9,1440,43.3,1328,28.9,49.3,1176,1562,313,3069,63.4,35.2,36.3,28.5,466,42.9,200,26.4,123,24.7,115,6.0,28,3.16,,20,31,185.0,R,,,38.4,50.7,94.7,2278.0,-10.6,-13.8,0.2,92.6,2140.0,-12.5,-19.0,10.2,84.0,2236.0,1.0,-34.3,,,,,,,,,,,,,,,,38.3,86.3,1787.0,-16.3,-32.2,,,,,
"Walker, Taijuan",592836,2023,650,733,155,96,35,4,20,138,71,18.8,9.7,0.238,0.397,0.32,0.717,0.245,0.41,0.313,0.323,0.326,0.165,0.339,0.352,0.301,0.31,-0.007,-0.013,-0.01,4.42,89.1,11.1,33.1,35,6.8,6.6,22.9,24.6,33.5,5.2,40.9,77.901900078,94.417705363,63.7,13.5,27.4,34.5,65.5,145,420,54.0,1533,69.4,6.8,86.5,112,831,46.0,1304,41.5,1178,20.5,44.1,943,1645,162,2837,60.7,38.6,38.8,22.7,516,45.3,234,25.0,129,23.4,121,6.2,32,4.38,,11,31,172.2,R,,,39.9,17.6,92.8,2114.0,-9.1,-15.2,23.2,92.4,1961.0,-15.4,-20.7,,,,,,,,,,,5.7,74.8,2352.0,7.8,-60.3,17.2,87.2,2384.0,2.8,-25.3,33.2,87.9,1414.0,-11.8,-33.0,,,,,
"Bassitt, Chris",605135,2023,749,826,176,108,38,2,28,186,59,22.5,7.1,0.235,0.403,0.299,0.702,0.238,0.409,0.304,0.31,0.303,0.171,0.355,0.365,0.31,0.315,-0.003,-0.006,-0.006,4.04,87.5,13.2,36.0,47,8.3,6.0,21.1,26.4,32.9,5.1,35.3,75.819874626,93.662809412,65.6,16.6,27.0,36.3,63.7,145,400,47.3,1484,75.0,9.0,83.4,180,1085,52.7,1655,42.5,1335,21.9,47.3,309,2008,541,3139,63.4,38.7,34.4,26.9,569,42.9,244,27.1,154,23.2,132,6.9,39,3.6,,21,33,200.0,R,,,39.5,9.3,92.4,2153.0,-5.3,-18.9,39.2,91.9,2096.0,-15.9,-23.8,4.6,80.3,2334.0,7.5,-43.7,6.5,84.1,1931.0,-17.2,-30.6,12.6,70.7,2269.0,14.0,-69.9,15.4,87.8,2205.0,2.5,-27.3,3.3,82.6,1406.0,-13.6,-36.1,,,,,
"Nola, Aaron",605400,2023,741,793,178,108,35,3,32,202,45,25.5,5.7,0.24,0.425,0.283,0.708,0.235,0.408,0.303,0.297,0.279,0.173,0.382,0.373,0.328,0.322,0.005,0.017,0.006,3.69,89.3,12.7,36.3,45,8.3,7.7,23.3,25.9,31.6,3.3,38.5,78.53543572,94.143390037,64.5,16.9,34.7,42.0,58.0,230,548,51.1,1577,69.7,6.5,83.1,165,974,48.9,1510,46.9,1449,26.0,49.3,385,1725,977,3087,64.8,42.4,35.8,21.8,545,43.1,235,25.9,141,24.6,134,6.4,35,4.46,,15,32,193.2,R,,,22.8,29.7,92.7,2306.0,-12.3,-16.8,18.7,91.7,2212.0,-17.4,-23.6,,,,,,12.5,85.9,1557.0,-14.8,-32.5,31.6,79.4,2591.0,12.5,-54.8,7.5,86.3,2266.0,0.8,-30.2,,,,,,,,,,
"Snell, Blake",605483,2023,636,742,115,78,22,0,15,234,99,31.5,13.3,0.181,0.286,0.293,0.579,0.205,0.352,0.266,0.301,0.316,0.147,0.312,0.376,0.284,0.326,-0.024,-0.066,-0.035,3.79,87.2,10.6,37.0,30,7.4,7.9,23.7,22.2,32.1,4.9,33.8,75.667264472,93.364914171,65.6,23.8,27.9,58.4,41.4,310,531,60.1,1905,71.2,5.1,76.2,197,828,39.9,1263,41.9,1328,37.3,42.9,584,1541,1043,3168,59.3,37.3,35.3,27.4,405,43.7,177,24.9,101,26.4,107,4.9,20,2.25,,20,32,180.0,L,,,57.5,48.6,95.5,2430.0,4.6,-11.4,0.1,95.9,2411.0,6.6,-10.8,13.1,88.4,2345.0,-3.0,-28.0,18.4,86.7,1796.0,12.8,-25.5,19.8,81.0,2399.0,-12.6,-52.6,,,,,,,,,,,,,,,
"Giolito, Lucas",608337,2023,705,794,169,87,34,7,41,204,73,25.7,9.2,0.24,0.482,0.317,0.799,0.236,0.449,0.339,0.329,0.314,0.213,0.419,0.403,0.333,0.33,0.004,0.033,0.01,4.61,89.2,18.5,33.3,56,11.0,6.9,23.1,30.0,25.2,3.6,41.6,77.97955087,94.420691621,67.6,18.8,27.0,52.6,47.4,233,443,51.4,1639,77.5,7.5,81.2,197,1049,48.6,1552,41.3,1318,28.8,46.8,902,1338,950,3190,61.3,40.6,32.9,26.4,507,36.1,183,29.0,147,23.1,117,11.8,60,4.88,,15,33,184.1,R,,,51.4,41.9,93.1,2173.0,-5.5,-13.5,0.1,94.1,2312.0,-4.3,-12.7,28.2,84.0,1978.0,1.6,-38.3,28.3,80.9,1547.0,-12.8,-30.7,1.5,77.9,2334.0,6.2,-60.3,,,,,,,,,,,,,,,
"Eflin, Zach",621107,2023,671,703,158,104,31,4,19,186,24,26.5,3.4,0.235,0.379,0.264,0.643,0.218,0.382,0.276,0.271,0.248,0.165,0.358,0.351,0.324,0.301,0.017,-0.003,0.005,3.04,87.5,9.1,29.2,44,9.0,5.5,21.6,21.2,36.1,6.3,35.1,75.557414813,93.73501605,64.4,17.0,34.0,38.8,61.2,163,420,47.9,1234,76.7,6.8,83.0,147,865,52.1,1343,46.3,1192,24.1,49.9,131,1654,686,2577,65.7,42.2,35.9,21.8,490,50.4,247,22.0,108,20.2,99,7.3,36,3.5,,17,31,177.2,R,,,32.7,5.8,93.1,2229.0,-7.6,-17.4,32.3,92.2,2099.0,-16.6,-26.3,0.3,84.1,2292.0,5.8,-38.2,5.1,86.4,1615.0,-15.8,-32.0,26.3,79.1,2503.0,11.5,-51.4,26.1,88.5,2236.0,2.4,-26.3,,,,,,,,,,
"Berríos, José",621244,2023,717,782,173,113,33,2,25,184,52,23.5,6.6,0.241,0.397,0.3,0.697,0.257,0.441,0.302,0.327,0.315,0.184,0.363,0.398,0.323,0.345,-0.016,-0.044,-0.025,4.55,88.2,11.8,39.1,46,8.6,4.8,28.3,23.6,30.7,3.7,35.8,77.334530262,93.583561201,63.2,16.8,30.5,42.7,57.3,195,457,51.0,1498,69.8,7.3,83.2,153,909,49.0,1439,43.4,1276,25.5,46.5,543,1524,0,2937,63.0,38.2,38.0,23.8,537,42.1,226,25.1,135,26.6,143,6.1,33,3.65,,15,32,189.2,R,,,41.3,20.3,94.3,2230.0,-8.9,-15.0,31.5,93.8,2116.0,-15.6,-19.2,,,,,,18.5,84.1,1436.0,-14.2,-34.4,,,,,,0.0,92.4,1990.0,-7.8,-17.6,,,,,,,,,,
"Castillo, Luis",622491,2023,735,802,160,91,36,5,28,219,56,27.3,7.0,0.218,0.395,0.276,0.671,0.226,0.414,0.289,0.302,0.285,0.188,0.363,0.383,0.307,0.321,-0.008,-0.019,-0.013,3.82,90.0,15.9,31.0,49,9.4,7.1,20.3,28.9,30.7,3.4,41.8,78.960209073,94.709603649,73.4,22.9,31.3,48.2,51.8,245,508,50.6,1623,77.7,7.4,77.1,266,1162,49.4,1584,43.7,1403,30.6,52.1,500,1997,710,3207,63.7,35.6,36.6,27.8,522,39.5,206,27.6,144,23.9,125,9.0,47,3.34,,18,33,197.0,R,,,18.1,44.3,96.3,2287.0,-12.0,-16.0,18.0,95.9,2099.0,-18.5,-24.9,22.1,85.7,2347.0,1.1,-36.9,15.6,88.3,1906.0,-17.8,-33.7,,,,,,,,,,,,,,,,,,,,
"López, Pablo",641154,2023,738,801,176,121,26,5,24,234,48,29.2,6.0,0.238,0.385,0.292,0.677,0.213,0.343,0.294,0.27,0.269,0.13,0.384,0.346,0.346,0.311,0.025,0.042,0.024,3.02,87.1,12.6,32.4,32,6.3,5.7,24.4,25.1,33.0,5.5,34.8,75.934517778,93.235848194,69.2,21.4,34.3,48.0,52.0,250,521,50.2,1519,75.4,7.5,78.5,223,1041,49.8,1505,44.7,1352,30.3,51.7,638,1363,374,3024,68.9,41.7,36.5,21.8,509,45.4,231,25.3,129,22.8,116,6.7,34,3.66,,20,32,194.0,R,,,36.1,34.5,94.9,2262.0,-5.0,-16.0,10.6,94.5,2114.0,-14.2,-22.4,,,,,,21.1,88.4,2067.0,-16.5,-29.2,12.4,82.5,2655.0,9.0,-50.6,,,,,,,,,,,,,,,
"Dunning, Dane",641540,2023,652,722,163,113,27,3,20,140,55,19.4,7.6,0.25,0.393,0.316,0.709,0.258,0.418,0.31,0.325,0.324,0.16,0.344,0.366,0.315,0.327,-0.008,-0.025,-0.015,4.48,88.8,10.8,32.5,39,7.5,6.6,25.1,22.4,34.8,3.3,40.2,77.759256899,94.06919,66.0,14.3,27.9,41.4,58.6,155,374,49.8,1342,78.9,7.9,85.7,128,894,50.2,1354,43.3,1168,22.3,47.0,421,1518,757,2696,63.0,41.8,37.1,21.1,517,47.2,244,24.2,125,22.4,116,6.2,32,3.7,,12,35,172.2,R,,,37.6,2.4,90.6,2169.0,-5.8,-20.7,33.9,90.9,2055.0,-13.9,-25.4,23.4,82.1,2361.0,3.0,-42.0,15.6,85.7,1775.0,-16.9,-32.4,4.7,77.7,2173.0,10.5,-60.6,20.0,88.9,2190.0,1.1,-24.4,,,,,,,,,,
"Peralta, Freddy",642547,2023,617,680,131,75,30,0,26,210,54,30.9,7.9,0.212,0.387,0.282,0.669,0.211,0.364,0.291,0.284,0.28,0.153,0.381,0.369,0.321,0.319,0.001,0.023,0.007,3.35,87.6,14.6,32.3,35,8.6,6.8,20.3,27.9,31.1,5.4,37.7,75.952795517,93.704981926,68.8,24.2,28.8,53.8,46.2,231,429,52.5,1491,74.7,6.6,75.8,224,927,47.5,1348,43.0,1221,33.6,47.8,415,1453,971,2839,62.4,42.5,30.6,26.9,409,42.8,175,27.1,111,20.5,84,9.5,39,3.86,,16,30,165.2,R,,,35.7,51.2,94.4,2414.0,-6.9,-15.3,,,,,,21.8,82.4,2342.0,7.4,-37.4,14.6,88.6,1707.0,-14.2,-30.2,12.4,76.9,2177.0,4.2,-51.8,,,,,,,,,,,,,,,
"Alcantara, Sandy",645261,2023,700,762,176,123,30,1,22,151,48,19.8,6.3,0.251,0.391,0.302,0.693,0.26,0.418,0.301,0.319,0.313,0.158,0.345,0.37,0.317,0.332,-0.009,-0.027,-0.018,4.3,88.8,7.0,31.4,39,7.0,6.6,24.6,19.0,37.9,4.8,40.6,77.348736884,94.275894674,72.1,19.1,34.8,39.7,60.5,181,456,48.1,1310,83.4,7.1,80.8,194,1018,51.9,1411,45.6,1242,25.4,54.2,742,1903,76,2721,65.0,36.8,39.9,23.3,557,51.9,289,21.5,120,21.9,122,4.7,26,4.14,,13,28,184.2,R,,,33.7,21.4,98.0,2254.0,-11.9,-15.1,29.0,97.6,2329.0,-17.5,-21.4,2.8,86.4,2451.0,3.2,-38.8,27.3,91.1,1968.0,-16.3,-29.3,,,,,,19.6,89.9,2365.0,0.4,-29.6,,,,,,,,,,
"Cease, Dylan",656302,2023,689,784,172,112,32,9,19,214,79,27.3,10.1,0.25,0.405,0.332,0.737,0.239,0.386,0.321,0.314,0.324,0.148,0.397,0.386,0.358,0.345,0.011,0.019,0.007,4.16,90.0,15.4,36.8,30,6.2,6.9,31.2,28.5,24.7,2.5,41.6,79.788605816,94.355014456,68.6,18.7,28.2,55.5,44.5,281,506,55.1,1796,76.9,6.9,81.3,188,1005,44.9,1466,38.7,1264,31.0,46.3,99,1408,1755,3262,61.1,41.0,34.9,24.1,481,36.8,177,27.2,131,27.9,134,8.1,39,4.58,,12,33,177.0,R,,,53.4,43.2,95.6,2519.0,-3.2,-11.2,,,,,,38.6,86.3,2795.0,2.5,-34.7,3.0,74.6,1678.0,-7.0,-33.3,15.2,80.2,2641.0,3.6,-58.5,,,,,,,,,,,,,,,
"Keller, Mitch",656605,2023,752,825,187,122,38,2,25,210,55,25.5,6.7,0.249,0.404,0.308,0.712,0.248,0.406,0.31,0.315,0.31,0.158,0.381,0.389,0.342,0.344,0.001,-0.002,-0.005,4.18,87.7,10.3,36.5,47,8.6,4.0,27.7,22.4,32.1,5.1,35.6,75.953749524,93.735176239,65.5,18.1,27.1,37.6,62.4,147,391,46.2,1441,71.6,8.8,81.9,199,1099,53.8,1678,42.5,1325,23.2,47.8,88,2281,249,3119,63.8,34.7,36.5,28.8,548,44.2,242,25.5,140,25.0,137,5.3,29,4.21,,18,32,194.1,R,,,38.9,26.0,95.2,2378.0,-9.0,-15.2,22.8,93.8,2374.0,-15.6,-21.9,,,,,,2.8,90.7,1646.0,-15.4,-29.8,8.0,78.0,2604.0,12.5,-59.9,24.3,89.7,2456.0,3.6,-28.3,,,,,,,,,,
"Montgomery, Jordan",656756,2023,718,777,177,111,45,3,18,166,48,21.4,6.2,0.247,0.393,0.295,0.688,0.249,0.41,0.298,0.308,0.299,0.161,0.35,0.364,0.318,0.323,-0.002,-0.017,-0.01,3.98,88.3,12.0,36.3,42,7.5,5.7,25.4,24.5,31.8,4.5,37.9,77.154947138,93.903178297,66.4,17.7,30.0,43.0,57.0,195,454,51.8,1513,76.4,6.8,82.3,166,936,48.2,1409,43.1,1259,26.0,47.6,670,1598,652,2920,64.7,36.7,36.3,27.0,559,43.8,245,23.6,132,27.0,151,5.5,31,3.2,,20,32,188.2,L,,,46.7,10.9,93.2,2345.0,5.9,-15.9,42.7,93.3,2199.0,15.4,-20.9,0.2,87.4,2388.0,-3.2,-28.9,22.9,83.5,1673.0,9.2,-26.3,22.2,80.5,2356.0,-3.0,-48.7,1.2,88.1,2377.0,-2.2,-28.3,,,,,,,,,,
"Steele, Justin",657006,2023,666,716,167,117,34,2,14,176,36,24.6,5.0,0.251,0.371,0.295,0.666,0.247,0.368,0.291,0.291,0.293,0.121,0.359,0.359,0.339,0.336,0.004,0.003,0.0,3.53,87.8,9.3,33.4,27,5.4,4.2,28.0,20.5,36.6,5.2,36.6,76.614522327,93.56474102,71.5,15.8,31.9,44.9,55.1,179,399,46.8,1252,80.8,8.2,84.2,161,1019,53.2,1426,43.0,1152,24.0,52.9,28,1724,926,2678,65.5,41.4,34.2,24.3,497,50.3,250,19.5,97,24.1,120,6.0,30,3.06,,20,30,173.1,L,,,47.3,62.8,91.8,2402.0,-1.3,-21.5,1.6,91.8,2389.0,8.6,-21.3,33.8,83.3,2658.0,-14.1,-39.9,1.0,87.5,1745.0,11.0,-28.2,0.7,80.5,2666.0,-11.1,-51.7,,,,,,,,,,,,,,,
"Webb, Logan",657277,2023,811,850,201,143,34,4,20,194,31,22.8,3.6,0.248,0.374,0.28,0.654,0.251,0.397,0.283,0.296,0.283,0.146,0.348,0.365,0.326,0.33,-0.003,-0.023,-0.013,3.66,90.7,0.6,28.4,43,6.9,4.2,25.4,12.1,46.7,3.9,46.0,79.69594423,95.252167361,62.4,11.3,32.5,39.0,61.0,202,518,50.2,1596,78.1,6.8,88.7,112,989,49.8,1586,45.7,1455,20.8,47.4,1324,1185,0,3182,65.3,38.6,41.8,19.5,619,62.7,388,14.9,92,20.5,127,1.9,12,3.25,,24,33,216.0,R,,,22.1,4.1,92.6,1979.0,-10.8,-23.0,33.2,92.3,1873.0,-16.0,-31.3,,,,,,41.6,87.5,1476.0,-11.3,-40.0,,,,,,,,,,,,,,,,,,,,
"Valdez, Framber",664285,2023,728,808,166,107,37,3,19,200,57,24.8,7.1,0.228,0.365,0.29,0.655,0.248,0.411,0.287,0.319,0.313,0.163,0.342,0.391,0.31,0.344,-0.02,-0.046,-0.032,4.3,91.5,4.2,30.9,43,8.0,6.9,25.0,14.1,43.0,2.6,45.6,81.844590865,95.101299868,65.1,13.8,29.0,56.1,43.9,238,424,49.6,1463,74.7,8.4,86.2,134,968,50.4,1488,40.8,1204,26.8,47.2,461,1486,1003,2952,58.8,40.6,35.7,23.7,540,55.2,298,18.5,100,23.9,129,2.4,13,3.45,,20,31,198.0,L,,,49.0,0.2,94.5,2121.0,12.5,-17.8,46.8,95.3,2187.0,15.8,-20.5,8.7,84.7,2636.0,-2.9,-41.8,15.6,90.1,1676.0,15.5,-29.2,25.3,80.2,2842.0,-8.7,-57.2,3.4,89.1,2438.0,-1.5,-28.1,,,,,,,,,,
"Javier, Cristian",664299,2023,611,687,143,81,33,4,25,159,62,23.1,9.0,0.234,0.424,0.309,0.733,0.228,0.451,0.317,0.325,0.306,0.222,0.369,0.382,0.312,0.308,0.006,-0.027,-0.008,4.48,89.1,23.8,38.1,43,9.4,7.4,20.7,40.3,18.3,3.5,38.3,78.877175219,93.876231451,69.2,19.7,29.3,42.2,57.8,190,450,53.3,1538,74.7,7.5,80.3,184,932,46.7,1346,41.5,1198,27.1,48.0,119,1682,219,2882,55.3,35.5,36.6,27.9,459,26.1,120,38.8,178,24.2,111,10.9,50,4.56,,11,31,162.0,R,,,38.5,58.4,92.7,2255.0,-5.6,-13.3,,,,,,0.1,80.8,2392.0,2.2,-34.3,4.1,83.7,2398.0,-15.9,-31.5,7.5,76.6,2937.0,12.2,-57.4,,,,,,,,,,,,,,,
"Kremer, Dean",665152,2023,673,735,171,117,26,1,27,157,55,21.4,7.5,0.254,0.416,0.314,0.73,0.264,0.458,0.317,0.338,0.324,0.194,0.369,0.398,0.33,0.344,-0.01,-0.042,-0.021,4.9,89.7,12.7,36.9,46,8.9,7.1,26.1,24.9,28.6,4.4,40.3,79.052297752,94.393783895,69.2,18.5,26.3,38.4,61.6,148,385,50.1,1466,76.3,7.5,81.5,187,1010,49.9,1459,43.1,1262,24.0,47.7,357,2211,261,2925,62.6,35.5,34.9,29.5,518,40.2,208,26.8,139,28.0,145,5.0,26,4.12,,14,32,172.2,R,,,37.4,36.6,94.6,2305.0,-9.6,-13.8,15.1,92.0,2011.0,-15.9,-22.4,,,,,,12.1,85.3,1715.0,-15.4,-32.7,8.9,78.1,2756.0,10.4,-55.6,23.8,88.7,2435.0,3.8,-25.9,0.1,85.6,1708.0,-13.4,-33.0,,,,,
"Luzardo, Jesús",666200,2023,677,741,162,94,43,3,22,208,55,28.1,7.4,0.239,0.409,0.301,0.71,0.23,0.416,0.307,0.307,0.293,0.186,0.393,0.394,0.344,0.332,0.009,-0.007,0.0,3.96,89.5,14.5,34.7,45,9.5,8.9,21.2,27.1,29.7,3.4,40.0,78.474338846,94.421479593,67.7,19.7,31.3,54.2,45.8,266,491,52.6,1571,77.6,6.9,80.3,189,960,47.4,1418,42.2,1260,31.4,48.6,626,1499,863,2988,59.4,37.5,34.5,28.0,472,41.1,194,28.6,135,21.6,102,8.7,41,3.58,,17,32,178.2,L,,,35.0,41.3,96.7,2250.0,13.9,-15.3,8.5,96.5,2150.0,16.8,-18.3,28.9,85.1,2320.0,0.1,-36.3,21.0,88.3,1968.0,16.2,-28.4,,,,,,0.4,91.4,2146.0,2.0,-25.8,,,,,,,,,,
"Gallen, Zac",668678,2023,790,846,188,121,42,3,22,220,47,26.0,5.6,0.238,0.382,0.284,0.666,0.25,0.435,0.289,0.315,0.296,0.184,0.362,0.401,0.328,0.346,-0.012,-0.053,-0.026,4.18,91.5,12.3,36.4,53,9.2,9.2,26.0,22.5,31.2,1.7,46.2,82.024994196,95.003873538,65.2,14.9,30.0,50.3,49.7,251,499,51.2,1663,75.5,6.2,85.1,154,1034,48.8,1585,43.8,1423,26.4,47.2,453,1913,882,3248,66.1,38.2,39.7,22.1,574,42.3,243,26.5,152,27.0,155,4.2,24,3.47,,20,34,210.0,R,,,42.7,49.7,93.5,2297.0,-3.0,-14.4,0.0,93.8,2394.0,-1.9,-11.6,4.5,87.4,2427.0,5.3,-34.2,13.9,86.8,1517.0,-12.6,-32.1,22.7,82.5,2463.0,4.0,-51.0,9.2,90.2,2334.0,3.3,-24.6,,,,,,,,,,
"Burnes, Corbin",669203,2023,704,784,141,99,19,1,22,200,66,25.5,8.4,0.2,0.324,0.274,0.598,0.221,0.347,0.266,0.287,0.296,0.126,0.307,0.34,0.276,0.309,-0.021,-0.023,-0.021,3.43,86.4,10.5,31.0,27,5.3,4.7,24.9,25.1,35.3,4.7,32.4,74.856549488,92.974631594,65.8,17.9,30.0,48.8,51.2,245,502,54.4,1676,71.8,6.6,82.1,165,923,45.6,1403,41.9,1291,28.8,46.3,346,1942,651,3079,59.3,43.9,34.7,21.4,510,44.1,225,24.3,124,25.9,132,5.7,29,3.39,,19,32,193.2,R,,,43.3,,,,,,7.7,95.3,2489.0,-10.7,-19.1,3.9,88.1,2807.0,7.1,-34.3,11.2,89.3,2049.0,-13.8,-27.2,17.2,79.9,2794.0,10.4,-53.9,55.4,94.4,2655.0,3.1,-19.2,,,,,,,,,,
"Gilbert, Logan",669302,2023,724,770,169,102,36,2,29,189,36,24.5,4.7,0.233,0.409,0.27,0.679,0.238,0.411,0.29,0.295,0.275,0.173,0.363,0.371,0.313,0.321,-0.005,-0.002,-0.005,3.63,90.5,13.6,35.0,49,9.0,6.1,23.9,27.3,30.8,2.9,44.6,80.44648539,94.746169145,71.5,18.1,29.8,49.3,50.7,199,404,46.4,1355,84.3,9.1,81.9,203,1120,53.6,1567,40.7,1190,26.4,52.2,432,1231,1259,2922,63.5,40.1,36.1,23.8,543,42.2,229,28.5,155,23.2,126,6.1,33,3.73,,18,32,190.2,R,,,52.3,41.8,95.7,2000.0,-6.1,-12.8,0.4,94.2,1956.0,-11.6,-16.0,29.7,88.7,2009.0,0.8,-34.4,,,,,,13.4,80.3,2324.0,7.1,-55.1,,,,,,14.8,85.6,906.0,-7.3,-33.2,,,,,
"Kirby, George",669923,2023,727,757,179,122,28,7,22,172,19,22.7,2.5,0.246,0.395,0.27,0.665,0.258,0.427,0.284,0.305,0.282,0.17,0.354,0.382,0.321,0.337,-0.012,-0.032,-0.021,3.9,89.2,12.4,32.0,42,7.5,5.9,25.5,24.3,34.5,2.3,40.9,78.350455269,94.249794794,70.9,17.2,32.9,39.1,60.9,157,402,43.2,1221,77.9,8.6,82.8,196,1138,56.8,1604,45.3,1279,22.9,54.5,222,1721,880,2825,69.5,38.2,31.4,30.4,560,44.6,250,25.7,144,22.1,124,7.5,42,3.35,,20,31,190.2,R,,,35.7,39.8,96.1,2210.0,-8.4,-14.4,21.2,95.8,2227.0,-15.8,-19.5,19.7,86.3,2335.0,11.0,-39.2,1.8,86.6,1518.0,-16.0,-31.3,11.5,81.8,2343.0,9.2,-53.9,,,,,,6.1,84.9,799.0,-10.3,-37.5,0.1,75.1,452.0,-5.6,-45.6
"Oviedo, Johan",670912,2023,678,781,161,96,41,5,19,158,83,20.2,10.6,0.237,0.397,0.33,0.727,0.245,0.407,0.319,0.33,0.339,0.162,0.347,0.362,0.307,0.32,-0.008,-0.01,-0.011,4.64,88.6,11.9,32.2,40,7.6,6.5,23.4,24.0,32.0,6.1,40.2,77.184773602,94.173687869,69.8,16.1,24.7,52.1,47.9,198,380,51.6,1540,75.9,7.4,83.8,162,1006,48.4,1442,42.1,1255,26.0,46.5,126,1313,1541,2980,53.9,40.6,36.6,22.9,525,44.6,234,23.0,121,25.0,131,7.2,38,4.31,,14,32,177.2,R,,,30.2,38.8,95.8,2269.0,-9.8,-19.5,5.2,95.7,2303.0,-15.2,-21.0,36.6,88.2,2470.0,5.1,-31.7,4.2,88.2,1822.0,-15.2,-27.5,15.1,81.0,2386.0,7.0,-42.5,,,,,,,,,,,,,,,
"Senga, Kodai",673540,2023,606,694,126,88,21,0,17,202,77,29.1,11.1,0.208,0.327,0.301,0.628,0.222,0.369,0.282,0.305,0.314,0.146,0.338,0.377,0.309,0.332,-0.014,-0.042,-0.023,3.9,89.0,12.8,31.5,28,6.8,5.4,26.9,24.7,31.8,4.2,40.6,77.901311034,94.284814148,66.8,17.5,27.4,54.3,45.7,229,422,55.0,1540,81.4,6.3,82.5,147,842,45.0,1260,40.6,1138,29.7,45.2,664,1732,234,2795,56.9,39.9,34.7,25.4,409,44.0,180,24.9,102,21.8,89,9.3,38,2.98,,16,29,166.1,R,,,47.6,37.0,95.7,2283.0,-8.0,-13.4,,,,,,5.8,84.6,2483.0,1.7,-36.7,,,,,,2.6,72.7,2492.0,3.5,-63.5,25.0,90.8,2498.0,0.6,-23.4,,,,,,,,,,
"Strider, Spencer",675911,2023,696,763,146,92,29,3,22,281,58,36.8,7.6,0.21,0.355,0.279,0.634,0.202,0.347,0.279,0.273,0.272,0.146,0.4,0.39,0.352,0.338,0.008,0.008,0.006,3.09,88.5,17.0,40.2,34,8.2,8.2,25.1,31.1,25.3,2.2,36.1,77.7258957,93.784333768,70.7,26.5,34.3,65.0,35.0,336,517,48.6,1506,83.7,7.7,73.5,299,1127,51.4,1594,42.8,1326,38.6,53.0,225,1826,1048,3100,67.1,31.1,34.5,34.5,415,34.9,145,31.8,132,25.8,107,7.5,31,3.86,,18,32,186.2,R,,,47.6,58.9,97.2,2362.0,-6.1,-10.6,,,,,,33.8,85.6,2345.0,5.6,-35.9,7.3,87.0,2257.0,-14.5,-23.7,,,,,,,,,,,,,,,,,,,,
"Sears, JP",676664,2023,662,735,165,94,33,4,34,161,53,21.9,7.2,0.249,0.465,0.319,0.784,0.243,0.457,0.335,0.332,0.314,0.215,0.394,0.389,0.327,0.32,0.006,0.008,0.003,4.7,88.6,22.6,32.7,56,11.1,6.3,21.8,35.4,21.0,4.4,38.4,77.25363428,94.084952044,71.6,20.3,29.4,36.4,63.6,150,412,48.8,1400,79.4,8.0,79.7,213,1051,51.2,1467,43.6,1249,24.8,51.0,434,1441,443,2867,64.8,40.2,31.1,28.7,505,30.5,154,35.4,179,21.8,110,12.3,62,4.54,,9,32,172.1,L,,,23.0,50.1,93.1,2135.0,11.2,-16.9,0.1,92.4,2117.0,15.1,-23.5,15.4,82.1,2464.0,-2.3,-33.9,15.1,84.1,1716.0,16.7,-35.4,0.0,81.6,2409.0,-9.4,-43.7,,,,,,,,,,,,,,,
"Bradish, Kyle",680694,2023,615,671,132,90,27,1,14,168,44,25.0,6.6,0.215,0.33,0.275,0.605,0.235,0.391,0.268,0.3,0.295,0.155,0.318,0.366,0.294,0.324,-0.02,-0.061,-0.032,3.77,90.0,6.6,33.3,31,6.9,5.6,23.8,20.2,40.9,2.4,42.0,80.023999375,94.268400156,64.2,13.5,27.7,54.5,45.5,201,369,50.5,1333,72.6,7.5,86.5,113,839,49.5,1307,42.8,1131,26.0,45.8,173,1184,1281,2639,57.7,29.8,43.6,26.7,450,49.1,221,22.4,101,25.8,116,2.7,12,2.83,,18,30,168.2,R,,,53.7,22.2,94.5,2383.0,2.9,-17.9,22.7,94.6,2157.0,-11.0,-19.4,31.2,88.1,2650.0,12.5,-35.4,6.6,90.8,1377.0,-12.5,-25.5,17.3,84.8,2615.0,5.5,-51.0,,,,,,,,,,,,,,,
"Elder, Bryce",693821,2023,654,732,160,106,32,3,19,128,63,17.5,8.6,0.245,0.39,0.316,0.706,0.258,0.415,0.309,0.327,0.33,0.156,0.332,0.356,0.301,0.32,-0.013,-0.025,-0.018,4.55,89.9,8.5,32.0,32,6.0,5.8,24.6,22.2,37.8,3.4,41.0,79.502454545,94.398947273,67.0,13.8,28.5,43.4,56.6,190,438,53.9,1535,76.4,6.8,86.3,121,880,46.1,1314,42.6,1215,23.6,46.3,393,1450,1006,2849,63.1,43.0,35.0,22.0,532,50.6,269,21.1,112,23.7,126,4.7,25,3.81,,16,31,174.2,R,,,52.9,12.6,90.8,2132.0,-3.8,-17.8,38.3,89.5,1970.0,-13.1,-25.8,35.3,82.7,2414.0,-0.1,-41.6,13.8,85.0,2070.0,-11.2,-34.2,,,,,,,,,,,,,,,,,,,,
"Morton, Charlie",450203,2024,613,701,154,94,35,2,23,167,65,23.8,9.3,0.251,0.427,0.339,0.766,0.242,0.415,0.335,0.331,0.332,0.174,0.394,0.388,0.342,0.332,0.009,0.012,0.004,4.52,88.7,9.0,33.0,42,9.3,5.5,25.1,19.5,35.3,5.1,38.4,77.729736875,93.929105313,66.3,16.1,28.0,48.5,51.5,195,402,51.4,1434,76.4,7.0,83.9,145,900,48.6,1357,43.5,1215,26.1,46.6,307,1301,1183,2791,59.5,41.7,35.5,22.8,451,47.2,213,23.3,105,25.5,115,4.0,18,4.19,,12,30,165.1,R,,,20.8,28.6,94.1,2249.0,-13.6,-20.4,10.2,93.6,2130.0,-17.3,-27.7,,,,,,11.0,85.0,2172.0,-17.2,-37.8,42.4,81.5,3085.0,13.6,-50.2,7.8,88.5,2445.0,0.0,-29.0,,,,,,,,,,
"Quintana, Jose",500779,2024,634,717,150,96,29,3,22,135,63,18.8,8.8,0.237,0.396,0.314,0.71,0.254,0.414,0.312,0.33,0.331,0.16,0.339,0.365,0.298,0.321,-0.017,-0.018,-0.018,4.49,88.0,10.7,32.9,34,6.7,7.3,25.4,23.2,30.9,6.5,38.2,76.44604848,93.89600374,64.5,12.0,28.0,38.7,61.3,179,463,58.7,1656,76.2,5.2,88.0,90,751,41.3,1164,43.8,1235,22.2,43.1,544,1491,616,2819,63.0,38.2,39.6,22.2,508,48.2,245,24.0,122,22.2,113,5.5,28,3.75,,12,31,170.1,L,,,44.6,22.5,90.7,2073.0,3.9,-17.2,30.4,90.8,2065.0,13.9,-20.6,,,,,,19.3,85.7,1323.0,14.3,-33.1,21.9,77.6,2227.0,-6.9,-53.5,,,,,,,,,,,,,,,
"Gibson, Kyle",502043,2024,641,722,161,104,30,4,23,151,68,20.9,9.4,0.251,0.418,0.324,0.742,0.259,0.435,0.323,0.34,0.334,0.176,0.369,0.394,0.325,0.339,-0.008,-0.017,-0.017,4.8,88.2,12.0,34.3,46,9.2,5.2,26.7,23.0,30.3,5.0,39.1,76.558654534,94.071640304,64.0,14.6,26.3,47.5,52.5,193,406,55.9,1545,74.3,5.4,85.4,114,780,44.1,1219,45.6,1261,25.9,42.9,275,1681,239,2764,57.6,40.3,36.9,22.8,499,44.5,222,25.5,127,24.2,121,5.8,29,4.24,,13,30,169.2,R,,,45.1,13.3,91.4,2232.0,-4.5,-16.7,26.4,90.7,2027.0,-13.2,-25.6,,,,,,9.9,84.9,1712.0,-12.7,-33.2,8.6,78.3,2387.0,6.4,-54.1,21.1,88.6,2336.0,2.8,-26.0,,,,,,,,,,
"Sale, Chris",519242,2024,652,702,141,96,32,4,9,225,39,32.1,5.6,0.216,0.319,0.269,0.588,0.211,0.323,0.26,0.263,0.264,0.112,0.35,0.355,0.329,0.322,0.005,-0.004,-0.003,2.77,86.5,9.6,34.9,24,5.6,4.9,28.1,22.8,32.1,5.8,31.2,75.016805094,93.046190662,63.9,21.7,33.5,49.4,50.6,229,464,49.2,1384,65.4,7.3,78.3,199,915,50.8,1431,42.9,1209,31.0,49.0,400,1280,1135,2815,69.1,39.8,36.7,23.5,430,46.0,198,24.0,103,25.8,111,4.2,18,2.38,,18,29,177.2,L,,,10.9,38.2,94.8,2240.0,14.9,-20.5,7.3,93.9,2088.0,17.8,-28.5,40.3,78.6,2334.0,-11.0,-49.3,14.2,86.9,1881.0,16.2,-36.2,,,,,,,,,,,,,,,,,,,,
"Anderson, Tyler",542881,2024,681,765,158,99,32,3,24,142,73,18.6,9.5,0.232,0.394,0.311,0.705,0.244,0.423,0.308,0.326,0.322,0.179,0.334,0.358,0.291,0.307,-0.012,-0.029,-0.018,4.37,87.2,17.6,34.1,43,7.9,5.9,23.0,30.0,28.4,4.8,33.0,76.273537333,93.1219435,71.5,20.8,29.5,43.1,56.9,196,455,52.8,1540,78.9,6.7,79.2,204,983,47.2,1374,45.1,1314,27.8,49.3,1082,1778,54,2914,58.7,49.9,31.3,18.8,543,38.3,208,29.5,160,23.8,129,8.5,46,3.81,,12,31,179.1,L,,,57.7,39.6,89.5,2196.0,4.1,-14.7,3.3,88.1,2194.0,17.4,-26.9,1.8,81.4,2380.0,-3.5,-35.9,37.1,78.9,1886.0,12.5,-31.7,0.1,71.6,2146.0,-1.2,-63.5,18.1,84.3,2325.0,-3.7,-26.7,,,,,,,,,,
"Eovaldi, Nathan",543135,2024,642,696,147,94,28,2,23,166,42,23.9,6.0,0.229,0.386,0.282,0.668,0.244,0.398,0.291,0.309,0.298,0.155,0.35,0.377,0.306,0.329,-0.015,-0.012,-0.018,3.88,89.3,8.8,33.5,37,7.7,5.2,25.4,21.4,36.6,3.3,42.6,77.906442017,94.485768718,70.3,19.4,32.2,44.5,55.5,179,402,47.6,1247,74.6,6.8,80.6,188,967,52.4,1375,44.0,1153,26.8,52.2,808,1379,435,2622,65.7,37.8,37.6,24.5,481,48.9,235,24.5,118,22.7,109,4.0,19,3.8,,16,29,170.2,R,,,32.6,37.4,95.4,2188.0,-13.8,-18.5,,,,,,2.9,86.0,2121.0,5.1,-34.6,,,,,,13.7,76.7,1933.0,9.2,-54.1,15.2,91.3,2275.0,0.8,-24.0,30.8,88.4,1599.0,-13.5,-34.6,,,,,
"Gray, Sonny",543243,2024,623,671,142,82,33,6,21,203,39,30.3,5.8,0.228,0.401,0.275,0.676,0.235,0.401,0.292,0.3,0.283,0.167,0.393,0.405,0.336,0.348,-0.007,0.0,-0.008,3.64,89.6,11.5,38.1,38,8.9,4.2,27.8,23.1,31.5,4.2,37.9,79.276406538,94.211961253,65.9,17.7,30.7,56.7,43.3,212,374,49.0,1217,75.7,8.3,82.3,148,834,51.0,1266,42.4,1054,29.8,48.7,159,1477,345,2483,63.6,39.8,36.9,23.3,425,44.2,188,24.7,105,26.4,112,4.7,20,3.84,,13,28,166.1,R,,,48.9,23.8,92.4,2515.0,1.2,-19.8,17.8,92.7,2384.0,-11.4,-23.5,,,,,,6.4,88.3,1704.0,-11.2,-29.8,13.9,79.9,2646.0,12.1,-57.8,17.8,87.7,2708.0,5.5,-34.5,,,,,,,,,,
"Wheeler, Zack",554430,2024,723,787,139,86,28,5,20,224,52,28.5,6.6,0.192,0.328,0.253,0.581,0.194,0.333,0.256,0.262,0.256,0.139,0.319,0.328,0.277,0.281,-0.002,-0.005,-0.006,2.75,86.5,13.5,32.6,42,8.3,5.4,20.3,27.4,33.2,5.2,33.6,74.93491968,93.046728036,69.1,21.4,33.8,39.7,60.3,213,536,50.6,1586,80.7,7.1,78.6,229,1069,49.4,1548,43.7,1371,27.5,51.2,230,2194,317,3134,64.0,34.6,40.6,24.9,503,43.1,217,26.0,131,20.9,105,9.9,50,2.57,,26,32,200.0,R,,,24.6,41.4,95.3,2431.0,-9.5,-15.5,19.0,94.6,2271.0,-17.2,-23.9,,,,,,,,,,,10.1,81.8,2716.0,8.6,-49.8,9.6,91.1,2531.0,0.9,-24.3,7.3,86.2,1555.0,-12.8,-31.4,,,,,
"Corbin, Patrick",571578,2024,697,764,208,134,42,7,25,139,54,18.2,7.1,0.298,0.486,0.348,0.834,0.291,0.481,0.357,0.36,0.344,0.19,0.412,0.415,0.367,0.362,0.007,0.005,-0.003,5.48,90.8,10.0,37.3,47,8.3,7.7,28.5,18.7,31.9,4.4,46.7,79.877843129,95.30570991,69.1,12.6,29.8,42.5,57.8,194,457,53.1,1534,78.5,6.8,87.4,118,935,46.9,1354,44.7,1290,22.4,48.2,97,1750,1039,2888,65.4,36.8,41.4,21.8,568,47.2,268,20.6,117,27.8,158,4.4,25,5.62,,9,32,174.2,L,,,38.5,5.7,91.3,2149.0,7.8,-18.4,35.7,91.5,2084.0,13.9,-21.8,34.2,80.0,2202.0,-2.7,-42.5,3.3,81.1,1574.0,12.7,-31.9,1.8,69.7,1935.0,-3.0,-57.2,19.2,85.7,2296.0,-2.1,-32.5,0.0,77.0,1133.0,11.1,-41.5,,,,,
"Mikolas, Miles",571945,2024,683,720,194,113,51,4,26,122,25,16.9,3.5,0.284,0.485,0.312,0.797,0.274,0.469,0.339,0.334,0.304,0.195,0.394,0.387,0.342,0.332,0.01,0.016,0.005,4.61,88.8,13.6,38.1,46,8.1,8.8,24.2,23.5,31.2,4.2,42.3,77.511449435,94.25374515,66.5,12.5,27.9,28.7,71.3,94,327,43.3,1171,77.8,9.2,87.5,127,1020,56.7,1534,45.3,1226,16.4,49.8,230,1378,971,2705,72.4,39.3,36.7,24.0,567,42.0,238,25.2,143,25.0,142,7.8,44,5.35,,15,32,171.2,R,,,43.3,27.9,93.2,2253.0,-6.3,-17.7,23.0,92.4,2153.0,-13.9,-22.6,24.3,86.5,2322.0,3.3,-33.3,8.5,85.6,1676.0,-14.2,-30.8,12.1,76.3,2520.0,7.9,-61.5,,,,,,,,,,,,,,,
"Kikuchi, Yusei",579328,2024,683,736,167,118,23,1,25,206,44,28.0,6.0,0.245,0.391,0.291,0.682,0.235,0.404,0.297,0.301,0.283,0.169,0.387,0.393,0.348,0.336,0.01,-0.013,-0.004,3.67,90.1,14.2,33.5,47,9.7,6.6,24.0,26.4,28.5,4.8,45.0,79.146503958,94.844128643,67.8,21.2,27.9,49.2,50.8,195,396,48.5,1418,80.0,8.4,78.8,216,1020,51.5,1505,41.4,1211,29.0,48.4,325,1374,1224,2923,65.4,38.6,34.3,27.1,484,42.6,206,29.5,143,22.9,111,5.0,24,4.05,,12,32,175.2,L,,,41.9,47.0,95.5,2289.0,7.9,-13.2,,,,,,24.0,88.3,2396.0,-2.7,-31.9,11.1,86.8,1655.0,12.7,-27.7,17.9,82.4,2471.0,-4.9,-45.1,,,,,,,,,,,,,,,
"Gausman, Kevin",592332,2024,693,756,165,101,41,3,20,162,56,21.4,7.4,0.238,0.392,0.296,0.688,0.253,0.46,0.3,0.337,0.312,0.206,0.349,0.401,0.309,0.332,-0.015,-0.068,-0.037,4.71,90.2,16.1,35.5,52,9.7,7.5,23.4,27.7,27.9,2.1,42.4,79.496181832,94.740771683,71.1,15.9,29.8,39.1,60.9,172,440,51.5,1477,79.9,7.1,84.1,157,989,48.5,1391,43.4,1246,23.4,49.9,959,1669,240,2958,64.4,38.3,35.5,26.2,535,39.3,210,30.1,161,23.6,126,7.1,38,3.83,,16,31,181.0,R,,,36.2,51.9,94.0,2287.0,-10.7,-14.2,6.3,93.3,2189.0,-15.6,-19.0,8.4,82.7,2239.0,1.3,-36.2,,,,,,,,,,,,,,,,33.4,86.0,1764.0,-15.9,-30.9,,,,,
"Taillon, Jameson",592791,2024,633,675,154,107,24,2,21,125,33,18.5,4.9,0.243,0.387,0.28,0.667,0.254,0.428,0.289,0.314,0.292,0.174,0.333,0.366,0.301,0.317,-0.011,-0.041,-0.025,4.02,89.7,15.9,32.2,37,7.2,5.6,24.3,29.7,28.9,4.1,38.8,79.650003386,94.067909961,65.6,12.1,27.8,39.9,60.1,127,318,46.0,1143,78.4,9.1,87.9,106,879,54.0,1340,43.9,1089,19.5,48.2,106,1628,364,2483,65.6,43.3,35.1,21.6,515,40.4,208,30.7,158,22.9,118,6.0,31,3.27,,16,28,165.1,R,,,45.0,29.5,92.3,2283.0,-6.9,-15.9,11.0,92.5,2249.0,-12.8,-18.2,,,,,,4.3,86.0,1899.0,-14.2,-27.0,14.7,79.6,2692.0,9.9,-54.1,25.1,86.5,2526.0,5.5,-28.1,,,,,,,,,,
"Gomber, Austin",596295,2024,653,696,178,105,39,4,30,116,38,16.7,5.5,0.273,0.482,0.312,0.794,0.275,0.501,0.339,0.35,0.315,0.226,0.387,0.401,0.329,0.333,-0.002,-0.019,-0.011,5.13,90.2,15.0,37.7,52,9.6,8.5,25.0,27.0,27.4,2.4,41.2,80.036265299,94.432492071,68.7,14.6,25.9,35.3,64.7,114,323,47.6,1247,73.7,8.1,85.4,138,944,52.4,1375,46.4,1216,19.9,48.3,538,1059,1024,2622,62.2,39.0,37.9,23.1,541,38.4,208,28.7,155,26.8,145,6.1,33,4.75,,12,30,165.0,L,,,53.1,40.4,90.4,2180.0,7.6,-16.4,0.0,90.2,2082.0,14.7,-18.5,16.7,83.8,2409.0,-5.1,-35.3,20.5,81.1,1664.0,10.1,-31.0,22.4,77.6,2555.0,-7.5,-56.3,,,,,,,,,,,,,,,
"Bassitt, Chris",605135,2024,667,758,180,132,29,1,18,168,70,22.2,9.2,0.27,0.397,0.352,0.749,0.254,0.407,0.331,0.33,0.339,0.153,0.381,0.38,0.359,0.339,0.016,-0.01,0.001,4.49,87.8,14.3,36.3,38,7.5,4.0,27.6,27.0,27.8,6.2,37.1,75.64419492,94.077816493,65.4,17.0,24.6,34.2,65.8,124,363,49.9,1477,75.8,8.0,83.0,165,969,50.1,1482,42.3,1252,21.7,45.0,283,1922,536,2959,62.4,34.3,38.3,27.4,504,40.9,206,25.0,126,26.8,135,7.3,37,4.16,,12,31,171.0,R,,,35.3,4.4,92.6,2162.0,-7.7,-18.8,40.8,92.5,2101.0,-16.5,-23.9,4.4,82.5,2376.0,6.8,-41.0,5.1,84.5,1930.0,-17.1,-31.1,13.7,71.0,2290.0,15.3,-67.7,19.8,89.6,2240.0,0.0,-24.8,4.5,84.1,1267.0,-13.3,-38.1,,,,,
"Nola, Aaron",605400,2024,764,820,189,118,39,2,30,197,50,24.0,6.1,0.247,0.421,0.295,0.716,0.243,0.398,0.31,0.304,0.292,0.156,0.382,0.373,0.332,0.328,0.004,0.023,0.006,3.75,88.5,12.0,35.4,41,7.2,7.4,24.2,22.6,33.5,4.9,38.2,77.265343569,94.038174053,66.7,15.9,32.1,42.6,57.4,229,537,52.4,1671,74.3,6.0,84.1,161,1012,47.6,1518,45.0,1436,25.2,48.6,307,1833,1049,3189,66.6,46.3,32.3,21.4,570,44.6,254,24.4,139,24.6,140,6.5,37,3.57,,20,33,199.1,R,,,20.1,27.7,92.5,2307.0,-12.0,-17.4,20.6,91.5,2240.0,-16.9,-24.1,,,,,,9.6,85.7,1558.0,-15.3,-34.0,32.9,79.1,2604.0,14.0,-53.9,9.2,87.5,2288.0,-1.3,-27.1,,,,,,,,,,
"Rea, Colin",607067,2024,656,714,169,105,33,2,29,135,43,18.9,6.0,0.258,0.447,0.311,0.758,0.269,0.463,0.327,0.342,0.323,0.194,0.374,0.396,0.322,0.338,-0.011,-0.016,-0.015,4.87,90.4,15.2,36.3,46,8.7,6.8,23.8,27.6,30.0,2.9,42.0,80.213678192,94.594415173,67.7,15.3,24.5,30.9,69.1,97,314,48.4,1282,83.5,8.0,84.7,142,927,51.6,1369,43.2,1145,19.3,46.8,235,1849,120,2650,64.8,45.1,31.0,24.0,526,39.5,208,30.4,160,24.1,127,5.9,31,4.29,,8,32,167.2,R,,,34.5,19.5,93.0,2174.0,-6.5,-17.8,30.9,92.3,2144.0,-13.9,-23.1,,,,,,,,,,,4.5,78.9,2136.0,10.0,-53.2,19.4,87.6,2191.0,2.2,-28.3,8.9,86.6,1413.0,-13.8,-32.4,,,,,
"Rodón, Carlos",607074,2024,667,736,157,90,32,4,31,195,57,26.5,7.7,0.235,0.435,0.304,0.739,0.224,0.429,0.32,0.316,0.294,0.206,0.4,0.393,0.331,0.316,0.011,0.006,0.004,4.08,90.4,18.1,34.6,52,11.0,7.2,22.4,32.5,24.1,3.0,40.9,80.220048043,94.543522745,70.7,20.0,30.7,50.5,49.5,256,507,53.3,1654,82.0,7.0,80.0,205,1024,46.7,1448,41.4,1285,30.1,49.4,400,1640,1062,3102,58.3,38.4,35.9,25.7,474,34.6,164,35.4,168,21.9,104,8.0,38,3.96,,16,32,175.0,L,,,45.4,49.4,95.4,2384.0,8.8,-12.4,0.0,95.6,1890.0,6.6,-13.0,26.0,86.8,2628.0,-6.6,-37.5,12.9,85.5,1656.0,12.5,-34.3,8.3,81.0,2677.0,-6.3,-52.3,3.5,91.8,2399.0,-0.3,-21.4,,,,,,,,,,
"Fedde, Erick",607200,2024,661,726,154,100,30,4,20,154,52,21.2,7.2,0.233,0.381,0.291,0.672,0.242,0.404,0.293,0.309,0.301,0.162,0.337,0.359,0.3,0.313,-0.009,-0.023,-0.016,3.88,88.6,14.9,32.4,39,7.6,6.0,24.9,27.2,30.1,4.3,37.7,77.502500545,93.941632164,68.4,15.3,24.4,37.9,62.1,139,367,52.0,1505,82.1,6.7,84.7,145,949,48.0,1387,44.2,1279,21.6,45.5,474,1834,0,2891,64.7,35.5,37.5,27.0,515,41.7,215,27.4,141,22.3,115,8.5,44,3.3,,13,31,177.1,R,,,37.3,0.7,93.3,2076.0,-3.2,-19.5,30.5,93.0,1987.0,-9.1,-22.3,,,,,,16.4,87.7,1730.0,-10.9,-31.8,,,,,,32.3,89.9,2150.0,2.8,-26.5,,,,,,,,,,
"Lugo, Seth",607625,2024,773,836,177,119,36,6,16,181,48,21.7,5.7,0.229,0.353,0.281,0.634,0.24,0.4,0.278,0.304,0.292,0.16,0.323,0.36,0.297,0.314,-0.011,-0.047,-0.026,3.75,88.5,10.7,32.8,48,8.0,6.2,22.1,25.1,33.1,5.4,39.0,77.299278949,93.994017356,65.1,13.9,27.9,42.7,57.3,184,431,49.6,1544,75.4,7.2,86.1,142,1021,50.4,1568,42.2,1313,22.5,46.7,293,1589,790,3112,64.4,37.0,41.5,21.6,598,44.8,268,25.8,154,24.9,149,4.5,27,3.0,,22,33,206.2,R,,,32.6,24.0,92.2,2368.0,-6.7,-16.6,18.5,92.1,2410.0,-15.3,-23.7,9.3,86.7,2652.0,4.3,-31.7,6.7,87.3,1854.0,-15.3,-31.5,16.1,79.8,3284.0,14.6,-58.0,8.5,90.0,2438.0,0.4,-21.8,2.8,85.9,1431.0,-10.6,-32.4,,,,,
"Fried, Max",608331,2024,645,714,146,116,16,1,13,166,57,23.2,8.0,0.226,0.315,0.295,0.61,0.245,0.365,0.273,0.304,0.312,0.12,0.312,0.357,0.302,0.328,-0.019,-0.05,-0.031,3.75,86.3,3.0,30.4,24,5.0,4.3,24.2,14.9,45.3,6.2,34.6,73.871292176,93.362715837,63.8,15.7,28.9,41.8,58.2,171,409,51.2,1414,74.6,7.0,84.3,135,859,48.8,1347,43.5,1201,24.1,45.9,377,1486,740,2762,64.8,42.7,32.5,24.8,483,59.2,286,16.1,78,21.7,105,2.9,14,3.25,,16,29,174.1,L,,,48.5,32.3,93.9,2225.0,-0.2,-19.8,16.6,93.5,2040.0,10.2,-22.8,5.9,83.6,2619.0,-5.1,-43.7,13.7,85.7,1421.0,12.1,-32.7,20.9,74.6,2840.0,-10.5,-66.6,4.9,88.3,2355.0,-3.1,-31.8,,,,,,,,,,
"Wacha, Michael",608379,2024,625,685,154,104,29,4,17,145,45,21.2,6.6,0.246,0.387,0.3,0.687,0.249,0.415,0.3,0.314,0.303,0.166,0.35,0.37,0.318,0.322,-0.003,-0.028,-0.014,4.02,86.9,15.7,32.7,40,8.2,4.1,25.8,28.2,27.6,5.7,32.5,75.614261583,93.109005646,68.5,17.3,27.8,38.5,61.5,137,356,49.2,1279,77.3,8.3,82.7,157,906,50.8,1323,44.6,1160,23.3,48.5,839,1311,452,2602,64.4,41.1,32.7,26.2,489,39.9,195,26.8,131,23.5,115,9.8,48,3.35,,14,29,166.2,R,,,51.5,23.3,93.6,2135.0,-6.6,-13.3,15.7,93.6,2029.0,-12.8,-16.6,9.2,84.1,2041.0,2.7,-37.1,32.2,81.2,1549.0,-13.0,-36.2,8.1,75.2,2261.0,12.3,-60.8,11.4,88.8,2091.0,1.2,-24.3,,,,,,,,,,
"Eflin, Zach",621107,2024,653,684,166,114,28,2,22,134,24,19.6,3.5,0.254,0.404,0.283,0.687,0.248,0.417,0.297,0.303,0.277,0.169,0.352,0.361,0.318,0.311,0.006,-0.013,-0.006,3.72,88.1,13.3,30.0,39,7.5,5.4,21.2,27.9,31.9,5.9,36.1,76.388751434,94.040596667,65.6,14.4,32.6,37.7,62.3,142,377,47.3,1157,77.3,7.4,85.6,122,846,52.7,1290,46.0,1125,21.6,50.0,148,1602,466,2447,66.5,42.3,34.0,23.7,523,43.4,227,26.4,138,22.6,118,7.6,40,3.59,,13,28,165.1,R,,,27.2,8.4,92.5,2204.0,-8.5,-19.2,28.9,91.7,2095.0,-15.7,-28.1,0.2,80.8,2385.0,4.1,-33.8,6.0,85.6,1596.0,-15.2,-34.4,18.8,78.8,2496.0,11.2,-50.6,28.2,88.2,2215.0,1.4,-26.4,,,,,,,,,,
"Berríos, José",621244,2024,714,786,168,112,21,4,31,153,54,19.5,6.9,0.235,0.406,0.3,0.706,0.262,0.447,0.308,0.336,0.325,0.185,0.346,0.386,0.298,0.333,-0.027,-0.041,-0.028,4.68,89.6,13.4,36.3,44,7.8,7.3,24.8,24.6,32.6,2.5,41.8,79.087839143,94.188449928,64.5,13.3,29.5,37.8,62.2,165,437,50.8,1479,73.0,7.4,86.7,123,925,49.2,1435,46.1,1344,21.1,46.7,465,1617,0,2914,64.8,39.1,35.6,25.3,565,43.2,244,26.0,147,24.1,136,6.7,38,3.6,,21,32,192.1,R,,,39.6,18.6,94.1,2164.0,-9.6,-16.0,33.4,93.4,2049.0,-15.8,-20.4,,,,,,16.0,84.8,1588.0,-14.5,-33.4,,,,,,3.5,91.4,2257.0,-1.4,-21.3,,,,,,,,,,
"Castillo, Luis",622491,2024,663,719,158,95,36,2,25,175,47,24.3,6.5,0.238,0.412,0.293,0.705,0.243,0.422,0.305,0.313,0.298,0.179,0.374,0.387,0.322,0.329,-0.005,-0.01,-0.008,3.99,89.7,16.3,37.0,42,8.5,6.7,25.0,27.8,27.0,4.9,41.9,78.938131564,94.546516728,71.2,17.9,31.0,43.5,56.5,197,453,51.2,1462,78.3,7.7,82.1,178,994,48.8,1396,45.5,1300,25.9,50.6,408,1811,639,2859,64.7,38.8,36.0,25.2,492,40.9,201,26.8,132,22.4,110,10.0,49,3.64,,18,30,175.1,R,,,15.3,45.3,95.6,2155.0,-12.5,-17.8,18.1,95.6,2008.0,-18.3,-26.0,22.4,85.7,2296.0,0.9,-36.2,14.3,88.1,1894.0,-17.2,-35.4,,,,,,,,,,,,,,,,,,,,
"Severino, Luis",622663,2024,684,761,166,118,23,2,23,161,60,21.2,7.9,0.243,0.383,0.313,0.696,0.239,0.381,0.308,0.307,0.31,0.142,0.35,0.35,0.317,0.312,0.004,0.002,0.001,3.83,87.1,12.7,30.4,30,5.7,4.0,25.6,25.0,32.6,6.8,35.6,75.272418577,93.515669191,70.6,15.7,29.7,37.7,62.3,159,422,49.1,1420,83.6,7.6,84.3,163,1038,50.9,1470,43.9,1269,22.0,50.6,217,1975,201,2890,63.5,35.9,36.6,27.5,527,46.3,244,25.2,133,20.3,107,8.2,43,3.91,,14,31,182.0,R,,,40.9,35.7,96.2,2220.0,-6.5,-13.9,24.6,95.6,2090.0,-14.5,-18.4,7.0,86.8,2544.0,7.2,-35.4,7.5,86.1,1583.0,-14.0,-29.8,,,,,,8.1,92.6,2297.0,1.3,-24.0,,,,,,,,,,
"Manaea, Sean",640455,2024,662,738,134,86,27,0,21,184,63,24.9,8.5,0.202,0.338,0.28,0.618,0.225,0.388,0.275,0.304,0.3,0.164,0.318,0.362,0.279,0.31,-0.023,-0.05,-0.029,3.75,88.6,16.3,37.0,36,7.5,7.7,23.7,30.8,26.4,4.0,37.8,77.674456946,93.857812243,68.6,19.0,28.6,43.9,56.1,184,419,48.9,1465,81.9,8.1,81.0,200,1050,51.1,1531,44.4,1330,26.1,49.0,350,1889,190,2996,59.8,35.3,37.6,27.0,481,37.8,182,29.1,140,24.9,120,8.1,39,3.47,,15,32,181.2,L,,,22.1,31.0,92.2,2014.0,13.8,-21.5,25.1,92.4,2038.0,16.9,-22.5,6.3,85.1,2054.0,-3.4,-31.7,11.7,85.3,1502.0,14.4,-33.8,,,,,,7.0,88.5,2041.0,-0.1,-27.4,,,,,,,,,,
"López, Pablo",641154,2024,715,772,180,121,33,0,26,198,41,25.6,5.3,0.252,0.407,0.298,0.705,0.237,0.402,0.306,0.302,0.286,0.165,0.387,0.38,0.345,0.328,0.015,0.005,0.004,3.7,87.9,13.3,35.9,43,8.2,5.5,26.0,23.9,31.4,5.0,37.5,76.717040308,93.587928673,70.7,19.2,33.0,43.7,56.3,215,492,50.0,1493,77.3,7.5,80.8,203,1056,50.0,1493,43.3,1292,27.0,51.8,599,1436,297,2986,67.5,42.1,33.1,24.9,523,44.0,230,26.6,139,24.9,130,4.6,24,4.08,,18,32,185.1,R,,,38.3,40.4,95.0,2206.0,-5.6,-15.7,7.7,94.5,2104.0,-13.8,-22.2,,,,,,20.1,88.5,2108.0,-16.8,-28.3,9.9,82.4,2647.0,6.6,-51.0,,,,,,,,,,,,,,,
"Cortes, Nestor",641482,2024,661,710,162,94,44,0,24,162,39,22.8,5.5,0.245,0.421,0.29,0.711,0.234,0.407,0.307,0.298,0.28,0.174,0.372,0.36,0.322,0.308,0.011,0.014,0.009,3.59,89.7,22.4,35.0,40,7.9,7.9,24.4,34.7,20.8,4.2,43.6,79.122676225,94.470879177,72.9,20.1,27.4,35.5,64.5,137,386,49.4,1409,84.5,7.0,79.9,211,1051,50.6,1441,44.4,1266,24.2,50.4,274,2098,27,2849,58.9,36.2,37.8,25.9,505,31.9,161,32.1,162,24.0,121,12.1,61,3.77,,13,31,174.1,L,,,47.1,44.4,92.1,2309.0,4.9,-13.2,1.2,90.0,2239.0,12.4,-20.2,0.9,81.6,2434.0,-2.4,-46.6,9.6,83.6,1406.0,13.8,-34.9,,,,,,28.0,87.5,2411.0,-4.6,-26.9,,,,,,,,,,
"Ober, Bailey",641927,2024,655,709,136,75,29,5,27,191,43,26.9,6.1,0.208,0.391,0.261,0.652,0.209,0.384,0.282,0.284,0.264,0.175,0.354,0.357,0.291,0.294,-0.001,0.007,-0.002,3.25,87.5,20.4,34.8,39,8.3,7.5,21.3,36.0,21.3,5.5,34.3,76.699154464,93.270078151,71.5,22.9,33.5,41.7,58.3,189,453,50.2,1354,77.1,7.1,77.1,220,959,49.8,1342,44.4,1197,29.0,52.4,792,1028,557,2696,67.4,42.6,34.3,23.0,469,34.3,161,35.2,165,20.3,95,10.2,48,3.98,,18,31,178.2,R,,,35.0,38.1,91.7,2303.0,-7.9,-15.7,,,,,,19.4,86.2,2071.0,3.6,-30.1,29.4,83.4,2038.0,-17.0,-33.7,1.3,76.1,2094.0,8.3,-56.3,,,,,,,,,,,,,,,
"Peralta, Freddy",642547,2024,639,725,143,92,24,1,26,200,68,27.6,9.4,0.224,0.387,0.307,0.694,0.222,0.386,0.305,0.307,0.306,0.165,0.375,0.378,0.323,0.322,0.002,0.001,-0.002,3.83,87.6,17.3,35.3,39,8.7,7.6,24.6,28.6,25.1,5.1,36.9,75.95026724,93.640809751,70.4,22.7,28.0,47.9,52.1,228,476,55.4,1698,76.0,6.3,77.3,219,963,44.6,1368,42.1,1290,31.1,46.9,536,1652,878,3066,61.4,35.8,38.7,25.5,447,37.4,167,29.5,132,23.5,105,9.6,43,3.68,,11,32,173.2,R,,,36.9,53.8,94.3,2436.0,-6.8,-14.2,0.1,95.3,2554.0,-5.0,-13.6,21.6,81.5,2345.0,7.6,-39.1,17.5,87.7,1731.0,-15.5,-31.3,7.1,78.1,2204.0,4.6,-49.7,,,,,,,,,,,,,,,
"King, Michael",650633,2024,653,726,144,98,27,2,17,201,63,27.7,8.7,0.221,0.346,0.296,0.642,0.223,0.364,0.284,0.295,0.298,0.141,0.349,0.367,0.318,0.322,-0.002,-0.018,-0.011,3.52,85.7,13.8,35.2,28,6.2,5.1,24.2,26.4,32.5,5.7,30.3,73.981359732,92.671656987,60.8,20.9,30.5,45.6,54.4,205,450,51.0,1476,69.8,7.0,79.1,180,863,49.0,1419,43.8,1268,29.3,45.4,713,1506,162,2895,66.1,41.3,34.3,24.4,455,41.5,189,23.7,108,25.9,118,8.8,40,2.95,,14,31,173.2,R,,,29.2,24.2,93.7,2286.0,-6.0,-16.2,27.8,92.9,2263.0,-16.3,-26.3,5.6,85.7,2425.0,3.7,-35.7,24.6,86.7,2045.0,-17.6,-31.4,,,,,,,,,,,,,,,,,,,,
"Sánchez, Cristopher",650911,2024,706,754,182,135,34,2,11,153,44,20.3,5.8,0.258,0.358,0.301,0.659,0.256,0.371,0.29,0.298,0.299,0.116,0.338,0.349,0.329,0.326,0.002,-0.013,-0.008,3.59,87.4,2.4,30.2,30,5.4,4.1,25.5,16.0,42.4,6.5,34.5,75.18960646,93.870693047,66.9,17.1,36.4,37.4,62.6,192,513,50.3,1408,77.7,7.0,82.9,159,929,49.7,1389,43.8,1225,24.3,51.6,998,1330,469,2797,65.8,38.4,39.1,22.4,557,58.3,325,15.6,87,23.7,132,2.3,13,3.32,,17,31,181.2,L,,,32.2,,,,,,47.3,94.5,2111.0,17.8,-23.2,16.8,84.4,2019.0,-1.0,-41.6,35.7,85.1,2018.0,17.9,-37.2,,,,,,0.2,84.9,2012.0,-0.2,-35.2,,,,,,,,,,
"Canning, Griffin",656288,2024,656,739,174,112,28,3,31,130,66,17.6,8.9,0.265,0.459,0.334,0.793,0.257,0.448,0.341,0.338,0.328,0.191,0.378,0.374,0.325,0.317,0.008,0.011,0.003,4.74,90.5,14.3,32.4,46,8.6,5.4,25.5,28.5,28.5,3.5,41.9,80.443886517,94.700505891,70.2,14.3,29.2,45.9,54.1,205,447,53.3,1529,76.1,6.4,85.7,135,941,46.7,1340,43.1,1237,24.5,48.4,765,1107,997,2869,58.2,40.4,35.6,24.0,537,41.3,222,30.0,161,22.5,121,6.1,33,5.19,,7,32,171.2,R,,,45.2,37.3,93.4,2118.0,-8.1,-15.2,1.3,92.9,1975.0,-13.8,-18.8,24.1,87.7,2672.0,-0.1,-36.7,26.7,88.6,1770.0,-16.4,-30.6,10.7,80.5,2377.0,12.4,-48.4,,,,,,,,,,,,,,,
"Cease, Dylan",656302,2024,684,762,137,84,34,1,18,224,65,29.4,8.5,0.2,0.332,0.269,0.601,0.209,0.367,0.266,0.286,0.278,0.158,0.333,0.366,0.294,0.308,-0.009,-0.035,-0.02,3.29,89.0,14.1,32.4,40,8.5,7.2,20.0,28.1,30.5,5.3,38.6,78.282702241,94.084709267,68.5,22.1,30.5,52.4,47.6,272,519,53.5,1704,79.0,7.6,77.9,225,1017,46.5,1484,42.8,1364,32.4,48.2,28,1407,1622,3188,59.8,41.2,37.5,21.3,469,40.3,189,30.7,144,22.4,105,6.6,31,3.47,,16,33,189.1,R,,,53.4,43.5,96.9,2557.0,-2.5,-10.8,0.1,98.1,2655.0,-10.0,-12.5,43.0,87.7,2780.0,2.2,-33.6,0.9,69.7,1554.0,-4.3,-39.3,7.9,82.3,2723.0,3.1,-56.6,0.6,91.8,2658.0,3.0,-26.2,,,,,,,,,,
"Flaherty, Jack",656427,2024,605,649,135,88,18,5,24,194,38,29.9,5.9,0.223,0.388,0.273,0.661,0.232,0.389,0.288,0.296,0.283,0.157,0.382,0.398,0.328,0.345,-0.009,-0.001,-0.008,3.54,88.4,14.0,36.1,32,7.7,4.8,27.1,25.7,27.6,3.9,35.9,77.445862362,93.776478992,65.0,21.1,30.7,51.8,48.2,221,427,54.2,1393,78.8,6.4,78.9,161,764,45.8,1176,44.2,1136,32.1,46.2,70,1193,1306,2646,61.2,41.9,34.9,23.2,413,40.2,166,26.9,111,27.1,112,5.8,24,3.17,,15,28,162.0,R,,,28.3,44.2,93.3,2258.0,-4.2,-15.9,2.3,90.3,2081.0,-10.9,-25.1,29.0,84.7,2469.0,6.7,-35.9,2.7,85.7,1610.0,-12.1,-32.1,21.8,77.4,2440.0,13.3,-54.5,,,,,,,,,,,,,,,
"Houck, Tanner",656557,2024,674,743,156,118,27,0,11,154,48,20.7,6.5,0.231,0.32,0.296,0.616,0.256,0.394,0.276,0.318,0.319,0.139,0.306,0.366,0.298,0.33,-0.025,-0.074,-0.042,4.14,89.4,3.8,30.2,30,5.7,6.1,27.3,15.6,41.2,3.4,41.8,78.489312385,94.430703969,62.7,14.1,31.2,39.6,60.4,170,429,50.3,1377,61.1,6.8,85.9,120,852,49.7,1358,44.6,1219,22.6,46.8,682,922,0,2735,64.9,41.6,38.4,20.0,524,55.5,291,17.4,91,23.7,124,3.4,18,3.12,,19,30,178.2,R,,,22.2,0.1,95.1,2274.0,-12.9,-23.5,32.1,93.5,2191.0,-16.0,-30.9,,,,,,,,,,,,,,,,1.5,87.1,2347.0,0.5,-35.2,24.9,88.4,1836.0,-13.5,-37.9,,,,,
"Keller, Mitch",656605,2024,697,773,182,110,38,11,23,166,50,21.5,6.5,0.261,0.446,0.321,0.767,0.246,0.415,0.331,0.322,0.311,0.169,0.388,0.375,0.338,0.323,0.015,0.031,0.009,4.25,88.8,12.4,38.0,39,7.2,6.1,26.1,25.4,30.9,4.3,39.3,77.859026134,94.078079089,64.8,14.4,28.3,39.7,60.3,151,380,47.1,1344,76.1,8.2,85.6,141,977,52.9,1507,45.6,1301,21.5,47.6,28,1836,544,2851,61.4,35.9,33.7,30.4,540,39.8,215,26.3,142,28.3,153,5.6,30,4.25,,15,31,178.0,R,,,34.7,29.5,94.5,2404.0,-9.1,-16.1,22.6,93.3,2443.0,-14.8,-22.8,9.5,87.5,2496.0,4.7,-34.6,1.0,89.6,2104.0,-15.9,-30.7,9.6,78.3,2652.0,13.4,-58.0,12.3,90.4,2490.0,3.0,-25.7,,,,,,,,,,
"Webb, Logan",657277,2024,783,841,202,152,35,4,11,172,50,20.5,5.9,0.258,0.355,0.302,0.657,0.27,0.421,0.288,0.326,0.316,0.151,0.336,0.388,0.328,0.346,-0.012,-0.066,-0.038,4.37,89.8,2.5,32.1,43,7.0,6.3,26.4,12.5,42.1,5.5,46.2,77.927662825,95.233452829,60.9,11.9,33.0,35.7,64.3,198,555,52.6,1683,77.7,6.9,88.1,110,925,47.4,1518,44.9,1436,20.8,46.2,990,1530,0,3201,69.6,33.4,42.1,24.5,617,57.2,353,17.3,107,23.2,143,2.3,14,3.47,,20,33,204.2,R,,,22.1,5.5,92.6,2054.0,-8.6,-22.5,39.7,92.6,1940.0,-15.1,-30.9,,,,,,30.9,87.4,1460.0,-9.9,-40.4,,,,,,2.6,91.0,2235.0,-1.2,-25.2,,,,,,,,,,
"Feltner, Ryan",663372,2024,628,692,165,116,27,2,20,138,52,19.9,7.5,0.263,0.408,0.324,0.732,0.254,0.423,0.32,0.326,0.318,0.169,0.365,0.373,0.334,0.325,0.009,-0.015,-0.006,4.37,88.1,11.9,33.1,32,6.5,7.5,25.1,24.4,30.7,5.3,36.8,76.695048857,93.803345297,68.0,17.6,25.7,42.6,57.4,132,310,46.9,1208,80.9,7.7,82.4,164,931,53.1,1370,44.3,1141,23.9,48.1,379,1281,787,2578,62.6,40.0,36.4,23.6,495,44.4,220,25.7,127,24.8,123,5.1,25,4.49,,13,30,162.1,R,,,42.0,36.0,94.6,2354.0,-5.3,-16.9,13.7,94.2,2264.0,-12.7,-22.3,20.5,88.6,2461.0,4.1,-29.5,14.7,85.2,1590.0,-5.5,-32.3,10.1,79.2,2662.0,9.4,-51.8,,,,,,,,,,,,,,,
"Irvin, Jake",663623,2024,710,769,173,103,38,3,29,156,52,20.3,6.8,0.244,0.428,0.299,0.727,0.249,0.44,0.314,0.323,0.304,0.192,0.365,0.378,0.312,0.319,-0.005,-0.012,-0.009,4.28,88.8,11.4,33.0,51,9.2,7.4,21.0,24.8,31.8,5.4,39.1,77.537675273,94.341422273,67.1,15.6,26.8,41.9,58.1,158,377,46.3,1409,73.7,8.6,84.4,171,1099,53.7,1637,43.6,1327,22.3,48.5,105,1980,961,3046,61.5,42.2,33.4,24.4,557,44.7,249,25.5,142,23.3,130,6.5,36,4.41,,16,33,187.2,R,,,28.6,37.7,93.9,2377.0,-10.1,-16.6,20.7,93.3,2299.0,-16.5,-24.7,0.3,85.9,2579.0,6.3,-34.0,3.4,88.4,2225.0,-16.0,-30.4,31.3,81.1,2534.0,12.0,-44.4,6.6,89.9,2551.0,-0.5,-26.1,,,,,,,,,,
"Singer, Brady",663903,2024,693,762,175,116,34,3,22,170,54,22.3,7.1,0.253,0.405,0.315,0.72,0.265,0.437,0.316,0.336,0.327,0.172,0.372,0.401,0.334,0.351,-0.012,-0.032,-0.02,4.68,88.9,8.9,35.6,42,8.0,5.9,26.9,19.1,33.9,5.7,41.7,77.275001577,94.431135896,64.9,13.7,26.1,51.4,48.6,207,403,52.1,1547,79.1,6.6,86.3,126,922,47.9,1420,41.9,1242,25.1,44.7,54,1563,1196,2967,58.5,39.2,41.1,19.7,528,48.3,255,20.8,110,27.1,143,3.8,20,3.71,,13,32,179.2,R,,,27.8,11.0,91.7,2364.0,-5.8,-18.8,41.6,92.2,2277.0,-14.3,-22.6,40.3,83.0,2407.0,4.5,-40.5,1.8,88.0,2074.0,-14.7,-29.6,,,,,,0.0,82.8,2450.0,8.6,-30.9,,,,,,,,,,
"Valdez, Framber",664285,2024,634,703,140,102,24,1,13,169,55,24.0,7.8,0.221,0.323,0.287,0.61,0.232,0.349,0.272,0.292,0.299,0.117,0.315,0.345,0.297,0.315,-0.011,-0.026,-0.02,3.44,90.2,0.4,26.0,25,5.3,5.1,24.9,11.8,47.6,4.9,45.0,80.000726364,94.620557662,61.2,14.4,28.7,54.5,45.5,204,374,50.1,1302,70.2,7.2,85.6,114,794,49.9,1298,43.6,1133,27.2,45.0,454,1219,925,2598,61.9,38.7,40.4,20.9,473,61.7,292,15.0,71,21.8,103,1.5,7,2.91,,17,28,176.1,L,,,42.7,0.7,94.8,2160.0,9.8,-24.6,46.2,94.1,2153.0,16.5,-24.8,4.3,85.1,2564.0,-3.0,-39.6,17.5,89.9,1677.0,14.8,-33.2,31.3,79.7,2905.0,-11.1,-58.3,,,,,,,,,,,,,,,
"Ragans, Cole",666142,2024,685,762,146,96,32,3,15,223,67,29.3,8.8,0.213,0.334,0.289,0.623,0.213,0.344,0.277,0.284,0.29,0.13,0.346,0.358,0.315,0.317,0.0,-0.01,-0.007,3.25,88.3,15.2,31.8,29,6.2,6.7,26.8,27.9,28.1,3.9,35.4,77.675891223,93.553010853,69.7,24.3,29.8,48.7,51.3,235,483,52.0,1621,82.5,6.8,75.7,253,1043,48.0,1497,43.1,1345,32.0,48.9,740,1655,723,3118,58.7,38.0,34.3,27.7,466,41.4,193,27.3,127,23.6,110,7.7,36,3.14,,21,32,186.1,L,,,45.1,41.7,95.4,2553.0,12.6,-12.9,0.1,96.3,2567.0,14.1,-12.7,12.8,86.0,2542.0,-0.9,-36.3,23.7,84.8,2161.0,16.0,-25.9,10.4,80.8,2471.0,-10.2,-55.0,11.3,90.8,2503.0,1.0,-23.2,,,,,,,,,,
"Gore, MacKenzie",669022,2024,649,731,171,117,36,3,15,181,65,24.8,8.9,0.263,0.398,0.339,0.737,0.249,0.383,0.324,0.317,0.327,0.135,0.389,0.379,0.362,0.344,0.014,0.015,0.007,4.11,88.0,13.5,36.2,32,6.8,4.7,29.6,24.5,28.3,5.7,38.1,76.776975684,93.73951438,73.2,19.8,27.3,52.5,47.5,213,406,49.6,1485,79.4,7.0,80.2,219,1104,50.4,1509,42.6,1274,28.6,50.4,277,2082,619,2994,58.1,35.7,37.0,27.3,473,39.5,187,25.4,120,29.6,140,5.5,26,3.9,,11,32,166.1,L,,,47.2,55.4,96.0,2309.0,5.9,-12.1,,,,,,1.3,86.6,2157.0,-1.4,-36.2,9.3,85.9,2018.0,12.4,-27.7,19.4,82.8,2399.0,-0.5,-50.1,14.2,91.1,2026.0,-1.4,-24.1,,,,,,,,,,
"Burnes, Corbin",669203,2024,731,784,165,121,21,1,22,181,48,23.1,6.1,0.226,0.347,0.274,0.621,0.229,0.371,0.273,0.286,0.278,0.142,0.325,0.343,0.298,0.304,-0.003,-0.024,-0.013,3.29,87.5,11.0,26.8,37,6.7,3.6,22.6,24.2,38.5,4.2,31.6,76.693803832,93.206229159,67.0,15.6,33.0,51.6,48.4,273,529,53.4,1601,74.0,6.5,84.4,146,934,46.6,1395,42.7,1278,28.6,48.8,331,1581,1027,2996,63.9,40.0,38.9,21.2,553,48.8,270,22.4,124,19.9,110,8.9,49,2.92,,22,32,194.1,R,,,43.7,0.1,96.3,1805.0,-13.0,-20.7,7.7,97.0,2520.0,-12.2,-18.7,12.8,87.6,2982.0,8.3,-36.7,11.1,89.2,2037.0,-14.1,-27.5,21.5,80.3,2877.0,10.0,-55.6,45.0,95.3,2738.0,2.4,-17.5,,,,,,,,,,
"Gilbert, Logan",669302,2024,756,803,148,82,39,1,26,220,37,27.4,4.6,0.196,0.353,0.236,0.589,0.22,0.373,0.255,0.276,0.26,0.152,0.326,0.358,0.274,0.31,-0.024,-0.02,-0.021,3.06,89.6,12.6,33.0,39,7.2,5.7,24.4,26.9,31.4,4.4,39.3,78.976067127,94.386132799,70.3,20.4,29.9,58.7,41.3,264,450,49.4,1503,76.3,8.3,79.6,221,1082,50.6,1539,40.8,1240,31.7,50.4,398,1302,1341,3042,67.9,41.7,33.8,24.5,542,45.2,245,24.4,132,23.8,129,6.6,36,3.23,,22,33,208.2,R,,,43.9,30.7,96.6,2034.0,-7.0,-13.1,1.5,95.6,1958.0,-14.9,-19.4,32.3,88.4,1897.0,0.9,-35.2,,,,,,11.8,83.2,2278.0,13.5,-43.6,10.5,92.3,2244.0,3.0,-20.2,13.1,84.5,641.0,-6.0,-38.0,,,,,
"Skubal, Tarik",669373,2024,705,753,142,99,24,4,15,228,35,30.3,4.6,0.201,0.311,0.247,0.558,0.205,0.331,0.246,0.258,0.251,0.127,0.322,0.341,0.296,0.302,-0.004,-0.02,-0.012,2.66,87.5,12.0,33.1,32,6.7,4.2,22.0,25.2,37.2,4.2,33.9,76.236530506,93.34039981,68.3,25.0,31.1,50.8,49.2,200,394,44.7,1268,79.8,8.9,75.0,268,1073,55.3,1571,43.1,1225,31.9,51.8,770,1525,543,2866,68.7,37.0,36.4,26.6,481,46.4,223,24.7,119,21.8,105,7.1,34,2.39,,22,31,192.0,L,,,48.3,33.2,96.9,2226.0,6.5,-12.9,20.6,96.6,2116.0,14.5,-17.1,14.9,88.7,2105.0,-2.3,-28.5,27.0,86.3,1689.0,14.9,-30.8,4.2,78.5,2322.0,-5.6,-52.2,,,,,,0.1,86.8,930.0,15.5,-31.6,,,,,
"Blanco, Ronel",669854,2024,599,676,114,63,26,3,22,166,68,24.6,10.1,0.19,0.354,0.273,0.627,0.224,0.398,0.276,0.311,0.305,0.174,0.315,0.369,0.26,0.309,-0.034,-0.044,-0.035,3.94,88.7,16.4,30.1,41,9.3,4.8,25.3,28.7,28.7,3.0,35.5,78.14814367,93.702377385,68.4,17.7,30.3,52.8,47.2,228,432,51.9,1428,80.6,6.9,82.3,160,906,48.1,1324,43.7,1203,29.0,48.6,608,1055,1088,2751,60.5,41.7,35.5,22.8,439,39.9,175,31.0,136,20.7,91,8.4,37,2.8,,14,30,167.1,R,,,46.5,38.3,93.4,2228.0,-7.3,-12.9,,,,,,30.2,86.4,2091.0,2.2,-28.8,22.1,85.2,1485.0,-13.4,-32.5,9.4,80.1,2258.0,9.5,-44.3,,,,,,,,,,,,,,,
"Kirby, George",669923,2024,740,778,181,118,38,3,22,179,23,23.0,3.0,0.245,0.393,0.272,0.665,0.232,0.403,0.287,0.29,0.263,0.171,0.356,0.36,0.32,0.307,0.013,-0.01,-0.003,3.39,89.0,14.8,30.5,46,8.1,5.8,21.7,27.8,33.1,3.3,36.3,78.774593274,93.753520357,73.2,17.9,31.9,39.3,60.7,179,455,48.0,1425,83.5,8.0,82.1,202,1129,52.0,1542,44.7,1327,24.1,53.4,302,1720,944,2967,66.3,33.1,36.6,30.3,568,42.8,243,26.6,151,21.3,121,9.3,53,3.53,,20,33,191.0,R,,,36.6,33.9,96.0,2233.0,-9.3,-13.9,23.7,96.0,2219.0,-15.8,-18.1,23.7,87.2,2364.0,7.7,-38.4,0.0,85.4,1544.0,-9.0,-38.4,8.2,83.3,2468.0,8.6,-53.8,0.4,92.3,2301.0,1.0,-23.6,10.1,86.0,944.0,-9.6,-35.6,0.0,73.9,155.0,-2.6,-43.3
"Bibee, Tanner",676440,2024,651,710,150,84,40,4,22,187,44,26.3,6.2,0.23,0.406,0.285,0.691,0.235,0.401,0.299,0.304,0.291,0.167,0.374,0.381,0.319,0.328,-0.005,0.005,-0.005,3.75,88.4,17.7,37.4,33,7.0,9.1,24.2,29.9,25.3,4.5,36.9,77.504108675,93.719329103,72.7,22.3,26.8,40.7,59.3,147,361,47.2,1347,82.4,7.6,77.7,244,1093,52.8,1504,44.4,1267,26.9,51.0,512,1982,173,2851,65.8,39.1,33.3,27.6,471,35.2,166,31.6,149,24.2,114,8.9,42,3.47,,12,31,173.2,R,,,51.2,43.4,94.6,2361.0,-4.2,-14.7,0.4,94.0,2081.0,-13.8,-22.0,,,,,,18.0,82.5,1992.0,-13.7,-28.6,6.1,80.5,2680.0,13.7,-48.9,25.8,86.4,2738.0,8.3,-32.8,,,,,,,,,,
"Sears, JP",676664,2024,685,758,172,102,39,3,28,137,49,18.1,6.5,0.251,0.439,0.311,0.75,0.24,0.454,0.324,0.328,0.301,0.215,0.362,0.367,0.31,0.297,0.011,-0.015,-0.004,4.43,89.3,18.1,32.7,57,10.2,7.9,19.4,32.3,25.5,4.7,40.2,78.173332182,94.379787855,68.4,17.3,27.6,34.0,66.0,129,379,48.1,1375,78.3,8.2,82.7,175,1013,51.9,1482,43.7,1249,21.8,48.7,549,1339,258,2857,64.8,39.1,35.0,25.9,557,37.9,211,32.0,178,19.2,107,11.0,61,4.38,,13,32,180.2,L,,,21.4,36.1,91.9,2087.0,11.6,-17.7,10.7,90.0,1889.0,16.1,-27.6,8.4,79.3,2385.0,-6.2,-35.4,19.2,84.0,1675.0,16.6,-36.3,0.6,79.2,2431.0,-5.4,-46.7,,,,,,,,,,,,,,,
"Crawford, Kutter",676710,2024,695,759,155,89,30,2,34,175,51,23.1,6.7,0.223,0.419,0.284,0.703,0.222,0.422,0.304,0.307,0.283,0.2,0.361,0.366,0.296,0.296,0.001,-0.003,-0.003,3.83,88.4,19.8,33.4,52,9.9,5.9,21.6,33.6,24.6,4.4,36.3,77.710617066,93.646279363,69.4,17.2,32.8,44.3,55.7,195,440,47.5,1341,72.2,7.3,82.8,177,1029,52.5,1482,45.7,1290,25.3,52.0,242,1857,202,2823,63.6,40.5,34.9,24.6,524,33.8,177,32.3,169,22.1,116,11.8,62,4.36,,15,33,183.2,R,,,47.7,33.7,92.6,2505.0,-7.6,-12.4,,,,,,,,,,,,,,,,7.2,77.3,2198.0,7.9,-59.8,32.1,87.5,2493.0,5.1,-26.9,8.6,82.4,1102.0,-7.1,-31.7,,,,,
"Bello, Brayan",678394,2024,622,702,157,107,31,0,19,153,64,21.8,9.1,0.252,0.394,0.33,0.724,0.254,0.405,0.319,0.331,0.334,0.151,0.363,0.38,0.331,0.337,-0.002,-0.011,-0.012,4.52,88.5,6.2,34.2,35,7.4,5.5,25.3,17.1,40.7,3.8,41.1,76.384630975,94.524067665,65.1,16.8,29.7,43.5,56.5,185,425,52.9,1433,82.7,6.4,83.2,140,831,47.1,1277,41.8,1132,25.9,46.3,730,1220,7,2710,64.1,35.9,42.0,22.2,474,51.3,243,19.6,93,24.3,115,4.9,23,4.49,,10,30,162.1,R,,,28.2,4.7,95.7,2192.0,-8.9,-17.2,40.3,95.7,2046.0,-17.2,-26.0,0.3,88.1,2276.0,-0.3,-38.3,26.9,87.6,1810.0,-16.1,-32.5,,,,,,,,,,,,,,,,,,,,
"Miller, Bryce",682243,2024,654,704,131,84,25,1,21,171,45,24.3,6.4,0.2,0.338,0.254,0.592,0.226,0.414,0.26,0.301,0.279,0.188,0.309,0.37,0.27,0.306,-0.026,-0.076,-0.041,3.67,90.3,16.3,32.8,47,9.7,6.6,21.9,30.5,28.5,2.3,41.2,80.650222167,94.328141625,69.8,17.3,27.0,43.5,56.5,158,363,48.9,1343,80.4,7.2,82.7,170,981,51.1,1406,42.9,1179,24.4,48.9,469,1695,352,2749,62.2,38.6,35.1,26.4,485,38.6,187,33.0,160,21.2,103,7.2,35,2.94,,18,31,180.1,R,,,43.1,42.1,95.2,2484.0,-6.3,-11.9,17.3,94.7,2406.0,-15.9,-19.6,8.3,86.6,2541.0,3.2,-34.9,,,,,,4.5,85.0,2332.0,1.7,-44.6,2.3,92.1,2552.0,0.3,-18.6,17.1,84.4,912.0,-9.9,-38.2,,,,,
"Imanaga, Shota",684007,2024,662,694,149,98,23,1,27,174,28,25.1,4.0,0.225,0.385,0.259,0.644,0.232,0.398,0.279,0.289,0.266,0.167,0.352,0.366,0.305,0.313,-0.007,-0.013,-0.01,3.37,88.6,17.8,36.0,42,8.6,5.7,24.7,31.3,26.2,3.5,39.3,77.586230864,93.931424733,75.3,20.0,34.8,47.6,52.4,207,435,48.3,1251,79.2,7.8,80.0,202,1008,51.7,1339,44.2,1144,28.3,55.7,896,1413,84,2590,68.0,43.1,35.6,21.3,489,37.2,182,32.9,161,21.3,104,8.6,42,2.91,,19,29,173.1,L,,,39.5,51.9,91.7,2442.0,10.2,-14.4,2.2,89.0,1867.0,14.6,-24.9,,,,,,3.8,81.6,1678.0,12.0,-31.5,3.3,72.5,2414.0,-8.9,-65.2,0.5,89.8,2387.0,0.4,-19.9,30.8,82.9,1119.0,10.2,-33.0,,,,,
"Brown, Hunter",686613,2024,645,712,156,120,16,2,18,179,60,25.1,8.4,0.242,0.357,0.31,0.667,0.223,0.339,0.296,0.286,0.295,0.115,0.355,0.339,0.333,0.31,0.019,0.018,0.01,3.29,86.2,9.6,28.0,21,4.5,6.4,23.3,21.4,39.3,5.1,30.3,74.687517768,92.855098176,66.0,18.7,27.3,40.0,60.0,161,402,50.9,1470,70.0,7.6,81.3,175,937,49.1,1419,42.2,1220,25.1,46.3,362,2004,523,2889,60.3,34.2,38.9,26.9,468,48.5,227,22.0,103,22.4,105,7.1,33,3.49,,19,31,170.0,R,,,57.4,35.0,96.0,2298.0,-5.1,-12.3,17.9,95.6,2150.0,-13.7,-16.6,5.6,89.3,2161.0,3.7,-29.9,12.5,88.4,1463.0,-14.0,-26.3,12.5,82.9,2486.0,4.7,-55.5,16.4,92.4,2311.0,3.3,-22.0,,,,,,,,,,
"Pfaadt, Brandon",694297,2024,707,760,183,122,31,6,24,185,42,24.3,5.5,0.259,0.421,0.302,0.723,0.243,0.402,0.312,0.303,0.289,0.159,0.389,0.377,0.347,0.329,0.016,0.019,0.009,3.72,89.4,14.1,33.0,43,8.1,4.7,28.2,26.1,29.4,2.8,39.4,78.684914866,94.224942476,67.0,17.1,29.6,46.4,53.6,182,392,47.5,1326,77.9,7.8,82.9,168,984,52.5,1468,44.4,1240,25.4,49.3,331,1550,148,2793,70.7,43.0,31.8,25.2,528,42.2,223,28.8,152,22.9,121,6.1,32,4.71,,13,32,181.2,R,,,27.7,33.3,93.8,2557.0,-5.6,-16.1,22.2,93.7,2398.0,-15.1,-24.6,,,,,,11.3,87.5,2074.0,-15.5,-32.0,5.3,80.8,2599.0,12.8,-50.1,,,,,,0.6,89.6,1641.0,-4.1,-25.7,,,,,
"Kelly, Merrill",518876,2025,696,748,157,96,35,3,23,167,48,22.3,6.4,0.226,0.384,0.277,0.661,0.25,0.431,0.288,0.316,0.3,0.181,0.34,0.38,0.296,0.329,-0.024,-0.047,-0.028,4.16,90.2,13.8,32.4,49,9.2,7.3,23.2,24.9,31.1,3.8,43.5,79.116163359,94.908594218,67.1,14.8,32.8,41.6,58.4,201,483,52.0,1474,74.9,7.3,85.2,135,913,48.0,1360,46.6,1322,24.1,49.3,753,1609,471,2833,64.8,41.8,36.0,22.2,531,43.7,232,25.8,137,22.8,121,7.7,41,3.52,,18,32,184.0,R,,,23.8,22.7,91.9,2369.0,-9.5,-17.8,13.5,92.2,2224.0,-16.6,-26.5,7.0,85.8,2367.0,2.1,-33.7,26.6,88.3,2158.0,-15.1,-35.1,9.7,81.7,2616.0,8.4,-51.1,20.6,90.6,2372.0,-3.0,-21.3,,,,,,,,,,
"Gray, Sonny",543243,2025,705,753,185,125,31,4,25,201,38,26.7,5.0,0.262,0.424,0.302,0.726,0.25,0.417,0.314,0.306,0.291,0.167,0.407,0.396,0.365,0.348,0.012,0.007,0.008,3.88,88.9,11.0,34.8,50,9.8,7.3,26.2,20.1,33.1,3.5,40.7,76.982367233,94.518739901,63.2,14.4,31.2,54.8,45.2,230,420,49.5,1345,78.7,6.7,85.6,125,869,50.5,1374,44.6,1212,27.5,47.4,229,1422,542,2719,64.5,38.8,36.6,24.6,508,45.1,229,23.2,118,24.4,124,7.3,37,4.28,,14,32,180.2,R,,,47.6,21.7,91.7,2502.0,1.5,-21.8,18.0,92.4,2401.0,-10.3,-23.7,1.6,84.4,2620.0,5.0,-39.3,8.4,86.2,1860.0,-13.7,-30.1,18.4,80.2,2583.0,12.7,-56.8,12.6,87.8,2680.0,5.1,-33.1,,,,,,,,,,
"Hendricks, Kyle",543294,2025,638,695,167,102,37,3,25,114,43,16.4,6.2,0.262,0.447,0.311,0.758,0.246,0.408,0.324,0.308,0.3,0.162,0.362,0.341,0.315,0.301,0.016,0.039,0.016,3.93,86.1,16.3,32.6,44,8.3,4.9,20.6,30.6,29.6,6.0,34.3,73.673250302,93.310892792,64.2,14.8,31.6,25.4,74.6,103,405,49.7,1280,71.7,6.7,85.2,123,830,50.3,1293,46.6,1198,18.3,48.0,987,1372,212,2573,65.6,33.4,42.8,23.8,533,39.2,209,28.9,154,22.9,122,9.0,48,4.76,,11,31,164.2,R,,,42.6,15.0,86.5,2051.0,-5.9,-22.3,38.4,86.2,1981.0,-13.9,-29.6,,,,,,38.4,79.5,2077.0,-10.9,-34.8,8.2,72.2,2823.0,15.7,-63.3,,,,,,,,,,,,,,,
"Boyd, Matthew",571510,2025,656,718,154,107,25,3,19,154,42,21.4,5.8,0.235,0.369,0.288,0.657,0.24,0.398,0.287,0.301,0.293,0.158,0.333,0.353,0.303,0.311,-0.005,-0.029,-0.014,3.74,88.5,18.0,31.4,46,9.0,4.7,26.1,30.6,24.8,4.5,38.0,77.347035336,93.962286673,70.4,17.7,28.8,38.6,61.4,139,360,45.5,1249,76.6,8.6,82.3,187,1054,54.5,1497,43.0,1182,23.1,51.5,650,1377,719,2746,67.8,36.6,36.3,27.1,513,39.0,200,30.4,156,21.1,108,9.6,49,3.21,,17,31,179.2,L,,,25.1,47.1,93.3,2318.0,13.2,-18.6,3.0,91.5,2281.0,17.2,-23.7,14.9,82.0,2485.0,-2.4,-40.4,23.7,78.7,1818.0,15.7,-38.5,11.3,73.5,2326.0,-11.0,-59.4,,,,,,,,,,,,,,,
"Kikuchi, Yusei",579328,2025,689,772,180,120,35,1,24,174,74,22.5,9.6,0.261,0.419,0.333,0.752,0.25,0.428,0.327,0.327,0.325,0.178,0.384,0.385,0.345,0.333,0.011,-0.009,0.0,4.48,91.0,14.5,34.2,49,9.4,6.3,24.6,26.1,29.4,4.0,42.2,80.679269806,95.007564466,67.9,17.0,26.9,41.7,58.3,166,398,47.8,1479,75.0,8.3,83.0,186,1096,52.2,1615,44.4,1375,23.6,48.3,374,1117,1597,3094,63.0,40.9,34.5,24.6,521,40.3,210,27.6,144,25.7,134,6.3,33,3.99,,11,33,178.1,L,,,36.5,34.9,94.8,2187.0,9.4,-15.2,1.2,92.7,2157.0,14.9,-22.8,36.2,87.0,2295.0,-2.9,-32.4,12.1,85.6,1541.0,13.6,-30.7,15.4,79.9,2526.0,-6.9,-48.7,,,,,,,,,,,,,,,
"Gausman, Kevin",592332,2025,716,775,155,98,34,2,21,189,50,24.4,6.5,0.216,0.358,0.269,0.627,0.238,0.407,0.273,0.301,0.289,0.169,0.33,0.371,0.292,0.322,-0.022,-0.049,-0.028,3.74,89.3,16.5,35.0,45,8.5,10.2,23.2,28.2,24.7,5.3,41.4,78.114323042,94.522007833,70.8,18.1,31.7,45.6,54.4,215,471,49.0,1486,82.9,7.2,81.9,198,1093,51.0,1544,44.4,1344,26.4,51.6,1138,1630,262,3030,68.8,34.1,35.8,30.1,531,37.3,198,29.8,158,26.0,138,7.0,37,3.59,,16,32,193.0,R,,,36.7,53.7,94.5,2261.0,-11.1,-14.1,0.1,93.7,2280.0,-18.6,-14.0,8.6,83.2,2334.0,1.8,-37.9,,,,,,,,,,,,,,,,37.6,84.9,1691.0,-15.5,-33.8,,,,,
"Ray, Robbie",592662,2025,671,755,148,85,39,2,22,186,73,24.6,9.7,0.221,0.383,0.298,0.681,0.219,0.385,0.299,0.3,0.299,0.166,0.35,0.353,0.301,0.302,0.002,-0.002,-0.001,3.71,91.0,17.7,35.4,47,9.6,6.5,22.4,32.1,25.6,3.0,44.7,81.357482769,94.734721694,71.0,19.4,27.7,49.3,50.7,211,428,50.3,1543,80.4,7.5,80.6,210,1084,49.7,1526,44.0,1350,27.8,49.3,399,1595,1063,3069,59.1,39.0,35.2,25.8,492,36.6,180,33.1,163,23.4,115,6.9,34,3.65,,16,32,182.1,L,,,45.7,52.0,93.6,2360.0,8.2,-13.2,,,,,,22.5,87.9,2269.0,0.5,-26.1,13.0,84.8,1650.0,11.4,-26.3,12.1,81.2,2185.0,-1.6,-46.7,,,,,,,,,,,,,,,
"deGrom, Jacob",594798,2025,624,669,122,76,19,1,26,185,37,27.7,5.5,0.196,0.354,0.242,0.596,0.221,0.391,0.259,0.286,0.268,0.17,0.327,0.369,0.275,0.314,-0.025,-0.037,-0.027,3.36,90.1,16.0,33.1,41,9.2,7.0,22.5,29.7,28.2,2.7,41.9,79.671198045,94.499823864,70.9,19.6,32.4,53.6,46.4,226,422,49.8,1303,80.2,7.2,80.4,182,930,50.2,1311,44.1,1152,30.2,51.7,295,1203,1116,2614,63.7,36.5,32.7,30.9,444,38.1,169,33.1,147,22.3,99,6.5,29,2.97,,14,30,172.2,R,,,31.3,46.0,97.5,2519.0,-8.9,-12.5,,,,,,37.6,90.4,2698.0,4.8,-31.1,11.3,89.8,1666.0,-13.9,-31.9,5.1,80.9,2781.0,10.5,-47.3,,,,,,,,,,,,,,,
"Pivetta, Nick",601713,2025,660,721,129,86,19,2,22,190,50,26.4,6.9,0.195,0.33,0.253,0.583,0.229,0.424,0.256,0.31,0.287,0.196,0.31,0.392,0.271,0.322,-0.034,-0.094,-0.054,3.99,90.3,19.1,36.4,52,10.9,7.7,21.8,31.4,24.1,3.8,45.0,79.736148771,94.701402267,65.0,19.1,28.2,38.8,61.2,147,379,47.1,1342,72.5,8.0,80.9,187,981,52.9,1509,43.5,1239,24.6,47.7,6,1678,639,2851,63.4,38.5,37.7,23.8,478,34.1,163,33.3,159,23.4,112,9.2,44,2.87,,19,31,181.2,R,,,56.1,48.5,93.8,2325.0,-2.7,-11.7,2.3,93.3,2236.0,-10.1,-14.7,0.0,80.4,2583.0,6.6,-45.8,,,,,,22.4,79.0,2797.0,7.1,-61.2,8.1,89.9,2351.0,4.7,-23.7,0.2,86.7,1603.0,-7.9,-24.4,,,,,
"Bassitt, Chris",605135,2025,667,736,174,118,31,3,22,166,52,22.6,7.1,0.261,0.415,0.325,0.74,0.252,0.4,0.324,0.316,0.318,0.149,0.382,0.371,0.345,0.336,0.009,0.015,0.008,4.16,87.7,10.5,34.5,43,8.5,4.0,26.7,22.2,33.1,5.1,36.6,75.618546494,93.913717565,66.8,18.5,25.2,36.9,63.1,127,344,48.2,1364,78.0,7.1,81.5,181,979,51.8,1465,44.8,1267,23.3,46.8,205,1920,537,2829,59.6,41.4,36.4,22.2,505,46.1,233,21.6,109,24.2,122,8.1,41,3.96,,11,32,170.1,R,,,31.9,9.4,91.5,2149.0,-5.3,-21.5,41.6,91.6,2102.0,-16.2,-28.3,2.9,83.6,2372.0,5.9,-38.9,2.7,84.5,1917.0,-16.4,-34.8,16.1,71.3,2276.0,16.8,-66.4,16.9,88.5,2223.0,0.8,-26.3,4.6,83.6,1366.0,-14.4,-40.1,,,,,
"Holmes, Clay",605280,2025,622,708,150,110,25,1,14,129,66,18.2,9.3,0.241,0.352,0.324,0.676,0.245,0.395,0.302,0.322,0.33,0.15,0.318,0.346,0.301,0.309,-0.004,-0.043,-0.02,4.33,89.7,4.4,30.5,34,6.8,8.6,20.8,16.0,43.1,4.4,42.3,78.369750081,94.822225709,61.3,11.8,29.3,42.3,57.7,177,418,51.6,1426,67.7,6.8,88.2,97,821,48.4,1340,42.9,1187,22.1,44.8,434,1508,296,2764,60.3,43.5,38.3,18.2,499,55.9,279,18.2,91,21.6,108,4.2,21,3.53,,8,33,165.2,R,,,43.6,5.4,93.2,2304.0,-6.7,-17.9,40.8,93.7,2180.0,-15.0,-28.4,10.7,85.3,2598.0,2.0,-41.7,15.7,88.1,1105.0,-12.1,-35.1,,,,,,8.3,89.8,2446.0,1.0,-28.6,,,,,,,,,,
"Springs, Jeffrey",605488,2025,647,713,153,89,36,0,28,138,54,19.4,7.6,0.236,0.422,0.295,0.717,0.249,0.431,0.309,0.321,0.309,0.182,0.349,0.366,0.296,0.315,-0.013,-0.009,-0.012,4.3,88.3,19.2,38.2,42,8.1,8.3,23.4,33.2,21.8,5.2,37.3,76.965319805,93.911262183,65.8,18.5,28.4,41.9,58.1,177,422,52.2,1486,77.4,7.3,81.5,166,896,47.8,1361,44.7,1273,26.0,46.3,720,1373,580,2847,60.3,35.1,39.4,25.5,518,31.9,165,29.5,153,29.2,151,9.5,49,4.11,,14,32,171.0,L,,,43.2,42.5,90.7,2171.0,11.4,-17.5,,,,,,20.4,83.5,2226.0,-4.0,-36.6,25.3,79.1,1395.0,12.5,-37.0,,,,,,5.7,86.9,2203.0,0.4,-27.6,,,,,,,,,,
"Rodón, Carlos",607074,2025,701,789,132,83,27,0,22,203,73,25.7,9.3,0.188,0.321,0.272,0.593,0.206,0.351,0.266,0.286,0.29,0.145,0.303,0.335,0.263,0.291,-0.018,-0.03,-0.02,3.36,88.6,12.8,32.3,38,7.5,6.5,21.4,27.4,31.2,5.4,38.9,77.269631895,94.179910283,64.6,19.7,29.2,50.5,49.5,255,505,53.8,1728,78.0,6.2,80.3,189,958,46.2,1484,43.4,1393,30.3,45.5,519,1658,1035,3212,62.0,37.3,37.7,25.0,504,44.0,222,27.6,139,21.6,109,6.7,34,3.09,,18,33,195.1,L,,,44.4,41.8,94.1,2347.0,10.8,-13.5,9.6,91.9,2256.0,14.6,-26.2,28.4,85.9,2633.0,-5.5,-37.9,16.2,85.0,1650.0,12.7,-34.2,3.8,80.3,2717.0,-7.3,-55.8,0.2,92.4,2383.0,3.6,-24.5,,,,,,,,,,
"Martinez, Nick",607259,2025,621,683,158,91,44,1,22,116,42,17.0,6.1,0.254,0.435,0.304,0.739,0.257,0.41,0.317,0.312,0.308,0.153,0.354,0.348,0.307,0.314,-0.003,0.025,0.005,4.04,88.3,16.2,37.0,36,6.9,5.0,26.4,29.5,27.9,3.3,34.5,78.23181311,93.267375748,65.5,14.1,24.5,39.0,61.0,110,282,44.7,1153,72.5,8.9,85.9,132,933,55.3,1425,45.7,1178,19.9,47.1,510,1520,547,2578,61.3,43.5,33.7,22.7,519,39.3,204,27.7,144,24.9,129,8.1,42,4.45,,11,40,165.2,R,,,57.8,20.4,92.6,2316.0,-5.3,-14.2,17.5,92.5,2294.0,-13.0,-17.8,10.2,84.9,2434.0,0.6,-36.0,19.8,78.5,2010.0,-11.2,-39.4,11.0,79.8,2586.0,2.0,-59.8,21.1,89.1,2364.0,1.9,-22.9,,,,,,,,,,
"Freeland, Kyle",607536,2025,657,709,193,132,34,5,22,124,38,17.5,5.4,0.294,0.461,0.335,0.796,0.282,0.473,0.341,0.342,0.325,0.191,0.392,0.393,0.357,0.345,0.012,-0.012,-0.001,4.96,91.1,12.7,36.8,51,9.4,7.2,28.1,22.2,29.8,3.3,47.3,81.013744552,95.077603477,69.3,11.6,29.7,47.5,52.5,159,335,45.4,1127,79.4,8.6,88.4,109,939,54.6,1355,43.4,1078,21.0,51.3,147,1368,648,2482,68.5,43.6,35.9,20.5,541,41.6,225,25.3,137,28.7,155,4.4,24,4.98,,14,31,162.2,L,,,28.3,33.4,91.6,2403.0,7.9,-17.5,6.0,91.3,2288.0,14.1,-24.7,,,,,,5.9,86.4,1515.0,12.3,-29.9,26.1,82.6,2397.0,-2.0,-46.4,15.6,87.3,2371.0,0.5,-29.6,,,,,,,,,,
"Fried, Max",608331,2025,737,801,164,117,26,7,14,189,51,23.6,6.4,0.223,0.334,0.281,0.615,0.233,0.358,0.272,0.287,0.291,0.125,0.319,0.34,0.298,0.313,-0.01,-0.024,-0.015,3.38,87.2,6.9,29.6,38,6.9,4.0,23.8,21.1,37.4,6.2,37.2,74.884362841,93.857707638,66.6,18.5,27.6,45.9,54.1,199,434,50.6,1572,75.2,7.8,81.5,189,1024,49.4,1537,42.2,1312,26.6,46.9,341,1810,600,3109,60.3,41.0,36.7,22.3,551,52.6,290,21.2,117,20.1,111,6.0,33,2.86,,20,32,195.1,L,,,46.0,12.4,95.8,2211.0,3.1,-14.9,17.7,94.0,2132.0,9.9,-26.5,2.0,85.3,2538.0,-4.9,-37.4,11.0,85.2,1659.0,13.4,-34.1,17.3,75.2,2920.0,-10.5,-66.1,28.0,93.6,2302.0,-1.5,-22.2,,,,,,,,,,
"Wacha, Michael",608379,2025,658,716,166,116,29,6,15,126,45,17.6,6.3,0.252,0.383,0.302,0.685,0.257,0.421,0.299,0.317,0.308,0.164,0.333,0.357,0.31,0.317,-0.005,-0.038,-0.018,4.19,87.5,17.7,36.7,40,7.4,5.6,25.7,30.6,25.6,4.8,34.6,76.056574508,93.523519129,70.0,16.0,28.3,36.2,63.8,128,354,47.0,1252,84.9,8.2,84.0,158,989,53.0,1413,44.3,1181,21.3,50.4,677,1458,530,2666,63.3,40.2,35.7,24.1,540,37.8,204,27.2,147,25.2,136,9.8,53,3.86,,13,31,172.2,R,,,50.9,27.0,93.1,2163.0,-6.5,-13.6,12.7,93.2,2044.0,-12.3,-16.2,12.2,84.9,1953.0,4.1,-33.6,25.4,79.8,1537.0,-13.0,-35.6,7.7,75.1,2268.0,11.5,-60.7,15.0,88.2,2118.0,1.9,-25.4,,,,,,,,,,
"Berríos, José",621244,2025,632,698,160,102,30,2,26,138,56,19.8,8.0,0.253,0.43,0.32,0.75,0.255,0.455,0.325,0.337,0.323,0.199,0.37,0.387,0.323,0.328,-0.002,-0.025,-0.012,4.8,90.3,15.0,32.6,56,11.3,5.2,22.1,25.4,33.0,2.6,42.5,79.761456829,94.705282256,65.9,13.5,28.2,39.8,60.2,153,384,52.7,1361,78.2,7.3,86.5,109,806,47.3,1223,43.3,1120,22.0,46.1,434,1479,0,2584,64.3,40.0,37.4,22.5,497,42.3,210,27.4,136,22.1,110,8.2,41,4.17,,14,31,166.0,R,,,38.7,17.9,93.0,2131.0,-9.8,-16.6,33.6,92.2,2028.0,-16.1,-21.5,,,,,,16.8,85.2,1555.0,-14.4,-33.5,,,,,,5.8,89.5,2308.0,0.1,-24.1,,,,,,,,,,
"Castillo, Luis",622491,2025,689,745,168,108,34,3,23,162,46,21.7,6.2,0.244,0.402,0.297,0.699,0.245,0.418,0.304,0.312,0.299,0.173,0.358,0.37,0.317,0.32,-0.001,-0.016,-0.008,4.04,90.3,14.5,32.1,55,10.4,7.0,22.8,26.0,29.2,4.3,46.4,79.249648523,95.089940152,73.9,19.3,28.9,38.3,61.7,164,428,49.6,1482,77.7,6.8,80.7,215,1113,50.4,1506,44.3,1324,24.6,51.6,340,2039,609,2988,64.7,38.3,37.2,24.5,530,41.1,218,28.7,152,22.8,121,7.4,39,3.54,,18,32,180.2,R,,,15.1,46.4,95.0,2211.0,-13.0,-18.1,21.9,94.8,2035.0,-18.6,-26.9,20.4,84.5,2249.0,1.0,-38.5,11.4,87.2,1970.0,-17.7,-36.6,,,,,,,,,,,,,,,,,,,,
"Severino, Luis",622663,2025,630,705,162,111,35,0,16,124,50,17.6,7.1,0.257,0.389,0.324,0.713,0.266,0.416,0.313,0.331,0.335,0.149,0.34,0.364,0.316,0.331,-0.009,-0.027,-0.018,4.61,88.3,14.0,35.3,31,6.0,8.0,26.6,26.0,28.0,5.0,41.9,75.840911693,94.478741811,66.9,14.4,26.3,28.9,71.1,100,346,48.3,1318,80.9,7.1,85.6,136,945,51.7,1413,45.1,1231,18.3,47.3,145,1800,108,2731,58.9,36.9,37.3,25.8,515,41.9,216,23.7,122,27.2,140,7.2,37,4.54,,10,29,162.2,R,,,39.5,28.2,96.1,2284.0,-7.2,-13.5,20.2,95.6,2125.0,-14.1,-17.9,4.0,87.0,2483.0,6.6,-33.1,5.3,86.2,1597.0,-13.8,-29.7,,,,,,17.5,93.2,2287.0,0.8,-22.3,,,,,,,,,,
"Littell, Zack",641793,2025,712,759,174,104,33,1,36,130,32,17.1,4.2,0.244,0.445,0.282,0.727,0.255,0.459,0.311,0.323,0.294,0.204,0.354,0.37,0.296,0.313,-0.011,-0.014,-0.012,4.36,90.2,14.6,32.7,58,9.9,7.3,22.7,27.9,29.0,2.9,40.9,80.190668797,94.458762186,69.6,14.0,30.8,37.5,62.5,148,395,45.9,1281,80.1,7.9,85.9,147,1049,54.1,1507,46.2,1288,20.4,51.8,762,1108,768,2788,63.4,40.9,38.8,20.3,587,40.7,239,27.8,163,23.3,137,8.2,48,3.81,,17,32,186.2,R,,,39.4,23.8,92.1,2012.0,-7.3,-16.2,16.0,91.5,2028.0,-14.2,-20.2,27.5,87.3,2199.0,1.4,-28.5,,,,,,,,,,,,,,,,27.3,83.4,1105.0,-11.7,-40.4,,,,,
"Peralta, Freddy",642547,2025,643,723,124,80,23,0,21,204,66,28.2,9.1,0.193,0.327,0.277,0.604,0.206,0.361,0.27,0.289,0.289,0.155,0.323,0.353,0.282,0.302,-0.013,-0.034,-0.019,3.43,88.0,18.0,33.9,41,9.3,5.2,21.9,32.7,26.9,4.1,34.5,76.986266955,93.5568435,69.3,21.6,28.4,47.0,53.0,227,483,55.0,1698,78.9,6.3,78.3,208,963,45.0,1389,41.8,1289,30.1,46.9,655,1651,780,3086,63.3,34.1,36.3,29.6,443,37.5,166,28.9,128,22.6,100,11.1,49,2.7,,13,33,176.2,R,,,38.3,53.5,94.8,2441.0,-4.6,-13.9,,,,,,10.2,83.5,2453.0,5.7,-34.4,21.2,88.9,1929.0,-16.8,-31.2,15.1,78.8,2331.0,5.3,-50.3,,,,,,,,,,,,,,,
"Alcantara, Sandy",645261,2025,669,745,165,104,39,0,22,142,57,19.1,7.7,0.247,0.404,0.31,0.714,0.262,0.437,0.311,0.332,0.326,0.175,0.346,0.375,0.308,0.33,-0.015,-0.033,-0.021,4.64,90.7,9.4,33.0,46,8.6,5.6,26.1,21.3,36.0,2.1,45.0,80.162512584,95.038047336,67.9,13.7,29.0,39.9,60.1,158,396,47.3,1366,77.2,7.9,86.3,142,1036,52.7,1525,43.3,1252,20.9,49.5,671,1727,493,2891,63.0,44.8,32.1,23.1,536,46.6,250,24.1,129,24.6,132,4.7,25,5.36,,12,31,174.2,R,,,31.8,17.1,97.7,2286.0,-14.1,-15.8,25.9,97.1,2322.0,-17.3,-20.7,17.1,85.3,2444.0,2.8,-39.3,23.2,90.4,2089.0,-17.5,-28.8,,,,,,16.7,89.3,2355.0,1.0,-29.6,,,,,,,,,,
"Sánchez, Cristopher",650911,2025,754,807,171,124,35,0,12,212,44,26.3,5.5,0.227,0.321,0.275,0.596,0.225,0.345,0.264,0.272,0.273,0.12,0.327,0.34,0.315,0.313,0.002,-0.024,-0.008,3.02,89.0,3.0,27.0,31,5.7,4.6,25.9,15.8,43.5,4.0,39.8,77.436793852,94.392001148,66.1,22.0,31.6,49.5,50.5,218,440,48.1,1393,77.1,8.3,78.0,218,993,51.9,1502,43.7,1266,30.4,49.5,1084,1332,480,2896,65.4,40.6,37.4,22.0,545,58.5,319,16.9,92,22.0,120,2.6,14,2.5,,22,32,202.0,L,,,29.6,,,,,,46.0,95.4,2137.0,18.3,-25.8,16.6,85.7,2089.0,-1.6,-37.9,37.4,86.3,2043.0,16.9,-38.1,,,,,,,,,,,,,,,,,,,,
"Cease, Dylan",656302,2025,636,722,152,93,37,1,21,215,71,29.8,9.8,0.239,0.399,0.318,0.717,0.214,0.359,0.313,0.29,0.297,0.145,0.406,0.367,0.357,0.321,0.025,0.04,0.023,3.46,88.9,16.6,36.6,37,8.6,7.7,25.2,28.4,26.1,3.7,37.5,78.184355258,93.931109718,70.2,22.7,31.0,54.7,45.3,276,505,53.5,1630,75.7,6.6,77.3,225,993,46.5,1414,42.2,1286,33.4,49.2,34,1402,1500,3044,60.1,41.0,35.9,23.1,429,37.3,160,30.3,130,23.8,102,8.6,37,4.55,,8,32,168.0,R,,,51.3,42.1,97.1,2550.0,-3.7,-10.7,3.9,95.8,2477.0,-11.1,-15.8,41.0,89.1,2763.0,1.2,-31.2,1.1,77.3,1681.0,-8.5,-28.4,8.3,82.3,2746.0,3.1,-56.4,,,,,,,,,,,,,,,
"Keller, Mitch",656605,2025,686,749,171,108,40,2,21,150,51,20.0,6.8,0.249,0.405,0.31,0.715,0.259,0.43,0.313,0.326,0.32,0.171,0.356,0.375,0.318,0.332,-0.01,-0.025,-0.013,4.45,90.1,11.9,34.6,42,7.8,7.3,25.1,24.0,31.7,3.9,43.8,79.4512197,94.723694728,68.2,13.0,25.8,43.8,56.2,151,345,46.5,1335,76.0,9.3,87.0,136,1047,53.5,1535,41.2,1182,20.6,48.5,198,1514,611,2870,59.9,38.7,35.8,25.5,537,44.3,238,24.4,131,24.2,130,7.1,38,4.19,,17,32,176.1,R,,,37.9,34.8,94.1,2404.0,-8.5,-15.6,17.9,92.9,2460.0,-13.9,-22.2,14.0,86.9,2531.0,4.6,-36.5,6.9,89.2,2027.0,-14.0,-32.2,7.3,77.4,2612.0,12.0,-60.4,0.1,92.4,2427.0,1.3,-22.1,,,,,,,,,,
"Peterson, David",656849,2025,643,723,166,118,35,2,11,150,65,20.7,9.0,0.258,0.37,0.331,0.701,0.27,0.407,0.311,0.331,0.344,0.137,0.35,0.379,0.335,0.353,-0.012,-0.037,-0.02,4.61,90.6,4.3,34.4,32,6.4,6.6,29.4,15.6,37.2,4.4,46.0,79.61366252,95.237705996,65.7,14.3,28.1,46.2,53.8,177,383,50.5,1362,71.8,6.7,85.7,126,879,49.5,1337,44.3,1196,24.0,46.8,412,1401,886,2699,63.8,41.6,35.6,22.8,500,55.4,277,16.0,80,26.6,133,2.0,10,4.22,,15,30,168.2,L,,,40.4,22.3,92.3,2132.0,4.6,-18.6,29.6,91.3,2122.0,14.6,-25.3,19.1,84.6,2314.0,-2.5,-38.2,15.3,84.6,1565.0,14.6,-33.9,13.7,78.7,2361.0,-6.5,-52.6,,,,,,,,,,,,,,,
"Webb, Logan",657277,2025,795,856,210,144,49,3,14,224,46,26.2,5.4,0.264,0.386,0.308,0.694,0.247,0.385,0.303,0.295,0.292,0.138,0.386,0.375,0.365,0.342,0.017,0.001,0.008,3.58,89.7,5.7,32.8,48,8.3,4.1,25.6,16.6,40.4,4.5,40.2,78.364554789,94.732224965,63.1,13.8,29.7,47.2,52.8,233,494,50.6,1661,70.6,7.0,86.2,141,1023,49.4,1621,44.1,1448,24.7,46.2,791,1618,0,3282,68.5,36.3,39.6,24.2,579,54.2,314,16.9,98,25.6,148,3.3,19,3.22,,22,34,207.0,R,,,22.1,7.7,92.8,2118.0,-9.0,-20.9,33.7,92.6,1961.0,-15.7,-31.6,,,,,,24.1,86.5,1502.0,-8.5,-42.0,,,,,,7.9,91.1,2225.0,-2.0,-25.2,,,,,,,,,,
"Ryan, Joe",657746,2025,633,689,138,80,32,0,26,194,39,28.2,5.7,0.218,0.392,0.275,0.667,0.209,0.397,0.29,0.289,0.269,0.188,0.369,0.369,0.312,0.303,0.009,-0.005,0.001,3.43,90.2,18.7,33.1,51,11.5,6.3,20.3,32.4,26.4,3.2,41.9,79.815298733,94.608611131,69.7,21.9,25.2,40.4,59.6,128,317,45.0,1258,83.1,8.7,78.1,235,1072,55.0,1537,44.6,1247,26.1,49.7,310,1750,368,2795,66.0,36.0,37.4,26.6,444,36.9,164,32.2,143,20.3,90,10.6,47,3.42,,14,31,171.0,R,,,25.3,50.3,93.7,2295.0,-12.6,-17.7,12.4,93.2,2141.0,-16.4,-23.1,9.2,87.9,2333.0,0.1,-28.6,,,,,,3.9,79.1,2816.0,12.5,-53.6,,,,,,11.1,87.6,2014.0,-15.3,-34.7,,,,,
"Irvin, Jake",663623,2025,717,787,195,116,38,3,38,124,62,15.8,7.9,0.272,0.492,0.334,0.826,0.273,0.506,0.355,0.36,0.335,0.233,0.39,0.397,0.328,0.329,-0.001,-0.014,-0.005,5.59,90.4,12.8,34.8,71,11.9,5.2,24.0,23.9,30.6,3.9,47.1,79.313724864,95.158643027,63.2,11.7,26.6,37.2,62.8,131,352,44.9,1322,74.2,9.1,88.3,120,1025,55.1,1623,45.3,1335,18.2,46.8,227,1718,999,2945,64.9,43.2,36.8,20.0,595,43.5,259,27.9,166,23.2,138,5.4,32,5.7,,9,33,180.0,R,,,27.1,32.0,92.4,2332.0,-9.4,-17.4,22.2,91.9,2290.0,-16.5,-25.9,4.3,83.7,2488.0,7.4,-38.4,7.7,85.6,2198.0,-15.6,-32.6,29.6,77.8,2486.0,14.8,-49.6,4.2,87.4,2469.0,2.8,-29.0,,,,,,,,,,
"Singer, Brady",663903,2025,631,716,150,89,36,6,19,163,60,22.8,8.4,0.238,0.404,0.314,0.718,0.243,0.41,0.313,0.32,0.32,0.166,0.36,0.371,0.314,0.324,-0.005,-0.006,-0.007,4.27,90.3,14.2,36.3,45,9.4,6.5,24.6,28.6,28.2,2.5,40.7,79.955468025,94.544913495,63.2,15.3,25.6,45.4,54.6,166,366,50.2,1430,70.0,7.3,84.7,137,898,49.8,1420,43.3,1235,24.0,44.4,0,1724,809,2850,60.8,38.0,37.0,25.1,479,39.7,190,28.4,136,25.5,122,6.5,31,4.03,,15,32,169.2,R,,,25.1,10.5,91.3,2442.0,-6.3,-18.3,40.6,92.2,2362.0,-15.9,-22.2,28.4,82.6,2434.0,4.9,-41.1,,,,,,,,,,,9.4,87.5,2347.0,1.6,-28.0,,,,,,,,,,
"Valdez, Framber",664285,2025,717,802,171,119,33,4,15,187,68,23.3,8.5,0.238,0.358,0.308,0.666,0.241,0.37,0.295,0.303,0.312,0.129,0.342,0.354,0.319,0.324,-0.003,-0.012,-0.008,3.79,90.8,2.7,28.1,36,6.7,5.0,23.9,14.1,45.6,4.6,46.3,79.964667978,95.300987092,64.0,15.3,29.8,52.1,47.9,220,422,48.9,1415,74.0,6.9,84.7,144,944,51.1,1476,44.3,1280,26.6,47.3,516,1327,1048,2891,61.7,39.1,39.4,21.5,540,59.4,321,16.5,89,21.7,117,2.4,13,3.66,,20,31,192.0,L,,,41.7,0.7,94.3,2248.0,8.6,-21.2,45.2,94.2,2200.0,15.7,-25.1,3.1,84.4,2537.0,-3.8,-41.1,17.8,89.8,1708.0,14.7,-33.4,33.1,79.4,2943.0,-13.2,-58.8,,,,,,,,,,,,,,,
"Kremer, Dean",665152,2025,656,708,163,106,32,3,22,142,45,20.1,6.4,0.248,0.407,0.297,0.704,0.238,0.413,0.305,0.304,0.289,0.175,0.354,0.353,0.315,0.304,0.01,-0.006,0.001,3.82,88.1,15.2,32.8,44,8.5,8.3,20.1,28.0,27.8,5.2,35.8,76.650646047,93.877241465,67.6,16.3,30.1,38.3,61.8,153,400,49.4,1330,75.4,7.4,83.7,150,922,50.6,1364,42.3,1140,22.9,49.4,567,1778,347,2753,65.7,38.6,36.5,24.9,518,40.2,208,28.4,147,23.7,123,7.7,40,4.19,,9,31,171.2,R,,,43.4,26.5,93.3,2284.0,-7.6,-13.5,19.4,92.8,2155.0,-14.7,-19.5,0.1,83.9,2471.0,2.4,-37.7,,,,,,12.8,78.3,2772.0,6.1,-56.2,20.2,86.9,2401.0,4.8,-30.2,21.1,81.9,1131.0,-10.6,-31.0,,,,,
"Luzardo, Jesús",666200,2025,696,758,167,118,33,0,16,216,57,28.5,7.5,0.24,0.356,0.299,0.655,0.228,0.355,0.29,0.285,0.29,0.127,0.369,0.363,0.346,0.331,0.012,0.001,0.005,3.33,88.5,13.1,34.2,32,6.6,6.4,25.5,25.9,30.7,4.1,37.1,77.489938987,93.779297426,64.7,20.5,30.4,53.3,46.7,242,454,49.5,1491,72.3,8.0,79.5,202,986,50.5,1523,43.2,1302,30.8,47.8,521,1327,232,3013,67.4,40.0,35.1,24.9,482,42.7,206,25.3,122,25.3,122,6.6,32,3.92,,18,32,183.2,L,,,32.5,33.3,96.5,2239.0,12.0,-15.5,10.8,95.8,2231.0,16.9,-21.6,7.7,86.6,2383.0,-0.1,-35.9,17.3,87.9,1930.0,16.5,-28.3,,,,,,,,,,,,,,,,,,,,
"Soriano, José",667755,2025,634,724,158,117,28,1,12,152,78,21.0,10.8,0.249,0.353,0.335,0.688,0.242,0.367,0.309,0.312,0.331,0.125,0.34,0.344,0.326,0.32,0.007,-0.014,-0.003,4.04,91.4,-2.8,26.8,35,7.2,5.1,23.0,8.6,50.6,4.9,48.2,79.974239247,95.946385146,63.4,14.8,26.8,54.6,45.4,208,381,51.0,1419,70.2,7.7,85.2,128,865,49.0,1365,43.4,1208,27.0,44.8,266,1607,911,2784,57.9,36.7,42.4,20.9,488,66.0,322,12.1,59,20.3,99,1.6,8,4.26,,15,31,169.0,R,,,36.4,8.6,97.9,2225.0,-8.5,-15.3,49.1,97.2,1923.0,-13.3,-25.8,6.1,89.1,2428.0,2.0,-34.6,0.4,86.9,1221.0,-5.8,-37.1,26.6,85.2,2489.0,12.5,-47.9,,,,,,9.2,92.3,1479.0,-10.3,-32.5,,,,,
"Gallen, Zac",668678,2025,737,813,176,104,37,4,31,175,66,21.5,8.1,0.239,0.426,0.303,0.729,0.242,0.434,0.315,0.32,0.307,0.192,0.367,0.374,0.311,0.316,-0.003,-0.008,-0.005,4.27,90.1,12.4,34.3,55,9.7,7.6,23.1,24.5,31.5,3.5,43.0,79.464557057,94.701400977,63.3,11.4,28.6,47.6,52.4,227,477,53.1,1665,69.9,6.3,88.6,106,930,46.9,1470,44.6,1398,23.7,44.9,501,1670,963,3135,66.2,42.1,33.1,24.8,568,44.4,252,30.3,172,22.0,125,3.3,19,4.83,,15,33,192.0,R,,,42.1,45.0,93.5,2322.0,-4.3,-14.2,2.5,93.2,2139.0,-10.6,-17.8,7.2,88.0,2379.0,5.8,-31.2,16.0,86.3,1518.0,-12.3,-32.7,23.5,81.1,2441.0,4.9,-53.2,5.8,89.5,2338.0,3.4,-24.5,,,,,,,,,,
"Williams, Gavin",668909,2025,615,704,130,83,23,1,23,173,83,24.6,11.8,0.211,0.364,0.307,0.671,0.231,0.405,0.299,0.321,0.325,0.174,0.339,0.374,0.293,0.32,-0.02,-0.041,-0.022,4.3,90.4,9.8,35.3,40,9.0,6.5,23.8,23.4,33.9,3.1,44.3,80.176453348,94.830091267,65.5,17.9,26.1,51.8,48.2,199,384,50.3,1471,75.6,7.1,82.1,171,953,49.7,1454,41.9,1226,27.7,45.7,2,1696,644,2925,57.7,38.0,39.6,22.5,445,46.1,205,26.7,119,22.2,99,4.9,22,3.06,,14,31,167.2,R,,,34.5,37.4,96.6,2308.0,-10.9,-14.2,6.6,95.9,2060.0,-15.1,-20.1,,,,,,0.1,87.6,1986.0,-5.4,-30.7,22.0,82.0,2454.0,10.0,-54.4,14.0,91.8,2288.0,-2.3,-25.4,,,,,,,,,,
"Baz, Shane",669358,2025,633,711,158,95,36,1,26,176,64,24.8,9.0,0.25,0.433,0.325,0.758,0.23,0.386,0.33,0.306,0.308,0.157,0.398,0.361,0.343,0.316,0.02,0.047,0.024,3.88,89.0,10.7,32.3,44,9.5,4.1,24.0,22.5,35.3,4.5,39.4,77.845062957,94.260697,67.2,17.1,29.3,47.9,52.1,182,380,47.7,1297,72.0,9.0,82.9,163,956,52.3,1423,43.8,1191,25.8,49.2,311,1594,813,2718,62.3,39.4,37.0,23.6,462,47.0,217,22.7,105,21.6,100,8.7,40,4.87,,11,31,166.1,R,,,36.7,43.9,97.0,2456.0,-9.9,-12.6,,,,,,3.0,86.7,2331.0,3.5,-35.6,11.4,89.3,2114.0,-16.7,-25.4,26.9,85.0,2699.0,7.6,-50.5,14.7,90.2,2344.0,2.5,-25.6,,,,,,,,,,
"Skubal, Tarik",669373,2025,706,748,141,95,26,2,18,241,33,32.2,4.4,0.2,0.319,0.24,0.559,0.206,0.344,0.245,0.258,0.246,0.138,0.335,0.356,0.302,0.312,-0.006,-0.025,-0.013,2.71,86.1,12.7,35.6,38,8.1,5.3,23.5,26.4,30.3,6.2,33.0,73.770997639,93.244404688,70.9,24.9,35.1,51.3,48.7,231,450,45.0,1282,84.1,8.4,75.1,277,1111,55.0,1567,43.3,1235,32.5,54.8,898,1516,435,2849,71.5,36.2,34.8,29.0,469,41.6,195,27.3,128,23.5,110,7.7,36,2.21,,21,31,195.1,L,,,49.4,29.3,97.6,2354.0,3.5,-11.8,23.9,97.3,2250.0,13.1,-15.4,12.5,90.0,2233.0,-3.2,-28.8,31.4,88.0,1837.0,15.0,-28.9,2.8,81.2,2505.0,-4.9,-46.9,,,,,,0.1,89.3,941.0,14.2,-28.6,,,,,
"Pallante, Andre",669467,2025,640,715,173,116,32,4,21,111,62,15.5,8.7,0.27,0.431,0.337,0.768,0.259,0.402,0.334,0.321,0.328,0.144,0.359,0.342,0.324,0.312,0.011,0.029,0.013,4.3,89.2,1.4,28.7,35,6.5,4.9,22.8,14.7,45.5,4.3,39.9,77.928687634,94.458794676,68.3,13.1,25.5,44.8,55.2,162,362,52.3,1422,77.4,8.3,86.8,116,887,47.7,1298,39.3,1070,22.3,45.9,0,1562,1155,2720,62.4,42.7,35.3,22.0,536,59.9,321,18.1,97,19.2,103,3.0,16,5.31,,9,31,162.2,R,,,57.9,44.1,94.5,2307.0,-0.3,-20.6,13.3,95.0,2193.0,-10.0,-16.1,28.5,87.4,2405.0,4.7,-36.4,,,,,,14.0,78.2,2804.0,3.7,-61.2,,,,,,,,,,,,,,,
"Abbott, Andrew",671096,2025,631,684,148,99,29,1,19,149,43,21.8,6.3,0.235,0.374,0.285,0.659,0.233,0.385,0.288,0.294,0.286,0.152,0.337,0.347,0.305,0.306,0.002,-0.011,-0.006,3.56,87.8,19.3,34.8,39,8.0,5.9,23.5,33.7,22.5,5.9,33.7,77.083824,93.25435499,69.0,18.2,30.2,37.6,62.4,149,396,48.9,1310,80.2,6.8,81.8,172,943,51.1,1367,45.7,1224,24.0,50.0,526,1378,404,2677,63.5,32.9,36.6,30.5,489,32.9,161,32.9,161,23.5,115,10.6,52,2.87,,11,29,166.1,L,,,47.5,47.2,92.8,2275.0,9.1,-15.7,,,,,,,,,,,19.6,84.8,1984.0,15.2,-27.8,15.1,81.0,2800.0,-10.0,-44.8,4.3,88.6,2524.0,-0.5,-26.2,,,,,,,,,,
"Bibee, Tanner",676440,2025,692,762,170,114,24,5,27,162,54,21.3,7.1,0.246,0.412,0.308,0.72,0.227,0.386,0.313,0.297,0.292,0.159,0.363,0.34,0.319,0.296,0.019,0.026,0.016,3.64,88.5,13.8,29.5,43,8.0,6.0,21.8,26.7,33.2,3.5,36.6,77.497463523,93.884607443,65.5,16.5,25.4,44.2,55.8,159,360,47.8,1419,74.1,8.0,83.5,168,1016,52.2,1550,42.7,1267,23.8,46.3,450,1897,152,2970,64.3,39.0,34.9,26.1,536,45.3,243,26.5,142,19.8,106,8.4,45,4.24,,12,31,182.1,R,,,54.2,27.9,94.4,2243.0,-5.6,-16.1,15.2,94.1,2227.0,-14.1,-21.5,,,,,,15.2,81.8,1962.0,-12.0,-29.5,5.1,79.7,2666.0,10.4,-51.8,20.9,86.2,2707.0,8.0,-33.6,,,,,,,,,,
"Crochet, Garrett",676979,2025,762,814,165,111,28,2,24,255,46,31.3,5.7,0.217,0.353,0.264,0.617,0.21,0.347,0.27,0.266,0.258,0.137,0.364,0.358,0.325,0.316,0.007,0.006,0.004,2.89,87.7,10.5,32.2,37,7.3,6.7,24.8,20.6,33.4,7.1,37.3,75.538655219,93.9771349,69.0,20.6,32.6,50.0,50.0,244,488,47.4,1495,77.5,8.6,79.4,235,1143,52.6,1656,44.5,1403,29.4,51.8,133,2515,0,3151,63.8,43.0,33.8,23.2,509,49.3,251,23.0,117,20.8,106,6.9,35,2.59,,22,32,205.1,L,,,35.0,36.2,96.4,2459.0,8.0,-13.6,15.8,96.0,2399.0,16.3,-21.7,,,,,,2.5,88.6,2099.0,16.5,-26.5,,,,,,27.8,90.9,2596.0,-3.7,-26.8,1.7,86.2,1158.0,5.6,-33.3,,,,,
"Bello, Brayan",678394,2025,620,700,147,107,23,1,16,124,59,17.7,8.4,0.237,0.355,0.314,0.669,0.258,0.409,0.297,0.327,0.333,0.151,0.314,0.355,0.293,0.32,-0.021,-0.054,-0.03,4.48,88.8,9.0,30.8,36,7.1,5.0,26.0,22.0,36.5,3.4,39.3,77.392833825,94.176171155,65.1,10.6,27.5,41.3,58.7,157,380,51.3,1383,76.6,7.1,89.4,91,856,48.7,1314,43.9,1184,20.1,45.8,410,1774,0,2697,63.0,39.9,36.9,23.2,504,50.0,252,24.0,121,21.2,107,4.8,24,3.35,,16,29,166.2,R,,,32.8,14.8,95.1,2161.0,-7.7,-16.7,35.4,95.3,2121.0,-16.9,-24.5,,,,,,15.0,88.7,1844.0,-16.0,-30.2,,,,,,16.0,88.2,2479.0,0.9,-32.4,,,,,,,,,,
"Parker, Mitchell",680730,2025,653,725,178,106,43,4,25,103,58,14.2,8.0,0.273,0.466,0.331,0.797,0.297,0.507,0.342,0.37,0.355,0.21,0.366,0.402,0.318,0.349,-0.024,-0.041,-0.028,5.96,92.3,14.7,37.5,54,9.6,9.1,27.9,24.8,25.0,3.2,50.0,82.502658484,95.835160597,70.3,12.4,29.1,39.7,60.3,145,365,46.3,1253,79.1,8.7,87.6,127,1021,53.7,1452,45.6,1233,19.6,51.2,288,1501,916,2705,61.9,37.9,36.1,26.1,560,37.7,211,27.9,156,27.5,154,7.0,39,5.68,,11,33,164.2,L,,,60.9,55.5,93.0,2168.0,5.8,-13.8,,,,,,11.9,85.0,2267.0,-4.7,-35.2,,,,,,22.0,81.1,2280.0,-0.7,-48.3,,,,,,10.6,85.4,975.0,6.8,-28.5,,,,,
"Brown, Hunter",686613,2025,661,729,133,93,20,3,17,206,57,28.3,7.8,0.201,0.318,0.271,0.589,0.217,0.339,0.262,0.277,0.286,0.122,0.321,0.345,0.291,0.315,-0.016,-0.021,-0.015,3.14,86.1,10.1,31.4,27,5.9,5.0,24.8,23.1,34.6,6.3,32.2,73.816626184,93.243178596,62.2,19.3,29.4,43.7,56.3,202,462,53.1,1572,69.7,6.8,80.7,167,864,46.9,1390,44.6,1322,27.8,44.8,356,1945,661,2962,55.8,37.0,37.5,25.5,459,48.1,221,23.3,107,22.2,102,6.3,29,2.43,,21,31,185.1,R,,,56.1,37.4,96.6,2276.0,-6.8,-12.2,22.7,95.7,2179.0,-13.9,-16.9,4.4,90.5,2198.0,4.0,-28.1,12.0,88.2,1501.0,-14.4,-27.3,17.9,83.5,2574.0,5.1,-55.7,5.5,92.6,2260.0,3.3,-24.7,,,,,,,,,,
"Pepiot, Ryan",686752,2025,607,679,134,78,27,3,26,167,61,24.6,9.0,0.221,0.404,0.297,0.701,0.226,0.401,0.306,0.311,0.304,0.175,0.362,0.37,0.302,0.313,-0.005,0.003,-0.005,4.02,90.1,15.9,36.6,43,9.7,8.1,22.0,28.5,26.3,4.7,42.5,79.1526625,94.907501,69.7,20.2,28.6,41.2,59.1,152,369,47.7,1288,78.9,8.4,79.8,199,983,52.3,1411,42.8,1155,26.0,50.1,675,1469,554,2699,61.1,40.7,33.3,25.8,445,38.7,172,29.7,132,24.3,108,7.2,32,3.86,,14,31,167.2,R,,,41.3,44.9,95.2,2413.0,-7.8,-11.2,2.7,94.6,2390.0,-12.5,-15.0,17.2,89.0,2591.0,6.8,-25.5,25.0,86.8,2506.0,-14.4,-34.1,3.3,80.8,2947.0,16.2,-53.5,6.9,91.5,2517.0,2.8,-18.6,,,,,,,,,,
"Woo, Bryan",693433,2025,685,731,137,85,25,1,26,198,36,27.1,4.9,0.2,0.353,0.243,0.596,0.215,0.374,0.259,0.274,0.258,0.159,0.328,0.351,0.28,0.302,-0.015,-0.021,-0.015,3.07,89.1,13.8,32.5,45,9.1,6.3,20.7,27.0,30.8,5.7,41.8,77.567134979,94.556632572,71.8,20.1,30.1,44.5,55.5,162,364,44.5,1208,85.5,8.7,79.9,217,1081,55.5,1506,43.3,1175,26.2,53.2,193,1977,275,2714,66.5,32.9,38.7,28.4,493,41.4,204,26.8,132,22.9,113,8.9,44,2.94,,21,30,186.2,R,,,24.8,47.1,95.7,2296.0,-9.7,-15.1,25.7,95.4,2303.0,-16.6,-24.1,10.1,88.5,2226.0,2.9,-29.8,7.1,89.6,1827.0,-16.2,-29.6,,,,,,,,,,,,,,,,,,,,
"Pfaadt, Brandon",694297,2025,710,767,198,118,51,3,26,147,37,19.2,4.8,0.279,0.469,0.323,0.792,0.285,0.494,0.339,0.352,0.329,0.21,0.397,0.414,0.348,0.356,-0.006,-0.025,-0.013,5.3,90.8,12.5,39.1,62,10.9,6.7,27.7,21.1,30.2,3.3,45.8,79.642424366,95.370126614,67.7,14.0,30.3,40.7,59.3,178,437,49.4,1443,76.3,8.5,86.0,140,1001,50.6,1478,43.8,1280,22.1,49.2,457,1634,285,2920,64.3,44.6,35.1,20.4,570,42.3,241,23.9,136,28.4,162,5.4,31,5.25,,12,33,176.2,R,,,26.9,23.4,93.6,2569.0,-6.0,-15.6,23.5,93.1,2425.0,-15.2,-24.8,,,,,,15.7,87.3,2114.0,-16.1,-31.7,9.8,82.0,2673.0,10.6,-49.1,9.2,89.8,2757.0,2.3,-27.0,,,,,,,,,,
"Skenes, Paul",694973,2025,684,733,136,86,37,2,11,216,42,29.5,5.7,0.199,0.307,0.251,0.558,0.202,0.321,0.247,0.255,0.255,0.119,0.315,0.328,0.29,0.296,-0.003,-0.014,-0.008,2.65,87.6,12.2,29.4,27,5.8,5.1,23.2,25.8,34.8,4.7,40.1,75.47852,93.884708556,68.2,23.3,30.5,45.8,54.2,206,450,49.2,1475,72.8,7.1,76.7,242,1038,50.8,1522,45.0,1349,30.1,49.6,731,1479,312,2997,60.8,40.9,37.7,21.3,469,44.6,209,24.9,117,22.8,107,7.7,36,1.97,,20,32,187.2,R,,,23.4,38.9,98.2,2255.0,-14.0,-16.9,10.4,97.6,2268.0,-17.5,-22.4,5.6,85.3,2316.0,3.3,-30.2,10.9,88.7,1808.0,-16.6,-29.6,4.8,83.9,2438.0,6.1,-41.3,,,,,,13.5,93.7,1676.0,-13.4,-31.2,,,,,
"Warren, Will",701542,2025,631,711,158,100,32,4,22,171,65,24.1,9.1,0.25,0.418,0.32,0.738,0.252,0.426,0.321,0.33,0.325,0.175,0.383,0.398,0.337,0.345,-0.002,-0.008,-0.009,4.58,91.0,12.2,36.0,51,10.9,5.1,26.6,22.8,29.1,4.9,45.3,80.374098233,95.303643801,62.1,17.9,24.5,40.7,59.3,144,354,51.5,1442,71.4,7.1,82.1,151,844,48.5,1360,41.9,1174,24.6,42.8,275,1753,196,2802,63.7,35.5,39.4,25.1,470,42.8,201,25.5,120,26.2,123,5.5,26,4.44,,6,33,162.1,R,,,27.3,41.6,93.3,2573.0,-7.9,-16.1,21.0,93.2,2430.0,-16.2,-27.6,,,,,,9.8,87.0,1723.0,-14.6,-35.7,7.0,80.2,2867.0,12.6,-54.0,,,,,,,,,,,,,,,
"Yamamoto, Yoshinobu",808967,2025,619,684,113,79,20,0,14,201,59,29.4,8.6,0.183,0.283,0.257,0.54,0.199,0.305,0.244,0.259,0.271,0.106,0.294,0.319,0.27,0.294,-0.016,-0.022,-0.015,2.74,88.3,7.7,28.3,24,5.7,6.4,21.9,20.9,40.1,4.8,39.7,76.238509183,94.220626442,64.0,18.9,29.6,50.4,49.6,209,415,50.3,1402,77.4,6.7,81.1,168,888,49.7,1388,45.9,1280,28.9,46.7,710,1508,570,2789,61.8,37.1,35.6,27.3,421,53.7,226,22.1,93,19.7,83,4.5,19,2.49,,18,30,173.2,R,,,42.9,35.2,95.4,2200.0,-6.9,-14.1,7.8,94.8,2240.0,-13.6,-18.4,2.8,86.4,2782.0,5.8,-35.7,,,,,,17.6,76.8,2761.0,12.0,-63.1,11.1,91.1,2433.0,3.5,-24.9,25.5,90.9,1429.0,-11.3,-31.0,,,,,
