"last_name, first_name",player_id,year,ab,pa,hit,single,double,triple,home_run,strikeout,walk,k_percent,bb_percent,batting_avg,slg_percent,on_base_percent,on_base_plus_slg,xba,xslg,woba,xwoba,xobp,xiso,wobacon,xwobacon,bacon,xbacon,xbadiff,xslgdiff,wobadiff,avg_swing_speed,fast_swing_rate,blasts_contact,blasts_swing,squared_up_contact,squared_up_swing,avg_swing_length,swords,attack_angle,attack_direction,ideal_angle_rate,vertical_swing_path,exit_velocity_avg,launch_angle_avg,sweet_spot_percent,barrel,barrel_batted_rate,solidcontact_percent,flareburner_percent,poorlyunder_percent,poorlytopped_percent,poorlyweak_percent,hard_hit_percent,avg_best_speed,avg_hyper_speed,z_swing_percent,z_swing_miss_percent,oz_swing_percent,oz_swing_miss_percent,oz_contact_percent,out_zone_swing_miss,out_zone_swing,out_zone_percent,out_zone,meatball_swing_percent,meatball_percent,iz_contact_percent,in_zone_swing_miss,in_zone_swing,in_zone_percent,in_zone,edge_percent,edge,whiff_percent,swing_percent,pitch_count_offspeed,pitch_count_fastball,pitch_count_breaking,pitch_count,pull_percent,straightaway_percent,opposite_percent,batted_ball,f_strike_percent,groundballs_percent,groundballs,flyballs_percent,flyballs,linedrives_percent,linedrives,popups_percent,popups,pop_2b_sba_count,pop_2b_sba,pop_2b_sb,pop_2b_cs,pop_3b_sba_count,pop_3b_sba,pop_3b_sb,pop_3b_cs,exchange_2b_3b_sba,maxeff_arm_2b_3b_sba,n_outs_above_average,n_fieldout_5stars,n_opp_5stars,n_5star_percent,n_fieldout_4stars,n_opp_4stars,n_4star_percent,n_fieldout_3stars,n_opp_3stars,n_3star_percent,n_fieldout_2stars,n_opp_2stars,n_2star_percent,n_fieldout_1stars,n_opp_1stars,n_1star_percent,rel_league_reaction_distance,rel_league_burst_distance,rel_league_routing_distance,rel_league_bootup_distance,f_bootup_distance,n_bolts,hp_to_1b,sprint_speed
"Cabrera, Miguel",408234,2020,204,231,51,37,4,0,10,51,24,22.1,10.4,0.25,0.417,0.329,0.746,0.288,0.52,0.323,0.379,0.366,0.231,0.37,0.454,0.329,0.385,-0.038,-0.103,-0.056,,,,,,,,,,,,,93.2,12.1,36.8,15,9.7,5.8,32.3,20.6,29.0,1.3,49.7,102.655113117,96.026886144,70.5,18.4,29.9,55.9,44.1,85,152,55.9,508,75.6,4.5,81.6,52,282,44.1,400,42.0,381,31.6,47.7,88,483,320,909,37.4,37.4,25.2,155,60.4,42.6,66,21.9,34,30.3,47,5.2,8,,,,,,,,,,,,,,,,,,,,,,,,,,,,,,,,,,23.1
"Cruz, Nelson",443558,2020,185,214,56,34,6,0,16,58,25,27.1,11.7,0.303,0.595,0.397,0.992,0.269,0.545,0.411,0.383,0.369,0.276,0.544,0.5,0.441,0.394,0.034,0.05,0.028,,,,,,,,,,,,,91.6,9.4,39.4,19,15.0,3.9,23.6,18.1,34.6,3.1,47.2,102.723679524,95.93307824,68.5,22.0,30.8,56.3,43.8,81,144,55.3,468,75.9,6.4,78.0,57,259,44.7,378,41.3,349,34.2,47.6,87,458,281,846,29.1,43.3,27.6,127,56.4,47.2,60,21.3,27,26.0,33,5.5,7,,,,,,,,,,,,,,,,,,,,,,,,,,,,,,,,,4.73,25.1
"Peralta, David",444482,2020,203,218,61,45,10,1,5,45,13,20.6,6.0,0.3,0.433,0.339,0.772,0.26,0.375,0.333,0.299,0.304,0.115,0.397,0.351,0.381,0.333,0.04,0.058,0.034,,,,,,,,,,,,,89.2,6.4,29.4,8,5.0,6.3,23.1,21.9,41.3,1.3,36.3,100.556636709,94.354591139,65.5,15.5,26.6,35.8,64.2,38,106,48.5,399,68.5,8.9,84.5,43,277,51.5,423,43.7,359,21.1,46.6,105,505,202,822,38.1,34.4,27.5,160,62.4,51.2,82,18.8,30,25.6,41,4.4,7,,,,,,,,,,,1.0,0.0,9.0,0.0,2.0,3.0,66.7,4.0,5.0,80.0,6.0,7.0,85.7,12.0,12.0,100.0,1.2,1.0,-0.1,2.7,34.8,,4.38,27.1
"Longoria, Evan",446334,2020,193,209,49,31,10,1,7,39,11,18.7,5.3,0.254,0.425,0.297,0.722,0.282,0.524,0.308,0.364,0.329,0.243,0.351,0.427,0.312,0.355,-0.028,-0.099,-0.056,,,,,,,,,,,,,91.7,10.7,29.9,18,11.5,3.8,25.5,21.0,34.4,3.2,45.2,101.530260256,95.520896474,62.2,12.2,28.0,40.2,59.8,45,112,50.4,400,69.7,8.3,87.8,30,245,49.6,394,43.3,344,21.0,45.0,64,450,263,794,42.0,36.3,21.7,157,58.4,50.3,79,25.5,40,21.7,34,2.5,4,,,,,,,,,,,,,,,,,,,,,,,,,,,,,,,,,4.6,26.6
"Cabrera, Asdrúbal",452678,2020,190,213,46,26,9,3,8,40,19,18.8,8.9,0.242,0.447,0.305,0.752,0.243,0.429,0.319,0.317,0.307,0.186,0.355,0.353,0.299,0.302,-0.001,0.018,0.002,,,,,,,,,,,,,89.5,13.7,30.5,10,6.5,8.4,22.1,25.3,35.1,1.9,38.3,97.982868684,93.323023224,66.8,12.3,28.4,36.9,63.1,48,130,53.9,458,75.4,8.1,87.7,32,261,46.1,391,42.8,363,20.5,46.1,112,534,192,849,42.9,37.0,20.1,154,56.3,45.5,70,26.6,41,19.5,30,8.4,13,,,,,,,,,,,,,,,,,,,,,,,,,,,,,,,,,4.82,24.9
"Blackmon, Charlie",453568,2020,221,247,67,48,12,1,6,44,19,17.8,7.7,0.303,0.448,0.356,0.804,0.276,0.426,0.34,0.331,0.34,0.15,0.388,0.377,0.368,0.346,0.027,0.022,0.009,,,,,,,,,,,,,86.9,13.5,38.5,9,4.9,5.5,28.6,26.9,28.0,5.5,29.7,97.303074157,92.71975736,70.2,15.3,29.8,42.5,57.5,57,134,49.6,449,78.5,8.7,84.7,49,321,50.4,457,43.8,397,23.3,50.2,125,569,182,906,40.1,33.5,26.4,182,66.0,38.5,70,24.7,45,30.8,56,6.0,11,,,,,,,,,,,-1.0,0.0,6.0,0.0,1.0,2.0,50.0,0.0,5.0,0.0,9.0,9.0,100.0,12.0,13.0,92.3,-1.0,-0.9,-0.2,-1.8,29.3,,4.42,26.9
"Solano, Donovan",456781,2020,190,203,62,43,15,1,3,39,10,19.2,4.9,0.326,0.463,0.365,0.828,0.278,0.417,0.357,0.32,0.32,0.139,0.421,0.372,0.408,0.348,0.048,0.046,0.037,,,,,,,,,,,,,88.5,15.5,43.4,7,4.6,7.9,31.6,30.3,22.4,2.6,34.9,98.263815526,93.264044768,68.5,13.3,36.2,37.4,62.6,52,139,51.5,384,78.3,6.2,86.7,33,248,48.5,362,42.4,316,22.0,51.9,82,432,220,746,33.6,36.8,29.6,152,69.0,36.2,55,22.4,34,34.9,53,6.6,10,,,,,,,,,,,,,,,,,,,,,,,,,,,,,,,,,4.46,26.6
"McCutchen, Andrew",457705,2020,217,241,55,36,9,0,10,48,22,19.9,9.1,0.253,0.433,0.324,0.757,0.272,0.48,0.327,0.355,0.342,0.208,0.369,0.409,0.324,0.35,-0.019,-0.047,-0.028,,,,,,,,,,,,,89.7,18.2,36.5,14,8.2,8.8,27.6,27.6,24.7,1.8,41.2,99.22758119,93.968213095,58.8,16.4,21.4,38.2,61.8,39,102,48.9,476,65.9,9.0,83.6,48,293,51.1,498,44.7,435,22.0,40.6,92,581,292,974,41.8,35.9,22.4,170,55.2,35.3,60,27.1,46,28.2,48,9.4,16,,,,,,,,,,,-3.0,0.0,5.0,0.0,0.0,4.0,0.0,2.0,3.0,66.7,2.0,3.0,66.7,2.0,2.0,100.0,-1.2,-1.2,0.8,-1.9,30.3,,4.45,27.5
"Votto, Joey",458015,2020,186,223,42,23,8,0,11,43,37,19.3,16.6,0.226,0.446,0.354,0.8,0.253,0.478,0.347,0.369,0.377,0.225,0.363,0.397,0.294,0.329,-0.027,-0.032,-0.022,,,,,,,,,,,,,87.4,15.4,36.4,13,9.1,9.8,21.7,28.0,28.0,3.5,35.7,98.39738875,93.296095944,57.1,17.2,17.3,38.1,61.9,32,84,52.5,485,69.0,7.7,82.8,43,250,47.5,438,43.9,405,22.5,36.2,127,558,227,923,40.6,35.0,24.5,143,57.0,39.9,57,37.8,54,21.0,30,1.4,2,,,,,,,,,,,,,,,,,,,,,,,,,,,,,,,,,4.7,25.3
"Santana, Carlos",467793,2020,206,255,41,26,7,0,8,43,47,16.9,18.4,0.199,0.35,0.349,0.699,0.251,0.448,0.316,0.372,0.393,0.196,0.289,0.375,0.25,0.318,-0.052,-0.098,-0.056,,,,,,,,,,,,,88.0,12.2,32.3,11,6.7,8.5,23.2,23.2,34.1,3.0,36.6,99.260366296,93.650599074,61.4,15.8,16.6,34.6,65.4,36,104,55.9,628,81.7,7.3,84.2,48,304,44.1,495,41.5,466,20.6,36.3,199,582,326,1123,42.7,35.4,22.0,164,52.4,43.3,71,26.2,43,21.3,35,9.1,15,,,,,,,,,,,,,,,,,,,,,,,,,,,,,,,,,,25.6
"Brantley, Michael",488726,2020,170,187,51,31,15,0,5,28,17,15.0,9.1,0.3,0.476,0.364,0.84,0.26,0.413,0.362,0.325,0.327,0.153,0.393,0.344,0.359,0.311,0.04,0.063,0.037,,,,,,,,,,,,,88.7,10.2,34.5,7,4.9,6.3,26.8,24.6,33.8,3.5,37.3,98.251374648,93.415636667,59.3,10.1,20.0,35.2,64.8,25,71,49.2,355,65.0,8.3,89.9,22,217,50.8,366,46.3,334,16.3,39.9,104,467,138,721,43.0,31.7,25.4,142,58.8,47.9,68,26.1,37,23.2,33,2.8,4,,,,,,,,,,,1.0,0.0,5.0,0.0,0.0,0.0,,1.0,2.0,50.0,4.0,4.0,100.0,7.0,7.0,100.0,2.1,-0.4,-0.3,-1.4,30.7,,4.6,26.3
"Gurriel, Yuli",493329,2020,211,230,49,30,12,1,6,27,12,11.7,5.2,0.232,0.384,0.274,0.658,0.265,0.408,0.281,0.318,0.314,0.143,0.29,0.335,0.259,0.308,-0.033,-0.024,-0.037,,,,,,,,,,,,,89.3,13.9,34.4,7,3.7,7.4,26.5,29.6,30.2,1.6,36.5,98.527696064,93.454652781,66.0,6.3,34.4,30.4,69.6,45,148,54.5,430,63.0,5.8,93.7,15,237,45.5,359,41.6,328,15.6,48.8,95,475,195,789,33.3,38.1,28.6,189,65.7,38.1,72,27.0,51,27.5,52,7.4,14,,,,,,,,,,,,,,,,,,,,,,,,,,,,,,,,,4.48,27.2
"Escobar, Eduardo",500871,2020,203,222,43,29,7,3,4,41,15,18.5,6.8,0.212,0.335,0.27,0.605,0.263,0.396,0.257,0.306,0.317,0.133,0.286,0.351,0.262,0.326,-0.051,-0.061,-0.049,,,,,,,,,,,,,88.6,18.1,34.8,9,5.5,3.7,26.8,33.5,26.8,3.0,31.7,97.095200488,92.633428037,70.3,12.9,35.2,36.4,63.6,56,154,53.9,437,87.3,7.8,87.1,34,263,46.1,374,41.2,334,21.6,51.4,148,500,157,811,40.2,36.0,23.8,164,64.3,38.4,63,27.4,45,26.2,43,7.9,13,,,,,,,,,,,,,,,,,,,,,,,,,,,,,,,,,4.25,27.9
"Martinez, J.D.",502110,2020,211,237,45,22,16,0,7,59,22,24.9,9.3,0.213,0.389,0.291,0.68,0.229,0.443,0.29,0.318,0.306,0.214,0.345,0.387,0.292,0.315,-0.016,-0.054,-0.028,,,,,,,,,,,,,89.5,14.7,39.6,17,11.0,7.8,18.2,31.8,28.6,1.9,41.6,99.85455974,94.246308758,73.9,20.3,30.8,46.1,53.9,65,141,51.0,458,83.8,7.6,79.7,66,325,49.0,440,41.5,373,28.1,51.9,111,559,211,898,35.1,40.9,24.0,154,62.0,35.1,54,35.1,54,27.3,42,2.6,4,,,,,,,,,,,,,,,,,,,,,,,,,,,0.5,-1.5,-0.6,-1.7,30.0,,4.73,25.9
"Reddick, Josh",502210,2020,188,210,46,30,11,1,4,42,20,20.0,9.5,0.245,0.378,0.316,0.694,0.246,0.36,0.304,0.303,0.319,0.114,0.337,0.336,0.313,0.317,-0.001,0.018,0.001,,,,,,,,,,,,,85.9,19.1,34.7,7,4.8,4.8,28.6,32.7,27.2,1.4,29.3,96.145119315,92.092886986,68.4,16.1,25.7,39.1,60.9,43,110,51.2,428,73.7,6.8,83.5,45,279,48.8,408,45.0,376,22.6,46.5,135,527,157,836,40.1,39.5,20.4,147,61.9,37.4,55,21.1,31,29.3,43,12.9,19,,,,,,,,,,,-5.0,0.0,9.0,0.0,0.0,4.0,0.0,1.0,3.0,33.3,7.0,10.0,70.0,8.0,9.0,88.9,-0.6,-1.7,0.6,-2.7,30.1,,4.48,26.3
"Goldschmidt, Paul",502671,2020,191,231,58,39,13,0,6,43,37,18.6,16.0,0.304,0.466,0.417,0.883,0.285,0.51,0.387,0.396,0.403,0.224,0.419,0.432,0.389,0.367,0.019,-0.044,-0.009,,,,,,,,,,,,,89.2,11.7,42.3,16,10.7,7.4,25.5,22.1,30.9,3.4,40.9,99.2678272,93.874685503,61.1,19.6,22.5,33.3,66.7,39,117,53.2,520,78.8,6.7,80.4,55,280,46.8,458,42.6,417,23.7,40.6,92,566,304,978,33.6,34.9,31.5,149,55.8,34.9,52,24.8,37,34.2,51,6.0,9,,,,,,,,,,,,,,,,,,,,,,,,,,,,,,,,,4.62,26.4
"Gonzalez, Marwin",503556,2020,175,199,37,28,4,0,5,41,17,20.6,8.5,0.211,0.32,0.286,0.606,0.24,0.401,0.269,0.314,0.315,0.162,0.287,0.351,0.268,0.309,-0.029,-0.081,-0.045,,,,,,,,,,,,,89.2,12.6,31.9,7,5.1,5.1,23.2,28.3,34.8,3.6,38.4,98.202361739,93.451501168,61.4,18.2,26.8,34.2,65.8,39,114,53.1,426,72.7,5.5,81.8,42,231,46.9,376,39.4,316,23.5,43.0,135,386,272,802,42.0,37.7,20.3,138,55.3,41.3,57,26.8,37,26.8,37,5.1,7,,,,,,,,,,,,,,,,,,,,,,,,,,,,,,,,,4.6,25.6
"Altuve, Jose",514888,2020,192,210,42,28,9,0,5,39,17,18.6,8.1,0.219,0.344,0.286,0.63,0.23,0.349,0.278,0.288,0.296,0.119,0.299,0.313,0.275,0.289,-0.011,-0.005,-0.01,,,,,,,,,,,,,86.7,9.3,24.8,7,4.6,5.9,20.3,24.2,35.9,8.5,33.3,97.480630811,92.777053741,67.9,12.4,35.3,32.4,67.6,48,148,55.0,419,81.5,7.1,87.6,29,233,45.0,343,41.3,315,20.2,50.0,92,418,239,762,38.6,36.6,24.8,153,67.1,51.0,78,22.2,34,19.0,29,7.8,12,,,,,,,,,,,,,,,,,,,,,,,,,,,,,,,,17.0,4.22,28.4
"Hernández, César",514917,2020,233,261,66,43,20,0,3,57,24,21.8,9.2,0.283,0.408,0.355,0.763,0.273,0.396,0.335,0.33,0.346,0.123,0.39,0.382,0.375,0.361,0.01,0.012,0.005,,,,,,,,,,,,,89.1,5.6,37.3,7,4.0,6.8,28.2,16.9,36.7,7.3,37.3,98.999012093,93.787809064,65.0,10.2,22.9,46.4,53.6,58,125,50.8,547,78.7,8.3,89.8,35,344,49.2,529,40.9,440,19.8,43.6,151,668,246,1076,37.9,35.0,27.1,177,61.7,50.8,90,14.1,25,32.8,58,2.3,4,,,,,,,,,,,,,,,,,,,,,,,,,,,,,,,,5.0,4.24,28.4
"Segura, Jean",516416,2020,192,217,51,37,5,2,7,45,23,20.7,10.6,0.266,0.422,0.347,0.769,0.25,0.391,0.333,0.318,0.334,0.141,0.38,0.358,0.347,0.327,0.016,0.031,0.015,,,,,,,,,,,,,87.7,11.2,31.8,9,6.1,3.4,25.7,25.7,32.4,6.8,38.5,99.748813288,93.958321438,65.1,16.0,31.5,33.3,66.7,47,141,54.6,448,69.4,6.0,84.0,39,243,45.4,373,42.5,349,22.4,46.8,70,499,240,821,27.0,41.9,31.1,148,64.7,49.3,73,18.9,28,21.6,32,10.1,15,,,,,,,,,,,,,,,,,,,,,,,,,,,,,,,,,4.24,28.3
"Marte, Starling",516782,2020,228,250,64,43,14,1,6,41,12,16.4,4.8,0.281,0.43,0.34,0.77,0.264,0.42,0.333,0.326,0.326,0.156,0.366,0.357,0.34,0.321,0.017,0.01,0.007,,,,,,,,,,,,,87.1,6.5,30.3,12,6.4,4.3,21.3,20.7,42.0,4.3,30.3,97.604057802,92.829315028,73.0,14.9,34.9,44.6,55.4,78,175,53.2,502,83.1,6.3,85.1,48,322,46.8,441,45.1,425,25.4,52.7,142,522,260,943,37.8,37.2,25.0,188,67.5,54.8,103,22.3,42,20.2,38,2.7,5,,,,,,,,,,,2.0,1.0,10.0,10.0,1.0,1.0,100.0,4.0,8.0,50.0,8.0,9.0,88.9,13.0,13.0,100.0,-0.1,0.1,0.3,-0.2,33.2,8.0,4.26,28.4
"Freeman, Freddie",518692,2020,214,262,73,36,23,1,13,37,45,14.1,17.2,0.341,0.64,0.462,1.102,0.339,0.66,0.456,0.464,0.461,0.32,0.495,0.506,0.412,0.411,0.002,-0.02,-0.008,,,,,,,,,,,,,92.4,17.2,49.2,26,14.7,4.5,31.6,26.0,20.9,1.7,54.2,101.812650227,95.798406705,77.7,15.2,25.8,31.3,68.7,47,150,56.9,581,89.4,6.5,84.8,52,342,43.1,440,40.1,409,20.1,48.2,202,540,269,1021,39.0,29.4,31.6,177,55.6,32.8,58,28.8,51,32.2,57,6.2,11,,,,,,,,,,,,,,,,,,,,,,,,,,,,,,,,,4.47,26.3
"Grandal, Yasmani",518735,2020,161,194,37,22,7,0,8,58,30,29.9,15.5,0.23,0.422,0.351,0.773,0.207,0.403,0.338,0.327,0.334,0.196,0.418,0.398,0.352,0.323,0.023,0.019,0.011,,,,,,,,,,,,,90.3,15.6,38.1,8,7.6,9.5,24.8,28.6,28.6,1.0,43.8,99.928859811,94.403731524,49.3,22.2,20.1,50.0,50.0,45,90,52.1,448,47.5,6.9,77.8,45,203,47.9,412,43.5,374,30.7,34.1,165,466,213,860,37.1,39.0,23.8,105,50.0,36.2,38,28.6,30,28.6,30,6.7,7,6.0,1.98,1.94,2.0,0.0,,,,0.67,77.5,,,,,,,,,,,,,,,,,,,,,,,5.08,23.6
"LeMahieu, DJ",518934,2020,195,216,71,49,10,2,10,21,18,9.7,8.3,0.364,0.59,0.421,1.011,0.312,0.46,0.429,0.366,0.376,0.147,0.449,0.372,0.406,0.35,0.052,0.13,0.063,,,,,,,,,,,,,91.3,2.3,29.7,5,2.9,9.1,30.3,12.0,42.3,1.7,45.7,100.540551744,94.953852733,64.0,7.1,24.0,22.2,77.8,22,99,49.7,412,67.6,8.9,92.9,19,267,50.3,417,43.1,357,11.2,44.1,81,554,191,829,22.3,34.3,43.4,175,65.3,57.1,100,15.4,27,25.7,45,1.7,3,,,,,,,,,,,,,,,,,,,,,,,,,,,,,,,,,4.67,26.0
"Rizzo, Anthony",519203,2020,203,243,45,28,6,0,11,38,28,15.6,11.5,0.222,0.414,0.342,0.756,0.266,0.413,0.326,0.355,0.383,0.147,0.323,0.364,0.269,0.329,-0.044,0.001,-0.029,,,,,,,,,,,,,87.7,16.7,34.7,13,7.8,4.8,26.9,31.7,23.4,4.8,34.7,99.57215061,93.849255427,56.0,9.8,31.7,32.9,67.1,57,173,55.4,546,64.8,7.2,90.2,24,246,44.6,439,41.6,410,19.3,42.5,123,613,242,985,43.1,35.3,21.6,167,55.4,40.1,67,22.2,37,26.3,44,11.4,19,,,,,,,,,,,,,,,,,,,,,,,,,,,,,,,,,4.66,25.0
"Flores, Wilmer",527038,2020,198,213,53,29,11,1,12,36,13,16.9,6.1,0.268,0.515,0.315,0.83,0.245,0.43,0.347,0.309,0.294,0.185,0.396,0.346,0.325,0.298,0.023,0.085,0.038,,,,,,,,,,,,,87.9,19.0,37.4,10,6.1,6.1,24.5,35.0,23.9,4.3,34.4,97.808676707,93.175661718,69.4,12.7,29.8,27.8,72.2,40,144,54.1,483,75.5,5.9,87.3,36,284,45.9,409,40.4,360,17.8,48.0,114,525,245,892,45.4,32.5,22.1,163,55.4,33.7,55,29.4,48,25.8,42,11.0,18,,,,,,,,,,,,,,,,,,,,,,,,,,,,,,,,,4.7,25.0
"García, Avisaíl",541645,2020,181,207,43,31,10,0,2,49,20,23.7,9.7,0.238,0.326,0.333,0.659,0.244,0.375,0.296,0.317,0.339,0.131,0.331,0.365,0.326,0.334,-0.006,-0.049,-0.021,,,,,,,,,,,,,87.4,8.7,37.1,5,3.8,8.3,23.5,20.5,40.9,3.0,37.1,99.290871364,93.692910455,78.7,23.9,34.4,55.1,44.9,75,136,54.6,395,81.0,5.8,76.1,62,259,45.4,329,43.5,315,34.7,54.6,73,440,187,724,36.4,37.9,25.8,132,64.4,48.5,64,18.9,25,27.3,36,5.3,7,,,,,,,,,,,1.0,0.0,9.0,0.0,0.0,1.0,0.0,1.0,1.0,100.0,9.0,10.0,90.0,8.0,8.0,100.0,2.0,-1.3,-5.4,-3.4,29.2,,4.49,28.0
"Ozuna, Marcell",542303,2020,228,267,77,45,14,0,18,60,38,22.5,14.2,0.338,0.636,0.431,1.067,0.31,0.632,0.444,0.434,0.407,0.323,0.548,0.533,0.456,0.419,0.028,0.004,0.01,,,,,,,,,,,,,93.0,16.4,39.1,26,15.4,8.3,30.2,22.5,21.3,2.4,54.4,103.534352941,96.562612663,68.8,21.0,28.2,51.8,48.2,87,168,55.5,596,73.8,6.1,79.0,69,329,44.5,478,40.3,433,31.4,46.3,161,578,326,1074,42.6,33.1,24.3,169,55.6,37.3,63,26.0,44,27.8,47,8.9,15,,,,,,,,,,,-2.0,0.0,4.0,0.0,0.0,0.0,,0.0,2.0,0.0,1.0,1.0,100.0,3.0,4.0,75.0,0.8,-1.1,-0.2,0.0,30.8,,4.51,27.2
"Villar, Jonathan",542340,2020,185,207,43,36,5,0,2,54,19,26.1,9.2,0.232,0.292,0.301,0.593,0.216,0.287,0.266,0.261,0.288,0.071,0.315,0.308,0.323,0.303,0.016,0.005,0.005,,,,,,,,,,,,,86.7,1.6,18.7,2,1.5,3.7,24.6,17.2,42.5,7.5,35.8,99.470722344,93.853135313,74.7,22.4,33.6,48.7,51.3,74,152,56.3,453,85.5,7.7,77.6,59,263,43.7,352,41.2,332,32.0,51.6,166,436,197,805,35.1,38.1,26.9,134,66.0,59.7,80,12.7,17,20.1,27,7.5,10,,,,,,,,,,,,,,,,,,,,,,,,,,,,,,,,1.0,4.42,27.0
"Aguilar, Jesús",542583,2020,188,216,52,34,10,0,8,40,23,18.5,10.6,0.277,0.457,0.352,0.809,0.271,0.452,0.347,0.345,0.348,0.182,0.383,0.379,0.342,0.336,0.006,0.005,0.002,,,,,,,,,,,,,89.3,16.0,37.5,11,7.2,5.9,28.3,27.0,29.6,2.0,37.5,99.078188947,93.762450461,63.8,13.7,31.9,38.4,61.6,56,146,51.8,457,76.9,7.4,86.3,37,271,48.2,425,40.0,353,22.3,47.3,98,521,256,882,40.1,30.3,29.6,152,55.1,37.5,57,22.4,34,32.2,49,7.9,12,,,,,,,,,,,,,,,,,,,,,,,,,,,,,,,,,4.93,24.7
"Crawford, Brandon",543063,2020,172,193,44,24,12,0,8,47,15,24.4,7.8,0.256,0.465,0.326,0.791,0.235,0.398,0.334,0.309,0.311,0.163,0.408,0.371,0.346,0.324,0.021,0.067,0.025,,,,,,,,,,,,,88.7,12.4,35.4,12,9.4,4.7,22.0,26.0,36.2,0.8,39.4,98.74086254,93.673056111,78.3,21.6,31.7,55.1,44.9,65,118,50.8,372,84.7,8.1,78.4,61,282,49.2,360,41.7,305,31.5,54.6,132,389,190,732,46.5,40.2,13.4,127,65.1,41.7,53,26.0,33,26.8,34,5.5,7,,,,,,,,,,,,,,,,,,,,,,,,,,,,,,,,,4.48,25.7
"Grossman, Robbie",543257,2020,166,192,40,18,12,2,8,38,21,19.8,10.9,0.241,0.482,0.344,0.826,0.24,0.399,0.351,0.328,0.344,0.159,0.388,0.355,0.313,0.312,0.001,0.083,0.023,,,,,,,,,,,,,89.0,15.2,33.6,7,5.5,7.8,19.5,30.5,34.4,1.6,37.5,98.280297813,93.396949921,65.9,12.8,21.7,34.9,65.1,29,83,50.9,382,87.0,7.2,87.2,31,243,49.1,369,44.7,336,18.4,43.4,153,401,178,751,46.1,33.6,20.3,128,54.2,39.8,51,28.9,37,23.4,30,7.8,10,,,,,,,,,,,3.0,0.0,12.0,0.0,2.0,3.0,66.7,4.0,5.0,80.0,11.0,12.0,91.7,6.0,6.0,100.0,0.8,0.4,-0.4,0.8,32.5,,4.34,27.4
"Hicks, Aaron",543305,2020,169,211,38,20,10,2,6,38,41,18.0,19.4,0.225,0.414,0.379,0.793,0.256,0.435,0.351,0.374,0.405,0.179,0.344,0.38,0.29,0.331,-0.031,-0.021,-0.023,,,,,,,,,,,,,88.2,11.1,29.8,9,6.9,6.1,25.2,22.1,34.4,4.6,38.2,99.738009846,93.99654093,66.6,22.6,15.4,48.0,52.0,36,75,53.1,487,82.0,6.6,77.4,65,287,46.9,431,42.0,386,27.9,39.4,213,501,197,918,51.9,29.8,18.3,131,51.4,47.3,62,23.7,31,21.4,28,7.6,10,,,,,,,,,,,-4.0,0.0,12.0,0.0,0.0,3.0,0.0,1.0,2.0,50.0,4.0,5.0,80.0,14.0,15.0,93.3,-0.4,-1.1,-0.1,-1.8,31.3,,4.19,27.5
"Rendon, Anthony",543685,2020,189,232,54,33,11,1,9,31,38,13.4,16.4,0.286,0.497,0.418,0.915,0.287,0.469,0.395,0.39,0.42,0.182,0.393,0.385,0.342,0.344,-0.001,0.028,0.005,,,,,,,,,,,,,90.1,19.5,39.2,10,6.3,7.6,31.6,30.4,21.5,1.9,40.5,98.602933924,93.634717389,66.8,8.9,16.7,35.9,64.1,28,78,52.5,467,75.8,7.4,91.1,25,282,47.5,422,40.4,359,14.7,40.5,69,565,238,889,43.0,34.2,22.8,158,61.3,34.8,55,27.8,44,29.7,47,7.6,12,,,,,,,,,,,,,,,,,,,,,,,,,,,,,,,,,4.69,26.4
"Semien, Marcus",543760,2020,211,236,47,30,9,1,7,50,25,21.2,10.6,0.223,0.374,0.305,0.679,0.209,0.352,0.299,0.287,0.293,0.143,0.329,0.313,0.292,0.275,0.014,0.022,0.012,,,,,,,,,,,,,86.2,19.3,32.9,8,5.0,6.8,19.9,38.5,24.8,3.7,28.6,96.361638375,92.211459874,70.7,18.5,18.7,40.4,59.6,38,94,51.1,502,75.3,7.8,81.5,63,340,48.9,481,41.9,412,23.3,44.1,115,599,240,984,39.1,34.8,26.1,161,62.7,32.9,53,32.3,52,22.4,36,12.4,20,,,,,,,,,,,,,,,,,,,,,,,,,,,,,,,,,4.36,28.1
"Springer, George",543807,2020,189,222,50,28,6,2,14,38,24,17.1,10.8,0.265,0.54,0.359,0.899,0.294,0.569,0.379,0.405,0.386,0.275,0.412,0.45,0.327,0.365,-0.029,-0.029,-0.026,,,,,,,,,,,,,88.7,18.3,35.3,19,12.4,5.9,22.9,29.4,24.2,3.9,42.5,101.012866184,94.708160132,74.0,19.3,23.6,42.6,57.4,43,101,52.2,428,88.9,7.7,80.3,56,290,47.8,392,40.5,332,25.3,47.7,101,496,203,821,43.8,37.9,18.3,153,59.0,35.9,55,26.1,40,25.5,39,12.4,19,,,,,,,,,,,2.0,0.0,11.0,0.0,1.0,3.0,33.3,4.0,5.0,80.0,9.0,10.0,90.0,5.0,5.0,100.0,-0.2,0.3,0.5,0.6,33.7,6.0,4.33,28.1
"Vázquez, Christian",543877,2020,173,189,49,33,9,0,7,43,16,22.8,8.5,0.283,0.457,0.344,0.801,0.218,0.353,0.346,0.281,0.285,0.135,0.416,0.323,0.377,0.291,0.065,0.104,0.065,,,,,,,,,,,,,88.4,14.4,33.1,6,4.6,6.2,23.1,30.0,32.3,3.1,40.0,98.429126154,93.35878876,65.0,19.2,31.3,30.2,69.8,38,126,51.6,402,70.8,6.2,80.8,47,245,48.4,377,42.0,327,22.9,47.6,83,488,201,779,35.4,35.4,29.2,130,59.3,41.5,54,27.7,36,21.5,28,9.2,12,19.0,1.97,1.99,1.94,2.0,1.84,1.4,2.29,0.69,79.5,,,,,,,,,,,,,,,,,,,,,,,4.65,25.0
"Wong, Kolten",543939,2020,181,208,48,41,4,2,1,30,20,14.4,9.6,0.265,0.326,0.35,0.676,0.235,0.306,0.305,0.286,0.324,0.07,0.304,0.28,0.316,0.281,0.03,0.02,0.019,,,,,,,,,,,,,86.5,10.8,31.2,1,0.6,3.2,26.6,22.7,40.3,5.8,26.6,95.584306892,91.793051554,65.3,10.6,24.4,28.7,71.3,31,108,52.2,443,69.6,6.6,89.4,28,265,47.8,406,46.5,395,15.8,43.9,93,527,218,849,27.3,40.3,32.5,154,57.0,51.9,80,14.9,23,24.7,38,8.4,13,,,,,,,,,,,,,,,,,,,,,,,,,,,,,,,,,4.28,26.7
"Gregorius, Didi",544369,2020,215,237,61,39,10,2,10,28,15,11.8,6.3,0.284,0.488,0.339,0.827,0.263,0.396,0.348,0.311,0.322,0.132,0.369,0.324,0.323,0.302,0.021,0.092,0.037,,,,,,,,,,,,,83.8,17.8,35.3,8,4.2,6.8,22.1,33.2,24.7,8.4,27.9,96.139141064,92.158376631,74.0,13.2,33.2,32.0,68.0,48,150,50.1,452,71.6,7.4,86.8,44,333,49.9,450,41.7,376,19.0,53.5,151,565,183,902,42.6,27.4,30.0,190,62.4,38.4,73,22.6,43,26.3,50,12.6,24,,,,,,,,,,,,,,,,,,,,,,,,,,,,,,,,,4.4,27.2
"Grichuk, Randal",545341,2020,216,231,59,38,9,0,12,49,13,21.2,5.6,0.273,0.481,0.312,0.793,0.268,0.468,0.334,0.333,0.312,0.199,0.405,0.405,0.349,0.349,0.005,0.013,0.001,,,,,,,,,,,,,88.9,12.6,27.2,19,11.2,6.5,24.3,23.7,29.0,4.1,39.6,100.547348929,94.472173234,71.3,17.2,33.9,34.2,65.8,52,152,52.4,448,76.8,8.1,82.8,50,290,47.6,407,42.3,362,23.1,51.7,118,462,264,855,42.0,27.2,30.8,169,63.2,42.6,72,23.7,40,23.1,39,10.7,18,,,,,,,,,,,1.0,0.0,7.0,0.0,2.0,6.0,33.3,3.0,3.0,100.0,11.0,13.0,84.6,8.0,8.0,100.0,-1.3,0.2,0.2,-1.2,32.2,,4.47,27.7
"Trout, Mike",545361,2020,199,241,56,28,9,2,17,56,35,23.2,14.5,0.281,0.603,0.39,0.993,0.291,0.612,0.407,0.428,0.405,0.321,0.494,0.529,0.381,0.405,-0.01,-0.009,-0.021,,,,,,,,,,,,,93.7,23.1,36.1,22,15.0,8.2,22.4,34.0,16.3,2.0,55.1,103.522413333,96.756365347,57.3,13.9,14.6,43.1,56.9,31,72,48.3,494,72.6,7.1,86.1,42,303,51.7,529,41.3,422,19.5,36.7,66,689,243,1023,34.7,36.7,28.6,147,61.9,25.9,38,38.8,57,25.9,38,9.5,14,,,,,,,,,,,-1.0,0.0,11.0,0.0,1.0,2.0,50.0,4.0,6.0,66.7,9.0,14.0,64.3,13.0,13.0,100.0,-2.3,-1.6,1.1,-3.7,29.3,5.0,4.33,28.8
"Ruiz, Rio",547004,2020,185,204,41,21,11,0,9,46,17,22.5,8.3,0.222,0.427,0.286,0.713,0.212,0.356,0.303,0.277,0.277,0.144,0.357,0.32,0.293,0.281,0.01,0.071,0.026,,,,,,,,,,,,,87.9,10.5,27.7,12,8.5,6.4,17.7,27.0,33.3,6.4,39.0,99.181741429,93.707106906,77.4,19.7,28.3,47.0,53.0,54,115,51.6,407,84.8,8.4,80.3,58,295,48.4,381,40.9,322,27.3,52.0,139,433,212,788,42.6,29.8,27.7,141,60.6,47.5,67,20.6,29,23.4,33,8.5,12,,,,,,,,,,,,,,,,,,,,,,,,,,,,,,,,,4.77,25.2
"Harper, Bryce",547180,2020,190,244,51,27,9,2,13,43,49,17.6,20.1,0.268,0.542,0.42,0.962,0.308,0.658,0.4,0.454,0.451,0.35,0.428,0.514,0.342,0.394,-0.04,-0.116,-0.054,,,,,,,,,,,,,92.5,16.0,33.3,26,17.3,4.0,24.0,26.0,22.0,6.7,50.7,104.136840278,96.785819375,73.4,17.9,28.3,46.4,53.6,78,168,60.9,593,84.6,4.0,82.1,50,279,39.1,380,37.6,366,28.6,45.9,178,549,240,973,38.0,34.7,27.3,150,59.8,40.0,60,33.3,50,22.0,33,4.7,7,,,,,,,,,,,0.0,0.0,6.0,0.0,1.0,1.0,100.0,2.0,2.0,100.0,3.0,3.0,100.0,7.0,8.0,87.5,-0.2,0.1,0.7,1.5,33.2,,4.38,27.8
"Abreu, José",547989,2020,240,262,76,42,15,0,19,59,18,22.5,6.9,0.317,0.617,0.37,0.987,0.299,0.587,0.411,0.399,0.357,0.288,0.512,0.494,0.418,0.399,0.018,0.03,0.012,,,,,,,,,,,,,92.9,10.9,37.4,26,14.3,9.3,25.3,17.6,33.0,0.5,53.3,104.315308571,96.898123022,68.6,19.7,32.3,47.8,52.2,88,184,55.4,569,63.0,7.1,80.3,62,314,44.6,458,36.8,378,30.1,48.5,104,566,327,1027,34.1,41.2,24.7,182,59.4,45.1,82,24.2,44,26.4,48,4.4,8,,,,,,,,,,,,,,,,,,,,,,,,,,,,,,,,,4.6,26.8
"Suárez, Eugenio",553993,2020,198,231,40,17,8,0,15,67,30,29.0,13.0,0.202,0.47,0.312,0.782,0.216,0.472,0.332,0.342,0.325,0.255,0.414,0.431,0.303,0.326,-0.014,-0.002,-0.01,,,,,,,,,,,,,89.1,17.9,29.5,19,14.4,5.3,15.9,32.6,27.3,4.5,44.7,101.191154545,94.886730076,63.4,21.7,23.9,53.4,46.6,70,131,54.9,548,68.9,6.1,78.3,62,286,45.1,451,41.6,416,31.7,41.7,87,587,303,999,51.5,31.1,17.4,132,62.3,36.4,48,37.1,49,18.9,25,7.6,10,,,,,,,,,,,,,,,,,,,,,,,,,,,,,,,,,4.67,26.0
"González, Erik",570481,2020,181,193,41,24,13,1,3,51,8,26.4,4.1,0.227,0.359,0.255,0.614,0.237,0.396,0.262,0.293,0.276,0.158,0.337,0.382,0.308,0.339,-0.01,-0.037,-0.031,,,,,,,,,,,,,88.5,5.5,33.6,9,6.7,8.2,23.9,17.2,39.6,3.7,44.0,100.617211515,94.399348561,73.7,19.1,35.2,56.1,43.9,69,123,52.8,349,75.0,7.9,80.9,44,230,47.2,312,40.2,266,32.0,53.4,54,382,206,661,32.1,38.1,29.9,134,62.7,47.8,64,17.2,23,29.1,39,6.0,8,,,,,,,,,,,,,,,,,,,,,,,,,,,,,,,,,4.52,27.3
"Arenado, Nolan",571448,2020,182,201,46,29,9,0,8,20,15,10.0,7.5,0.253,0.434,0.303,0.737,0.235,0.392,0.308,0.288,0.289,0.157,0.317,0.293,0.277,0.259,0.018,0.042,0.02,,,,,,,,,,,,,87.8,19.1,27.1,9,5.4,4.2,19.3,41.0,27.1,3.0,33.7,98.207786506,93.152140723,66.2,9.5,32.4,32.8,67.2,39,119,53.7,367,72.1,6.3,90.5,20,210,46.3,317,43.1,295,17.9,48.1,73,399,186,684,39.8,36.1,24.1,166,59.5,36.7,61,25.9,43,21.1,35,16.3,27,,,,,,,,,,,,,,,,,,,,,,,,,,,,,,,,,4.79,24.8
"Muncy, Max",571970,2020,203,248,39,23,4,0,12,60,39,24.2,15.7,0.192,0.389,0.331,0.72,0.229,0.473,0.316,0.36,0.362,0.244,0.338,0.413,0.269,0.323,-0.037,-0.084,-0.044,,,,,,,,,,,,,88.5,14.2,29.0,18,12.4,8.3,20.7,24.8,29.7,4.1,40.0,99.706862329,94.042931517,59.6,19.0,15.9,53.3,46.7,49,92,52.5,578,76.2,9.2,81.0,59,311,47.5,522,42.3,465,26.8,36.6,193,549,339,1100,43.4,35.9,20.7,145,54.9,44.8,65,33.1,48,16.6,24,5.5,8,,,,,,,,,,,,,,,,,,,,,,,,,,,,,,,,,4.39,27.3
"Myers, Wil",571976,2020,198,218,57,26,14,2,15,56,18,25.7,8.3,0.288,0.606,0.353,0.959,0.285,0.589,0.4,0.396,0.351,0.304,0.515,0.511,0.401,0.399,0.003,0.017,0.004,,,,,,,,,,,,,91.0,13.4,40.8,21,14.8,8.5,21.8,22.5,28.2,2.8,45.8,101.631815571,95.352673957,62.6,16.7,25.1,46.0,54.0,52,113,53.4,450,78.0,7.0,83.3,41,246,46.6,393,40.3,340,25.9,42.6,123,442,270,843,36.6,33.8,29.6,142,60.6,38.7,55,30.3,43,27.5,39,3.5,5,,,,,,,,,,,1.0,0.0,9.0,0.0,0.0,0.0,,2.0,4.0,50.0,7.0,7.0,100.0,10.0,11.0,90.9,-1.1,-1.0,-0.3,-2.8,31.1,1.0,4.36,28.2
"Pollock, AJ",572041,2020,196,210,54,29,9,0,16,45,12,21.4,5.7,0.276,0.566,0.314,0.88,0.269,0.499,0.364,0.345,0.312,0.23,0.447,0.422,0.353,0.35,0.007,0.067,0.019,,,,,,,,,,,,,89.6,13.0,37.9,16,10.5,7.8,22.9,24.8,29.4,3.3,43.1,100.207984474,94.434710861,65.3,14.7,29.9,46.8,53.2,52,111,49.7,371,67.2,8.2,85.3,36,245,50.3,375,42.4,316,24.7,47.7,108,381,245,746,43.1,30.1,26.8,153,68.1,39.2,60,28.8,44,26.8,41,5.2,8,,,,,,,,,,,-2.0,0.0,9.0,0.0,0.0,2.0,0.0,1.0,3.0,33.3,8.0,8.0,100.0,4.0,5.0,80.0,-0.7,0.2,0.6,0.3,33.4,2.0,4.39,28.2
"Seager, Kyle",572122,2020,203,248,49,28,12,0,9,33,32,13.3,12.9,0.241,0.433,0.355,0.788,0.252,0.472,0.338,0.365,0.371,0.22,0.326,0.364,0.278,0.301,-0.011,-0.039,-0.027,,,,,,,,,,,,,89.1,17.7,30.7,18,10.2,6.3,22.7,34.1,23.3,3.4,39.8,98.417159318,93.543557614,62.5,13.1,20.6,40.0,60.0,42,105,53.0,510,73.4,6.6,86.9,37,283,47.0,453,42.9,413,20.4,40.3,180,501,265,963,35.8,41.5,22.7,176,54.5,36.4,64,36.4,64,19.3,34,8.0,14,,,,,,,,,,,,,,,,,,,,,,,,,,,,,,,,,4.56,25.7
"Voit, Luke",572228,2020,213,234,59,32,5,0,22,54,17,23.1,7.3,0.277,0.61,0.338,0.948,0.279,0.586,0.393,0.389,0.34,0.308,0.487,0.482,0.369,0.373,-0.002,0.024,0.004,,,,,,,,,,,,,88.9,15.2,37.5,21,13.1,6.3,23.8,25.0,25.0,5.6,40.0,100.684343544,94.623051203,79.2,19.2,27.5,49.6,50.4,65,131,52.4,477,88.1,6.5,80.8,66,343,47.6,433,41.3,376,27.6,52.1,127,479,300,910,51.2,28.1,20.6,160,65.8,41.3,66,30.0,48,21.9,35,6.9,11,,,,,,,,,,,,,,,,,,,,,,,,,,,,,,,,,4.87,24.9
"Walker, Christian",572233,2020,218,243,59,33,18,1,7,50,19,20.6,7.8,0.271,0.459,0.333,0.792,0.266,0.454,0.339,0.339,0.331,0.188,0.391,0.392,0.345,0.342,0.005,0.005,0.0,,,,,,,,,,,,,90.4,11.5,34.5,11,6.4,10.5,25.7,24.0,28.1,4.7,48.5,101.908890353,95.476667059,74.3,17.9,29.9,49.3,50.7,72,146,50.7,488,83.6,5.7,82.1,63,352,49.3,474,46.8,450,27.1,51.8,115,566,257,962,40.4,34.5,25.1,171,60.5,42.7,73,22.8,39,28.1,48,6.4,11,,,,,,,,,,,,,,,,,,,,,,,,,,,,,,,,,4.5,26.9
"Dickerson, Corey",572816,2020,194,210,50,37,5,1,7,35,15,16.7,7.1,0.258,0.402,0.311,0.713,0.248,0.396,0.308,0.305,0.303,0.148,0.341,0.337,0.314,0.303,0.01,0.006,0.003,,,,,,,,,,,,,85.7,11.1,25.8,9,5.7,3.1,26.4,25.2,33.3,5.7,30.8,97.061493671,92.538034367,73.7,23.3,33.2,30.8,69.2,44,143,50.1,431,89.1,7.4,76.7,74,317,49.9,430,41.8,360,25.7,53.4,166,509,179,861,26.4,39.6,34.0,159,59.5,52.2,83,23.3,37,17.6,28,6.9,11,,,,,,,,,,,-1.0,1.0,9.0,11.1,1.0,1.0,100.0,4.0,6.0,66.7,4.0,5.0,80.0,6.0,7.0,85.7,1.2,1.9,0.5,4.7,37.2,,4.35,27.0
"Yastrzemski, Mike",573262,2020,192,225,57,29,14,4,10,55,30,24.4,13.3,0.297,0.568,0.4,0.968,0.251,0.488,0.407,0.364,0.36,0.238,0.503,0.434,0.416,0.351,0.046,0.08,0.043,,,,,,,,,,,,,88.2,18.4,35.0,15,10.9,9.5,26.3,24.8,23.4,5.1,42.3,99.26844913,93.715521022,58.6,18.9,19.7,41.9,58.1,39,93,50.1,471,73.3,6.4,81.1,52,275,49.9,469,46.9,441,24.7,39.1,115,584,218,940,40.1,39.4,20.4,137,60.7,38.7,53,29.2,40,21.2,29,10.9,15,,,,,,,,,,,-5.0,0.0,8.0,0.0,1.0,2.0,50.0,2.0,7.0,28.6,10.0,14.0,71.4,12.0,14.0,85.7,-0.3,-0.3,0.6,0.1,33.1,,4.33,27.5
"Contreras, Willson",575929,2020,189,225,46,29,10,0,7,57,20,25.3,8.9,0.243,0.407,0.356,0.763,0.249,0.441,0.336,0.353,0.361,0.192,0.387,0.416,0.343,0.352,-0.006,-0.034,-0.017,,,,,,,,,,,,,89.8,9.1,35.8,14,10.4,6.7,20.9,20.9,34.3,6.7,47.8,102.281617612,95.465128571,67.8,21.6,31.3,55.7,44.3,83,149,54.6,476,73.8,7.5,78.4,58,268,45.4,395,38.8,338,33.8,47.9,67,527,255,871,37.3,37.3,25.4,134,63.6,49.3,66,19.4,26,24.6,33,6.7,9,20.0,1.94,1.95,1.92,1.0,1.48,,1.48,0.75,84.3,,,,,,,,,,,,,,,,,,,,,,,4.38,27.3
"Canha, Mark",592192,2020,191,243,47,28,12,2,5,54,37,22.2,15.2,0.246,0.408,0.387,0.795,0.241,0.415,0.351,0.359,0.387,0.175,0.37,0.383,0.331,0.331,0.005,-0.007,-0.008,,,,,,,,,,,,,89.7,19.4,37.3,11,7.7,8.5,23.9,35.2,20.4,2.8,39.4,98.907806143,93.708491143,57.8,18.4,19.2,40.0,60.0,42,105,51.4,546,67.7,6.1,81.6,55,299,48.6,517,41.2,438,24.0,38.0,152,580,287,1063,39.4,38.7,21.8,142,56.8,33.8,48,31.7,45,26.1,37,8.5,12,,,,,,,,,,,1.0,0.0,10.0,0.0,1.0,1.0,100.0,2.0,3.0,66.7,3.0,3.0,100.0,11.0,11.0,100.0,0.2,0.6,0.3,1.7,34.0,,4.5,27.5
"Castellanos, Nick",592206,2020,218,242,49,22,11,2,14,69,19,28.5,7.9,0.225,0.486,0.298,0.784,0.274,0.545,0.329,0.375,0.343,0.271,0.426,0.5,0.327,0.4,-0.049,-0.059,-0.046,,,,,,,,,,,,,91.0,16.5,39.3,24,16.0,6.7,26.7,24.0,24.7,1.3,46.7,100.5504196,94.703394832,73.4,19.9,35.8,55.8,44.2,111,199,57.6,556,77.6,6.0,80.1,60,301,42.4,410,39.1,378,34.2,51.8,74,497,370,966,34.7,44.7,20.7,150,61.8,36.0,54,30.0,45,29.3,44,4.7,7,,,,,,,,,,,-4.0,0.0,10.0,0.0,0.0,0.0,,1.0,2.0,50.0,10.0,11.0,90.9,7.0,7.0,100.0,-0.4,-2.5,0.2,-2.5,28.4,1.0,4.37,27.7
"Machado, Manny",592518,2020,224,254,68,39,12,1,16,37,26,14.6,10.2,0.304,0.58,0.37,0.95,0.3,0.54,0.391,0.385,0.372,0.24,0.432,0.423,0.356,0.358,0.004,0.04,0.006,,,,,,,,,,,,,90.2,15.6,34.6,21,11.0,3.7,27.7,29.3,25.7,2.1,43.5,102.695949158,95.565070368,72.0,14.7,23.9,40.7,59.3,48,118,52.7,493,82.1,7.2,85.3,47,319,47.3,443,41.3,387,21.7,46.7,117,559,247,936,44.5,30.4,25.1,191,64.0,38.2,73,24.1,46,27.2,52,10.5,20,,,,,,,,,,,,,,,,,,,,,,,,,,,,,,,,,4.54,26.4
"Moran, Colin",592567,2020,178,200,44,24,10,0,10,52,19,26.0,9.5,0.247,0.472,0.325,0.797,0.254,0.479,0.34,0.35,0.332,0.225,0.42,0.435,0.346,0.358,-0.007,-0.007,-0.01,,,,,,,,,,,,,91.9,8.3,32.3,17,13.4,2.4,26.0,15.7,37.8,3.9,47.2,102.613770159,95.95598352,69.4,17.2,35.6,43.4,56.6,72,166,57.6,466,86.5,4.6,82.8,41,238,42.4,343,44.1,357,28.0,49.9,109,481,201,809,39.4,37.0,23.6,127,55.0,57.5,73,17.3,22,20.5,26,4.7,6,,,,,,,,,,,,,,,,,,,,,,,,,,,,,,,,,4.86,24.2
"Realmuto, J.T.",592663,2020,173,195,46,29,6,0,11,48,16,24.6,8.2,0.266,0.491,0.349,0.84,0.246,0.498,0.361,0.356,0.331,0.252,0.438,0.431,0.368,0.341,0.02,-0.007,0.005,,,,,,,,,,,,,90.2,11.6,32.8,17,13.6,5.6,17.6,22.4,37.6,3.2,42.4,101.277934921,95.12123304,66.9,22.6,25.2,47.4,52.6,46,97,51.9,385,77.8,8.5,77.4,54,239,48.1,357,41.8,310,29.8,45.3,72,430,229,742,36.0,42.4,21.6,125,56.9,48.8,61,25.6,32,18.4,23,7.2,9,10.0,1.81,1.78,1.85,1.0,1.4,1.4,,0.69,87.2,,,,,,,,,,,,,,,,,,,,,,,4.38,28.2
"Rosario, Eddie",592696,2020,210,231,54,34,7,0,13,34,19,14.7,8.2,0.257,0.476,0.316,0.792,0.246,0.437,0.333,0.318,0.307,0.192,0.362,0.342,0.303,0.291,0.011,0.039,0.015,,,,,,,,,,,,,87.5,18.1,30.3,11,6.2,8.4,18.5,32.6,30.3,3.4,35.4,97.149699091,92.643316171,70.1,15.7,39.6,30.8,69.2,60,195,59.5,493,87.8,5.0,84.3,37,235,40.5,335,40.3,334,22.6,51.9,141,444,241,828,38.8,36.5,24.7,178,58.1,36.5,65,33.1,59,19.7,35,10.7,19,,,,,,,,,,,0.0,1.0,9.0,11.1,1.0,4.0,25.0,3.0,5.0,60.0,2.0,4.0,50.0,10.0,10.0,100.0,0.2,-0.9,0.5,-0.7,32.3,1.0,4.31,27.0
"Yelich, Christian",592885,2020,200,247,41,21,7,1,12,76,46,30.8,18.6,0.205,0.43,0.356,0.786,0.246,0.468,0.343,0.374,0.39,0.222,0.423,0.488,0.331,0.399,-0.041,-0.038,-0.031,,,,,,,,,,,,,94.0,7.1,32.3,15,12.1,8.1,28.2,15.3,33.1,1.6,55.6,103.843596557,97.02065123,57.6,21.6,17.8,61.9,38.1,70,113,57.7,635,66.1,5.1,78.4,58,268,42.3,465,41.5,456,33.6,34.6,133,612,333,1100,33.9,37.1,29.0,124,50.6,51.6,64,22.6,28,23.4,29,2.4,3,,,,,,,,,,,-2.0,1.0,4.0,25.0,0.0,0.0,,1.0,2.0,50.0,5.0,8.0,62.5,9.0,9.0,100.0,-1.9,-1.7,1.0,-2.5,29.6,,4.37,28.2
"Merrifield, Whit",593160,2020,248,265,70,49,12,0,9,33,12,12.5,4.5,0.282,0.44,0.325,0.765,0.292,0.439,0.329,0.336,0.334,0.146,0.351,0.36,0.324,0.336,-0.01,0.001,-0.007,,,,,,,,,,,,,86.1,15.8,39.8,11,5.1,4.6,28.7,30.6,25.5,5.6,27.3,95.855324206,91.961579112,71.8,11.8,28.0,27.3,72.7,39,143,51.3,511,81.2,8.5,88.2,41,348,48.7,485,41.8,416,16.3,49.3,133,527,321,996,27.8,44.4,27.8,216,60.4,37.5,81,29.2,63,28.7,62,4.6,10,,,,,,,,,,,1.0,0.0,7.0,0.0,0.0,2.0,0.0,2.0,2.0,100.0,5.0,5.0,100.0,8.0,9.0,88.9,0.1,-0.3,0.3,0.4,32.6,1.0,4.32,28.5
"Bogaerts, Xander",593428,2020,203,225,61,42,8,0,11,41,21,18.2,9.3,0.3,0.502,0.364,0.866,0.258,0.471,0.368,0.34,0.327,0.213,0.422,0.385,0.374,0.322,0.042,0.031,0.028,,,,,,,,,,,,,89.0,8.7,31.3,14,8.6,5.5,20.2,27.0,35.0,3.1,36.8,99.721139136,94.010233642,64.3,17.4,23.7,37.6,62.4,44,117,51.0,493,73.1,6.9,82.6,53,305,49.0,474,40.8,395,23.0,43.6,133,550,268,967,37.4,36.8,25.8,163,58.9,45.4,74,27.6,45,22.1,36,4.9,8,,,,,,,,,,,,,,,,,,,,,,,,,,,,,,,,1.0,4.29,27.6
"Alberto, Hanser",593643,2020,219,231,62,44,15,0,3,30,5,13.0,2.2,0.283,0.393,0.306,0.699,0.247,0.319,0.301,0.261,0.272,0.073,0.332,0.284,0.325,0.284,0.036,0.074,0.04,,,,,,,,,,,,,82.3,13.2,32.6,2,1.0,3.1,27.5,22.8,32.1,12.4,20.7,93.472612717,90.856123497,75.7,11.5,52.3,23.5,76.5,51,217,54.6,415,77.1,6.3,88.5,30,261,45.4,345,42.1,320,16.9,62.9,80,437,240,760,35.8,40.4,23.8,193,64.1,47.2,91,19.2,37,23.8,46,9.8,19,,,,,,,,,,,,,,,,,,,,,,,,,,,,,,,,,4.37,26.8
"Polanco, Jorge",593871,2020,209,226,54,42,8,0,4,35,13,15.5,5.8,0.258,0.354,0.304,0.658,0.263,0.381,0.289,0.304,0.308,0.118,0.314,0.333,0.309,0.315,-0.005,-0.027,-0.015,,,,,,,,,,,,,86.6,16.1,39.0,5,2.8,5.1,26.0,31.1,29.9,5.1,33.3,96.651106591,92.358275714,64.4,10.4,23.2,34.3,65.7,36,105,50.2,452,75.8,6.9,89.6,30,289,49.8,449,43.2,389,16.8,43.7,181,467,249,901,35.6,32.8,31.6,177,55.8,37.3,66,27.7,49,27.1,48,7.9,14,,,,,,,,,,,,,,,,,,,,,,,,,,,,,,,,1.0,4.15,27.8
"Sanó, Miguel",593934,2020,186,205,38,13,12,0,13,90,18,43.9,8.8,0.204,0.478,0.278,0.756,0.215,0.483,0.317,0.326,0.288,0.267,0.542,0.564,0.396,0.419,-0.011,-0.005,-0.009,,,,,,,,,,,,,95.2,20.2,31.3,22,22.9,9.4,18.8,22.9,20.8,4.2,57.3,107.128241875,98.788112737,70.3,29.4,28.0,70.5,29.5,93,132,54.3,472,83.3,5.5,70.6,82,279,45.7,397,43.7,380,42.6,47.3,90,473,291,869,53.1,30.2,16.7,96,59.5,37.5,36,29.2,28,22.9,22,10.4,10,,,,,,,,,,,,,,,,,,,,,,,,,,,,,,,,,,26.4
"Calhoun, Kole",594777,2020,190,228,43,18,9,0,16,50,28,21.9,12.3,0.226,0.526,0.338,0.864,0.263,0.517,0.362,0.379,0.37,0.254,0.408,0.436,0.299,0.35,-0.037,0.009,-0.017,,,,,,,,,,,,,89.4,17.0,36.1,17,11.8,8.3,20.8,27.1,27.1,2.8,38.2,99.503862113,93.982617872,75.9,23.0,21.6,62.5,37.5,65,104,53.5,482,85.7,6.2,77.0,73,318,46.5,419,41.0,369,32.7,46.8,132,536,225,901,56.3,29.2,14.6,144,53.1,40.3,58,32.6,47,20.8,30,6.3,9,,,,,,,,,,,-2.0,0.0,5.0,0.0,1.0,2.0,50.0,3.0,3.0,100.0,4.0,5.0,80.0,12.0,14.0,85.7,1.0,0.2,0.5,2.4,35.5,,4.62,26.0
"Duvall, Adam",594807,2020,190,209,45,21,8,0,16,54,15,25.8,7.2,0.237,0.532,0.301,0.833,0.228,0.516,0.348,0.342,0.294,0.288,0.439,0.43,0.328,0.318,0.009,0.016,0.006,,,,,,,,,,,,,88.1,22.9,30.7,19,13.9,5.1,16.1,37.2,22.6,4.4,40.1,100.670608824,94.472182941,66.5,18.4,32.7,43.7,56.3,59,135,51.8,413,77.8,6.8,81.6,47,256,48.2,385,43.7,349,27.1,49.0,114,433,247,798,45.3,29.9,24.8,137,65.1,29.9,41,39.4,54,18.2,25,12.4,17,,,,,,,,,,,1.0,0.0,12.0,0.0,2.0,3.0,66.7,2.0,4.0,50.0,3.0,3.0,100.0,6.0,6.0,100.0,1.1,-1.1,-0.7,-0.4,30.8,,4.45,27.9
"Profar, Jurickson",595777,2020,180,202,50,37,6,0,7,28,15,13.9,7.4,0.278,0.428,0.343,0.771,0.282,0.411,0.335,0.338,0.35,0.129,0.35,0.354,0.325,0.334,-0.004,0.017,-0.003,,,,,,,,,,,,,87.2,11.0,35.5,5,3.2,3.2,29.0,25.8,32.9,4.5,27.7,96.940536711,92.4870825,66.3,14.1,28.8,33.1,66.9,41,124,51.4,430,75.4,7.8,85.9,38,270,48.6,407,43.1,361,20.1,47.1,143,501,188,837,32.9,30.3,36.8,155,61.9,43.9,68,18.7,29,27.7,43,9.7,15,,,,,,,,,,,0.0,0.0,6.0,0.0,1.0,2.0,50.0,2.0,3.0,66.7,3.0,4.0,75.0,6.0,6.0,100.0,1.3,-0.5,0.0,0.5,33.4,,4.36,27.0
"Báez, Javier",595879,2020,222,235,45,27,9,1,8,75,7,31.9,3.0,0.203,0.36,0.238,0.598,0.213,0.38,0.256,0.275,0.251,0.167,0.351,0.383,0.302,0.324,-0.01,-0.02,-0.019,,,,,,,,,,,,,89.4,10.3,24.8,12,8.1,7.4,20.1,22.1,34.9,5.4,40.3,101.31207375,94.809897708,73.3,29.6,38.7,50.0,50.0,102,204,58.0,527,80.0,7.7,70.4,83,280,42.0,382,39.4,358,38.2,53.2,70,474,338,909,40.3,34.9,24.8,149,62.6,50.3,75,22.8,34,18.1,27,8.7,13,,,,,,,,,,,,,,,,,,,,,,,,,,,,,,,,1.0,4.31,27.9
"Lindor, Francisco",596019,2020,236,266,61,40,13,0,8,41,24,15.4,9.0,0.258,0.415,0.335,0.75,0.279,0.441,0.324,0.346,0.356,0.162,0.341,0.371,0.31,0.338,-0.021,-0.026,-0.022,,,,,,,,,,,,,89.9,13.5,36.5,11,5.6,9.1,23.9,27.4,31.0,2.5,41.1,99.684694433,94.059685052,72.3,12.4,30.0,35.7,64.3,66,185,55.2,617,87.1,8.3,87.6,45,362,44.8,501,42.9,480,20.3,48.9,205,597,295,1118,44.2,32.5,23.4,197,57.1,39.6,78,24.4,48,31.5,62,4.6,9,,,,,,,,,,,,,,,,,,,,,,,,,,,,,,,,,4.4,27.4
"Story, Trevor",596115,2020,235,259,68,40,13,4,11,63,24,24.3,9.3,0.289,0.519,0.355,0.874,0.253,0.457,0.37,0.335,0.323,0.204,0.462,0.41,0.395,0.346,0.036,0.062,0.035,,,,,,,,,,,,,89.9,20.8,40.1,15,8.7,7.6,25.6,34.9,19.8,2.9,41.3,100.396057209,94.467090526,66.6,18.3,28.2,40.5,59.5,64,158,54.1,560,80.6,6.5,81.7,58,317,45.9,476,42.3,438,25.7,45.8,120,641,236,1036,32.0,37.2,30.8,172,54.1,29.7,51,30.2,52,29.1,50,11.0,19,,,,,,,,,,,,,,,,,,,,,,,,,,,,,,,,4.0,4.27,28.9
"Kepler, Max",596146,2020,171,196,39,21,9,0,9,36,22,18.4,11.2,0.228,0.439,0.321,0.76,0.258,0.425,0.328,0.34,0.349,0.167,0.349,0.366,0.287,0.326,-0.03,0.014,-0.012,,,,,,,,,,,,,88.5,22.2,30.9,7,5.1,7.4,28.7,35.3,19.9,2.9,38.2,99.204226765,93.676104222,66.6,11.2,24.2,46.9,53.1,45,96,51.4,396,84.7,7.7,88.8,28,249,48.6,374,41.3,318,21.2,44.8,123,425,216,770,42.6,32.4,25.0,136,61.2,32.4,44,26.5,36,25.0,34,16.2,22,,,,,,,,,,,1.0,1.0,12.0,8.3,1.0,7.0,14.3,4.0,4.0,100.0,8.0,9.0,88.9,7.0,7.0,100.0,-0.3,0.8,0.8,1.8,34.5,1.0,4.28,28.0
"Franco, Maikel",596748,2020,223,243,62,38,16,0,8,38,16,15.6,6.6,0.278,0.457,0.321,0.778,0.256,0.398,0.329,0.307,0.305,0.142,0.366,0.338,0.328,0.307,0.022,0.059,0.022,,,,,,,,,,,,,86.7,8.4,33.3,11,5.8,7.9,19.6,23.3,34.9,7.4,38.6,100.224684468,94.175420214,71.4,15.7,32.8,40.1,59.9,69,172,55.6,525,78.6,7.4,84.3,47,299,44.4,419,41.1,388,24.6,49.9,104,464,349,944,43.4,38.1,18.5,189,60.3,46.0,87,17.5,33,25.9,49,10.6,20,,,,,,,,,,,,,,,,,,,,,,,,,,,,,,,,,4.75,24.7
"Bradley Jr., Jackie",598265,2020,191,217,54,36,11,0,7,48,23,22.1,10.6,0.283,0.45,0.364,0.814,0.22,0.368,0.352,0.301,0.311,0.148,0.411,0.336,0.375,0.294,0.063,0.082,0.051,,,,,,,,,,,,,88.4,4.3,28.5,11,7.6,4.2,20.8,19.4,43.1,2.8,36.4,98.602853571,93.472785429,67.6,22.7,23.8,35.6,64.4,36,101,50.9,425,85.7,6.7,77.3,63,277,49.1,410,44.9,375,26.1,45.3,149,496,182,836,27.8,44.4,27.8,144,55.6,54.9,79,20.8,30,21.5,31,2.8,4,,,,,,,,,,,6.0,1.0,8.0,12.5,4.0,5.0,80.0,5.0,6.0,83.3,13.0,14.0,92.9,9.0,9.0,100.0,2.3,-0.1,-1.6,0.5,34.0,,4.37,27.3
"La Stella, Tommy",600303,2020,196,228,55,34,14,2,5,12,27,5.3,11.8,0.281,0.449,0.37,0.819,0.275,0.423,0.355,0.348,0.366,0.148,0.324,0.315,0.296,0.29,0.006,0.026,0.007,,,,,,,,,,,,,88.0,17.1,32.1,9,4.8,3.7,26.2,35.3,27.8,1.6,28.3,96.273957849,92.214603892,54.2,8.8,21.3,17.3,82.7,17,98,48.9,460,56.8,7.9,91.2,23,260,51.1,480,43.0,404,11.2,38.1,136,586,185,940,47.1,31.0,21.9,187,57.5,40.1,75,28.3,53,22.5,42,9.1,17,,,,,,,,,,,,,,,,,,,,,,,,,,,,,,,,,4.53,25.5
"Núñez, Renato",600524,2020,195,216,50,28,10,0,12,64,17,29.6,7.9,0.256,0.492,0.324,0.816,0.227,0.431,0.347,0.315,0.298,0.204,0.461,0.408,0.379,0.336,0.029,0.061,0.032,,,,,,,,,,,,,86.3,21.1,37.9,16,12.1,4.5,19.7,35.6,22.7,5.3,36.4,98.851627273,93.444118636,67.0,24.1,39.8,38.5,61.5,75,195,54.9,490,72.3,7.3,75.9,65,270,45.1,403,39.2,350,30.1,52.1,97,492,292,893,45.5,31.1,23.5,132,67.1,32.6,43,27.3,36,25.8,34,14.4,19,,,,,,,,,,,,,,,,,,,,,,,,,,,,,,,,,4.69,26.6
"Candelario, Jeimer",600869,2020,185,206,55,34,11,3,7,49,20,23.8,9.7,0.297,0.503,0.369,0.872,0.277,0.471,0.373,0.356,0.351,0.194,0.457,0.432,0.404,0.378,0.02,0.032,0.017,,,,,,,,,,,,,90.2,13.3,37.5,14,10.3,6.6,28.7,21.3,26.5,5.9,47.1,101.954374925,95.267632164,68.0,17.0,26.1,51.2,48.8,62,121,54.9,463,85.4,5.7,83.0,44,259,45.1,381,44.8,378,27.9,45.0,156,426,248,844,39.7,42.6,17.6,136,61.2,40.4,55,24.3,33,30.1,41,5.1,7,,,,,,,,,,,,,,,,,,,,,,,,,,,,,,,,,4.48,26.8
"Ahmed, Nick",605113,2020,199,217,53,37,10,1,5,46,18,21.2,8.3,0.266,0.402,0.327,0.729,0.247,0.377,0.318,0.304,0.31,0.131,0.369,0.35,0.346,0.322,0.019,0.025,0.014,,,,,,,,,,,,,87.7,9.4,30.1,8,5.2,5.2,21.6,22.2,40.5,3.9,33.3,97.979172667,93.079952,69.2,20.8,30.3,40.4,59.6,55,136,54.0,449,81.7,7.2,79.2,55,265,46.0,383,42.7,355,27.4,48.2,108,457,253,832,49.7,35.9,14.4,153,59.0,51.6,79,15.0,23,26.1,40,7.2,11,,,,,,,,,,,,,,,,,,,,,,,,,,,,,,,,1.0,4.42,28.1
"Anderson, Brian",605119,2020,200,229,51,32,7,1,11,66,22,28.8,9.6,0.255,0.465,0.345,0.81,0.227,0.426,0.348,0.324,0.321,0.199,0.446,0.406,0.378,0.336,0.028,0.039,0.024,,,,,,,,,,,,,87.4,9.6,34.8,13,9.6,6.7,18.5,23.7,36.3,5.2,39.3,99.102413382,93.651971037,73.4,27.9,29.6,47.3,52.7,69,146,55.5,493,87.9,6.5,72.1,81,290,44.5,395,44.6,396,34.4,49.1,125,490,265,888,43.0,34.1,23.0,135,64.0,48.9,66,23.7,32,24.4,33,3.0,4,,,,,,,,,,,,,,,,,,,,,,,,,,,,,,,,,4.53,26.4
"Bell, Josh",605137,2020,195,223,44,33,3,0,8,59,22,26.5,9.9,0.226,0.364,0.305,0.669,0.222,0.375,0.286,0.293,0.304,0.153,0.348,0.358,0.314,0.312,0.004,-0.011,-0.007,,,,,,,,,,,,,91.7,5.9,24.3,12,8.6,3.6,22.9,19.3,43.6,2.1,42.9,102.09961,95.3740285,72.5,25.2,26.9,49.6,50.4,67,135,58.5,501,78.4,6.0,74.8,65,258,41.5,356,43.3,371,33.6,45.9,169,458,224,857,36.4,37.1,26.4,140,50.2,56.4,79,19.3,27,19.3,27,5.0,7,,,,,,,,,,,,,,,,,,,,,,,,,,,,,,,,,4.49,26.2
"Betts, Mookie",605141,2020,219,246,64,38,9,1,16,38,24,15.4,9.8,0.292,0.562,0.366,0.928,0.283,0.485,0.39,0.362,0.359,0.202,0.428,0.392,0.352,0.342,0.009,0.077,0.028,,,,,,,,,,,,,90.7,18.5,40.1,14,7.7,11.0,23.6,31.3,23.6,1.6,43.4,99.966803556,94.311948056,58.0,6.7,23.2,31.5,68.5,34,108,50.1,466,65.8,8.2,93.3,18,269,49.9,464,41.8,389,13.8,40.5,127,561,232,930,37.4,34.1,28.0,182,68.7,33.0,60,31.3,57,29.1,53,6.6,12,,,,,,,,,,,5.0,0.0,7.0,0.0,1.0,2.0,50.0,5.0,6.0,83.3,15.0,15.0,100.0,7.0,7.0,100.0,1.2,1.3,-0.8,1.7,33.9,6.0,4.31,28.3
"Davis, J.D.",605204,2020,190,229,47,32,9,0,6,56,31,24.5,13.5,0.247,0.389,0.371,0.76,0.252,0.424,0.339,0.355,0.376,0.172,0.38,0.406,0.348,0.357,-0.005,-0.035,-0.016,,,,,,,,,,,,,90.1,3.3,29.6,12,8.9,4.4,28.1,11.1,43.0,3.7,45.2,102.105949851,95.319305299,66.8,21.5,23.2,51.4,48.6,57,111,50.3,478,82.6,7.3,78.5,68,316,49.7,473,45.3,431,29.3,44.9,128,597,217,951,30.4,43.0,26.7,135,66.2,56.3,76,15.6,21,25.2,34,3.0,4,,,,,,,,,,,,,,,,,,,,,,,,,,,-1.4,-0.3,,,,,4.52,27.2
"Arcia, Orlando",606115,2020,173,189,45,29,10,1,5,32,14,16.9,7.4,0.26,0.416,0.317,0.733,0.281,0.428,0.317,0.338,0.339,0.147,0.348,0.376,0.317,0.346,-0.021,-0.012,-0.021,,,,,,,,,,,,,89.0,9.6,37.3,8,5.6,6.3,28.2,20.4,33.8,4.9,38.7,99.346351,93.890230143,67.6,19.1,28.1,31.7,68.3,33,104,52.6,370,81.0,8.3,80.9,43,225,47.4,333,39.3,276,23.1,46.8,52,404,227,703,33.1,43.7,23.2,142,59.8,47.2,67,16.2,23,30.3,43,6.3,9,,,,,,,,,,,,,,,,,,,,,,,,,,,,,,,,,4.59,26.1
"Tapia, Raimel",606132,2020,184,206,59,48,8,2,1,38,14,18.4,6.8,0.321,0.402,0.369,0.771,0.244,0.325,0.338,0.285,0.305,0.08,0.385,0.313,0.396,0.308,0.077,0.077,0.053,,,,,,,,,,,,,85.3,1.8,28.7,3,2.0,2.7,25.3,16.0,47.3,6.0,30.0,96.593740405,92.307061689,71.3,12.5,30.7,33.3,66.7,41,123,49.8,401,76.7,7.5,87.5,36,288,50.2,404,42.4,341,18.7,51.1,103,538,137,805,16.7,40.7,42.7,150,57.3,56.0,84,17.3,26,24.0,36,2.7,4,,,,,,,,,,,0.0,0.0,8.0,0.0,0.0,1.0,0.0,4.0,7.0,57.1,7.0,8.0,87.5,7.0,7.0,100.0,-0.3,0.1,-0.5,-0.8,30.8,5.0,4.26,28.1
"Hernández, Teoscar",606192,2020,190,207,55,32,7,0,16,63,14,30.4,6.8,0.289,0.579,0.34,0.919,0.296,0.614,0.384,0.401,0.346,0.318,0.536,0.564,0.43,0.44,-0.007,-0.035,-0.017,,,,,,,,,,,,,93.3,15.3,40.6,23,18.0,4.7,28.9,22.7,21.1,3.9,53.1,104.846097031,97.246447559,62.9,27.7,30.9,48.5,51.5,65,134,51.5,433,64.9,6.8,72.3,71,256,48.5,407,43.7,367,34.9,46.4,123,456,254,840,33.6,43.8,22.7,128,63.8,38.3,49,30.5,39,27.3,35,3.9,5,,,,,,,,,,,-2.0,1.0,12.0,8.3,1.0,7.0,14.3,0.0,1.0,0.0,3.0,4.0,75.0,6.0,7.0,85.7,0.0,0.7,-0.7,0.4,32.3,,4.39,28.2
"Marte, Ketel",606466,2020,181,195,52,35,14,1,2,21,7,10.8,3.6,0.287,0.409,0.323,0.732,0.265,0.381,0.316,0.306,0.309,0.116,0.33,0.319,0.319,0.303,0.022,0.028,0.01,,,,,,,,,,,,,89.2,10.0,28.8,6,3.7,6.1,22.7,24.5,38.0,3.1,40.5,100.204872785,94.245687975,61.8,9.2,27.9,25.0,75.0,24,96,49.5,344,65.9,5.9,90.8,20,217,50.5,351,46.8,325,14.1,45.0,157,410,118,695,36.2,40.5,23.3,163,60.0,46.6,76,20.2,33,24.5,40,8.6,14,,,,,,,,,,,,,,,,,,,,,,,,,,,,,,,,2.0,4.33,27.6
"Nimmo, Brandon",607043,2020,186,225,52,33,8,3,8,43,33,19.1,14.7,0.28,0.484,0.404,0.888,0.25,0.423,0.387,0.359,0.381,0.173,0.416,0.373,0.364,0.326,0.03,0.061,0.028,,,,,,,,,,,,,87.2,7.6,30.8,11,7.7,4.2,22.4,20.3,39.2,4.9,32.9,97.980723714,93.071893214,67.4,16.3,17.3,41.4,58.6,36,87,51.4,503,75.8,6.3,83.8,52,320,48.6,475,44.0,430,21.6,41.6,131,619,220,978,33.6,30.8,35.7,143,61.3,47.6,68,20.3,29,25.2,36,7.0,10,,,,,,,,,,,-2.0,2.0,13.0,15.4,0.0,3.0,0.0,0.0,2.0,0.0,5.0,5.0,100.0,8.0,9.0,88.9,-0.7,-1.0,0.3,-1.2,31.5,,4.32,27.9
"Turner, Trea",607208,2020,233,259,78,47,15,4,12,36,22,13.9,8.5,0.335,0.588,0.394,0.982,0.303,0.515,0.413,0.383,0.369,0.212,0.452,0.415,0.392,0.36,0.032,0.073,0.03,,,,,,,,,,,,,90.5,9.5,34.2,19,9.5,6.0,23.6,22.1,36.2,1.0,40.7,100.635350612,94.552732551,67.5,13.5,27.2,34.0,66.0,49,144,51.2,529,80.4,8.9,86.5,46,340,48.8,504,45.3,468,19.6,46.9,139,638,239,1033,26.6,41.2,32.2,199,64.5,44.7,89,23.1,46,26.6,53,5.5,11,,,,,,,,,,,,,,,,,,,,,,,,,,,,,,,,48.0,4.1,29.9
"Pillar, Kevin",607680,2020,208,223,60,39,12,3,6,41,13,18.4,5.8,0.288,0.462,0.336,0.798,0.272,0.435,0.341,0.328,0.322,0.163,0.394,0.379,0.359,0.34,0.016,0.027,0.013,,,,,,,,,,,,,87.1,13.4,34.7,9,5.4,5.4,27.5,28.1,27.5,4.2,36.5,98.092420244,93.134598773,67.2,15.6,36.8,42.9,57.1,66,154,50.4,418,89.8,7.1,84.4,43,276,49.6,411,42.2,350,25.3,51.9,143,459,216,829,34.7,41.9,23.4,167,58.6,40.7,68,25.1,42,27.5,46,6.6,11,,,,,,,,,,,-2.0,1.0,15.0,6.7,1.0,2.0,50.0,3.0,6.0,50.0,7.0,8.0,87.5,8.0,9.0,88.9,-0.2,-0.9,1.0,-0.2,32.8,,4.28,27.8
"Ramírez, José",608070,2020,219,254,64,30,16,1,17,43,31,16.9,12.2,0.292,0.607,0.386,0.993,0.264,0.507,0.415,0.373,0.362,0.243,0.46,0.401,0.362,0.327,0.028,0.1,0.042,,,,,,,,,,,,,88.7,23.2,36.7,18,10.2,6.2,21.5,36.7,22.6,2.3,35.6,99.264116591,93.668352686,63.2,13.1,22.7,25.0,75.0,35,140,53.8,616,75.0,5.6,86.9,44,335,46.2,530,43.7,501,16.6,41.4,225,585,328,1146,47.5,33.9,18.6,177,52.4,29.9,53,29.4,52,24.9,44,15.8,28,,,,,,,,,,,,,,,,,,,,,,,,,,,,,,,,,4.38,27.2
"Gallo, Joey",608336,2020,193,226,35,17,8,0,10,79,29,35.0,12.8,0.181,0.378,0.301,0.679,0.189,0.415,0.297,0.315,0.308,0.226,0.392,0.429,0.307,0.322,-0.008,-0.037,-0.018,,,,,,,,,,,,,91.2,26.8,28.9,16,14.0,4.4,16.7,40.4,18.4,5.3,43.9,102.04771537,95.481172685,67.1,29.6,19.1,66.3,33.7,59,89,48.8,467,78.5,8.3,70.4,97,328,51.2,489,43.9,420,37.4,43.6,136,544,254,956,48.2,28.9,22.8,114,55.4,31.6,36,33.3,38,17.5,20,17.5,20,,,,,,,,,,,3.0,0.0,11.0,0.0,2.0,5.0,40.0,2.0,2.0,100.0,10.0,11.0,90.9,17.0,17.0,100.0,2.0,0.8,-0.8,2.2,33.6,,4.55,27.1
"Seager, Corey",608369,2020,212,232,65,37,12,1,15,37,17,15.9,7.3,0.307,0.585,0.358,0.943,0.326,0.651,0.394,0.43,0.377,0.325,0.445,0.493,0.367,0.393,-0.019,-0.066,-0.036,,,,,,,,,,,,,93.2,11.9,38.4,28,15.8,13.0,19.8,19.8,26.6,3.4,55.9,103.805088736,96.925112586,82.2,14.2,30.3,56.0,44.0,70,125,51.2,413,97.7,5.5,85.8,46,324,48.8,394,43.2,349,25.8,55.6,142,422,229,807,37.9,36.7,25.4,177,63.4,40.1,71,31.1,55,27.1,48,1.7,3,,,,,,,,,,,,,,,,,,,,,,,,,,,,,,,,,4.51,27.1
"Mondesi, Adalberto",609275,2020,219,233,56,36,11,3,6,70,11,30.0,4.7,0.256,0.416,0.294,0.71,0.215,0.355,0.305,0.267,0.255,0.14,0.416,0.358,0.376,0.316,0.041,0.061,0.038,,,,,,,,,,,,,90.6,13.7,19.9,11,7.3,2.6,18.5,27.2,33.1,10.6,39.1,100.463874118,94.6236125,77.4,31.8,35.0,55.6,44.4,89,160,54.0,457,81.5,7.7,68.2,96,302,46.0,390,39.4,334,40.0,54.5,179,422,228,847,44.4,30.5,25.2,151,61.8,51.7,78,23.2,35,11.9,18,13.2,20,,,,,,,,,,,,,,,,,,,,,,,,,,,,,,,,24.0,4.16,29.4
"Reyes, Franmil",614177,2020,211,241,58,39,10,0,9,69,24,28.6,10.0,0.275,0.45,0.344,0.794,0.245,0.442,0.341,0.342,0.328,0.197,0.44,0.444,0.395,0.368,0.03,0.008,-0.001,,,,,,,,,,,,,92.4,11.2,31.3,19,12.9,4.8,23.8,19.0,34.7,2.0,44.9,103.394751806,96.328288182,69.3,28.1,27.5,59.3,40.7,89,150,55.6,546,77.0,6.2,71.9,85,302,44.4,436,39.0,383,38.5,46.0,98,528,327,982,32.7,40.1,27.2,147,58.5,51.0,75,23.1,34,19.7,29,6.1,9,,,,,,,,,,,,,,,,,,,,,,,,,,,,,,,,,4.77,26.2
"Swanson, Dansby",621020,2020,237,264,65,40,15,0,10,71,22,26.9,8.3,0.274,0.464,0.345,0.809,0.267,0.474,0.348,0.354,0.341,0.206,0.441,0.45,0.389,0.384,0.007,-0.01,-0.006,,,,,,,,,,,,,89.1,14.7,40.7,19,11.4,4.8,30.5,25.1,25.1,2.4,40.7,99.696452771,94.009281333,70.9,26.1,24.0,47.3,52.7,61,129,50.7,537,81.9,7.8,73.9,97,371,49.3,523,45.6,483,31.6,47.2,111,600,341,1060,34.7,41.3,24.0,167,58.0,38.9,65,29.3,49,27.5,46,4.2,7,,,,,,,,,,,,,,,,,,,,,,,,,,,,,,,,3.0,4.34,28.4
"Taylor, Chris",621035,2020,185,214,50,30,10,2,8,55,26,25.7,12.1,0.27,0.476,0.366,0.842,0.272,0.488,0.364,0.371,0.368,0.216,0.445,0.458,0.385,0.388,-0.002,-0.012,-0.007,,,,,,,,,,,,,88.0,9.1,35.1,15,11.5,8.4,26.7,11.5,31.3,9.9,45.0,101.014144762,94.70205312,73.7,27.2,17.3,53.9,46.1,41,76,51.2,439,87.1,8.2,72.8,84,309,48.8,419,42.7,366,32.5,44.9,117,463,266,858,31.3,40.5,28.2,131,59.8,48.1,63,20.6,27,28.2,37,3.1,4,,,,,,,,,,,1.0,0.0,2.0,0.0,0.0,0.0,,1.0,2.0,50.0,4.0,4.0,100.0,3.0,3.0,100.0,0.0,0.1,-0.3,0.1,32.0,,4.37,28.4
"Correa, Carlos",621043,2020,201,221,53,39,9,0,5,49,16,22.2,7.2,0.264,0.383,0.326,0.709,0.249,0.397,0.308,0.311,0.315,0.148,0.362,0.367,0.346,0.331,0.015,-0.014,-0.003,,,,,,,,,,,,,88.8,11.3,26.1,9,5.9,6.5,27.5,21.6,36.6,0.7,42.1,99.799884079,94.072529338,65.7,14.4,31.8,41.4,58.6,63,152,55.0,478,78.1,7.4,85.6,37,257,45.0,391,41.9,364,24.4,47.1,99,479,266,870,49.0,28.1,22.9,153,60.0,49.7,76,20.9,32,20.3,31,9.2,14,,,,,,,,,,,,,,,,,,,,,,,,,,,,,,,,,4.43,27.2
"Olson, Matt",621566,2020,210,245,41,22,4,1,14,77,34,31.4,13.9,0.195,0.424,0.31,0.734,0.224,0.453,0.316,0.34,0.336,0.23,0.403,0.45,0.308,0.356,-0.029,-0.029,-0.024,,,,,,,,,,,,,92.3,19.6,30.1,17,12.8,8.3,24.8,24.8,24.1,3.0,45.9,102.764032969,95.948013281,67.6,29.1,20.0,52.4,47.6,55,105,52.3,524,82.5,8.0,70.9,94,323,47.7,478,41.0,411,34.8,42.7,158,592,222,1002,44.4,36.1,19.5,133,53.5,35.3,47,29.3,39,22.6,30,12.8,17,,,,,,,,,,,,,,,,,,,,,,,,,,,,,,,,,4.64,26.0
"Reyes, Victor",622682,2020,202,213,56,43,7,2,4,45,9,21.1,4.2,0.277,0.391,0.315,0.706,0.287,0.43,0.307,0.329,0.324,0.143,0.367,0.398,0.357,0.37,-0.01,-0.039,-0.022,,,,,,,,,,,,,90.0,10.7,39.5,6,3.8,6.4,30.6,21.0,34.4,3.2,41.4,98.63923961,93.618739286,69.4,18.8,41.5,37.2,62.8,68,183,54.4,441,70.2,7.0,81.3,48,256,45.6,369,40.2,326,26.4,54.2,114,470,220,810,33.8,35.0,31.2,157,61.5,47.1,74,22.3,35,28.7,45,1.9,3,,,,,,,,,,,1.0,0.0,5.0,0.0,1.0,3.0,33.3,0.0,1.0,0.0,7.0,7.0,100.0,11.0,12.0,91.7,-1.0,-0.7,0.4,-2.1,31.1,3.0,4.36,27.9
"Alonso, Pete",624413,2020,208,239,48,26,6,0,16,61,24,25.5,10.0,0.231,0.49,0.326,0.816,0.225,0.463,0.342,0.334,0.323,0.238,0.419,0.407,0.324,0.319,0.006,0.027,0.008,,,,,,,,,,,,,90.2,15.5,30.4,19,12.8,4.7,17.6,27.7,31.1,4.1,41.2,102.386786986,95.44273469,65.3,17.7,30.5,52.2,47.8,82,157,55.3,514,78.3,6.5,82.3,48,271,44.7,415,41.8,388,30.4,46.1,80,566,273,929,41.2,33.1,25.7,148,61.2,39.9,59,29.7,44,19.6,29,10.8,16,,,,,,,,,,,,,,,,,,,,,,,,,,,,,,,,,4.6,26.2
"Biggio, Cavan",624415,2020,220,265,55,31,16,0,8,61,41,23.0,15.5,0.25,0.432,0.375,0.807,0.214,0.343,0.355,0.315,0.345,0.129,0.396,0.328,0.346,0.296,0.036,0.089,0.04,,,,,,,,,,,,,87.4,16.7,31.4,8,5.0,8.8,22.0,30.8,28.3,5.0,30.8,96.787761519,92.575247452,59.6,18.0,13.7,44.2,55.8,34,77,50.6,563,71.0,8.4,82.0,59,327,49.4,549,43.3,482,23.0,36.3,161,705,229,1112,47.2,32.1,20.8,159,49.8,39.6,63,31.4,50,23.3,37,5.7,9,,,,,,,,,,,0.0,0.0,3.0,0.0,0.0,1.0,0.0,1.0,1.0,100.0,1.0,1.0,100.0,2.0,2.0,100.0,0.9,2.3,-0.4,3.4,36.6,,4.45,27.7
"Conforto, Michael",624424,2020,202,233,65,44,12,0,9,57,24,24.5,10.3,0.322,0.515,0.412,0.927,0.281,0.478,0.401,0.374,0.377,0.197,0.493,0.451,0.448,0.392,0.041,0.037,0.027,,,,,,,,,,,,,88.4,11.0,38.6,16,11.0,6.2,32.4,18.6,26.2,5.5,36.6,99.863468082,94.033462897,65.1,16.6,25.2,48.0,52.0,59,123,52.4,488,77.8,7.7,83.4,48,289,47.6,444,42.3,394,26.0,44.2,150,502,275,932,27.6,40.7,31.7,145,60.5,41.4,60,20.0,29,32.4,47,6.2,9,,,,,,,,,,,-3.0,2.0,12.0,16.7,0.0,4.0,0.0,3.0,6.0,50.0,6.0,8.0,75.0,10.0,12.0,83.3,0.5,-0.9,-0.4,-0.7,30.2,,4.48,26.9
"Frazier, Adam",624428,2020,209,230,48,34,7,0,7,35,17,15.2,7.4,0.23,0.364,0.297,0.661,0.251,0.378,0.291,0.309,0.317,0.127,0.302,0.325,0.276,0.302,-0.021,-0.014,-0.018,,,,,,,,,,,,,85.5,12.3,34.9,7,4.0,2.9,26.9,26.3,34.3,5.1,25.1,95.606103488,91.803051744,68.9,11.4,24.7,30.4,69.6,34,112,51.3,454,75.3,8.2,88.6,34,297,48.7,431,44.7,396,16.6,46.2,104,555,214,885,30.9,38.9,30.3,175,57.8,45.1,79,22.3,39,24.6,43,8.0,14,,,,,,,,,,,0.0,0.0,4.0,0.0,0.0,0.0,,1.0,1.0,100.0,0.0,0.0,,1.0,1.0,100.0,0.0,0.6,-0.1,0.4,32.7,,4.41,27.2
"Cronenworth, Jake",630105,2020,172,192,49,27,15,3,4,30,18,15.6,9.4,0.285,0.477,0.354,0.831,0.317,0.535,0.356,0.393,0.383,0.218,0.385,0.435,0.343,0.382,-0.032,-0.058,-0.037,,,,,,,,,,,,,89.8,10.6,37.8,15,10.5,5.6,26.6,19.6,33.6,3.5,42.7,99.954348592,94.317753732,58.1,10.3,19.0,38.8,61.2,26,67,46.8,353,73.1,8.9,89.7,24,233,53.2,401,39.3,296,16.7,39.8,110,477,159,754,30.1,39.9,30.1,143,64.1,44.8,64,25.2,36,27.3,39,2.8,4,,,,,,,,,,,,,,,,,,,,,,,,,,,,,,,,2.0,4.28,28.7
"Anderson, Tim",641313,2020,208,221,67,45,11,1,10,50,10,22.6,4.5,0.322,0.529,0.357,0.886,0.286,0.501,0.376,0.352,0.324,0.215,0.47,0.437,0.421,0.375,0.036,0.028,0.024,,,,,,,,,,,,,87.2,6.7,33.3,16,10.1,4.4,25.8,13.8,40.3,5.0,35.8,99.049571899,93.615060633,73.0,23.2,39.3,43.6,56.4,71,163,52.8,415,75.8,7.9,76.8,63,271,47.2,371,42.5,334,30.9,55.2,84,427,251,786,29.6,48.4,22.0,159,63.3,56.0,89,22.0,35,20.8,33,1.3,2,,,,,,,,,,,,,,,,,,,,,,,,,,,,,,,,14.0,4.17,28.7
"Bellinger, Cody",641355,2020,213,243,51,29,10,0,12,42,30,17.3,12.3,0.239,0.455,0.333,0.788,0.284,0.494,0.337,0.374,0.374,0.21,0.361,0.413,0.298,0.355,-0.045,-0.039,-0.037,,,,,,,,,,,,,89.3,16.6,29.2,16,9.4,7.0,26.9,28.1,24.0,2.9,41.5,100.513292857,94.455236287,68.2,19.6,27.9,31.9,68.1,44,138,51.2,495,77.5,7.3,80.4,63,322,48.8,472,45.6,441,23.3,47.6,153,579,224,967,41.5,38.6,19.9,171,55.0,39.8,68,29.2,50,22.8,39,8.2,14,,,,,,,,,,,7.0,0.0,13.0,0.0,2.0,2.0,100.0,7.0,7.0,100.0,10.0,10.0,100.0,15.0,15.0,100.0,0.0,1.1,-0.1,0.8,34.4,14.0,4.14,28.6
"Crawford, J.P.",641487,2020,204,232,52,41,7,2,2,39,23,16.8,9.9,0.255,0.338,0.336,0.674,0.257,0.36,0.303,0.318,0.343,0.103,0.311,0.333,0.311,0.32,-0.002,-0.022,-0.015,,,,,,,,,,,,,85.8,11.5,34.1,3,1.8,6.6,27.5,24.0,34.1,4.8,31.1,97.315126098,92.657563049,58.3,11.1,22.9,37.5,62.5,39,104,48.7,455,57.4,7.3,88.9,31,280,51.3,480,41.4,387,18.2,41.1,151,592,187,935,34.7,32.9,32.3,167,53.0,44.3,74,17.4,29,28.7,48,9.6,16,,,,,,,,,,,,,,,,,,,,,,,,,,,,,,,,2.0,4.46,26.8
"Dozier, Hunter",641531,2020,158,186,36,24,4,2,6,48,27,25.8,14.5,0.228,0.392,0.344,0.736,0.235,0.385,0.326,0.331,0.351,0.15,0.374,0.381,0.327,0.338,-0.007,0.007,-0.005,,,,,,,,,,,,,86.4,17.0,26.4,9,8.2,2.7,27.3,30.0,28.2,2.7,30.9,98.298979455,93.253164404,64.1,14.1,24.4,65.7,34.3,65,99,55.9,405,77.6,6.8,85.9,29,205,44.1,320,41.0,297,30.9,41.9,81,374,260,725,35.5,36.4,28.2,110,56.5,39.1,43,25.5,28,24.5,27,10.9,12,,,,,,,,,,,-1.0,0.0,0.0,,0.0,1.0,0.0,0.0,0.0,,2.0,3.0,66.7,4.0,4.0,100.0,,,,,,,4.5,27.9
"Lewis, Kyle",641786,2020,206,242,54,40,3,0,11,71,34,29.3,14.0,0.262,0.437,0.364,0.801,0.239,0.433,0.349,0.344,0.347,0.194,0.444,0.436,0.394,0.365,0.023,0.004,0.005,,,,,,,,,,,,,88.3,11.1,37.2,16,11.7,7.3,24.1,21.9,32.1,2.2,35.0,98.801784265,93.501654412,64.1,26.7,24.6,58.6,41.4,75,128,53.0,520,79.2,7.8,73.3,79,296,47.0,462,44.0,432,36.3,43.2,149,564,251,982,27.0,43.1,29.9,137,60.7,43.1,59,30.7,42,22.6,31,3.6,5,,,,,,,,,,,4.0,2.0,9.0,22.2,1.0,1.0,100.0,5.0,6.0,83.3,8.0,9.0,88.9,10.0,11.0,90.9,-1.6,0.3,0.7,-1.0,31.7,1.0,4.41,28.0
"McMahon, Ryan",641857,2020,172,193,37,21,6,1,9,66,18,34.2,9.3,0.215,0.419,0.295,0.714,0.203,0.389,0.308,0.296,0.286,0.186,0.424,0.405,0.346,0.33,0.012,0.03,0.012,,,,,,,,,,,,,90.1,9.2,27.1,12,11.2,4.7,23.4,20.6,37.4,0.9,43.0,101.166563962,94.858618952,67.7,22.3,27.2,54.8,45.2,63,115,50.3,423,88.7,7.4,77.7,63,283,49.7,418,40.0,336,31.7,47.3,138,512,179,841,38.3,31.8,29.9,107,58.0,50.5,54,28.0,30,16.8,18,4.7,5,,,,,,,,,,,,,,,,,,,,,,,,,,,,,,,,,4.6,26.0
"Smith, Dominic",642086,2020,177,199,56,24,21,1,10,45,14,22.6,7.0,0.316,0.616,0.377,0.993,0.303,0.566,0.412,0.392,0.365,0.264,0.508,0.48,0.415,0.398,0.013,0.05,0.02,,,,,,,,,,,,,89.8,10.8,43.0,18,13.3,5.9,28.1,19.3,28.9,3.7,46.7,100.278953134,94.610905149,71.7,18.9,33.8,39.6,60.4,53,134,52.3,396,87.0,6.1,81.1,49,259,47.7,361,43.2,327,26.0,51.9,119,451,183,757,42.2,38.5,19.3,135,54.3,41.5,56,20.7,28,35.6,48,2.2,3,,,,,,,,,,,-3.0,0.0,1.0,0.0,0.0,1.0,0.0,1.0,1.0,100.0,2.0,3.0,66.7,1.0,2.0,50.0,-0.2,-1.9,-0.1,-2.2,29.2,,4.5,25.9
"Adames, Willy",642715,2020,185,205,48,24,15,1,8,74,20,36.1,9.8,0.259,0.481,0.332,0.813,0.229,0.394,0.347,0.307,0.305,0.165,0.515,0.441,0.432,0.383,0.03,0.087,0.04,,,,,,,,,,,,,88.8,12.5,36.9,11,9.9,9.0,23.4,22.5,30.6,3.6,40.5,100.611447818,94.419791091,69.1,31.2,26.3,56.0,44.0,65,116,53.4,441,81.8,6.7,68.8,83,266,46.6,385,42.0,347,38.7,46.2,128,455,231,826,51.4,28.8,19.8,111,62.4,45.0,50,17.1,19,27.0,30,10.8,12,,,,,,,,,,,,,,,,,,,,,,,,,,,,,,,,,4.34,28.2
"Kiner-Falefa, Isiah",643396,2020,211,228,59,49,4,3,3,32,14,14.0,6.1,0.28,0.37,0.329,0.699,0.26,0.34,0.307,0.294,0.312,0.08,0.327,0.31,0.328,0.306,0.02,0.03,0.013,,,,,,,,,,,,,87.2,0.8,22.2,4,2.2,2.8,27.2,16.7,47.2,3.9,31.1,96.603922889,92.344912179,65.5,9.5,27.4,32.7,67.3,34,104,47.4,379,72.5,8.6,90.5,26,275,52.6,420,41.7,333,15.8,47.4,89,462,230,799,32.8,39.4,27.8,180,61.0,61.7,111,16.1,29,18.9,34,3.3,6,,,,,,,,,,,,,,,,,,,,,,,,,,,,,,,,,4.25,28.1
"McNeil, Jeff",643446,2020,183,209,57,39,14,0,4,24,20,11.5,9.6,0.311,0.454,0.383,0.837,0.277,0.407,0.36,0.337,0.355,0.13,0.368,0.339,0.352,0.316,0.034,0.047,0.023,,,,,,,,,,,,,86.6,11.5,37.0,4,2.5,6.8,32.1,25.3,27.8,4.9,26.5,95.63896284,91.861592484,83.1,13.6,32.4,26.9,73.1,36,134,51.5,414,86.3,6.3,86.4,44,324,48.5,390,43.7,351,17.5,57.0,129,451,217,804,38.3,35.8,25.9,162,65.1,44.4,72,23.5,38,27.2,44,4.9,8,,,,,,,,,,,1.0,1.0,3.0,33.3,0.0,0.0,,1.0,2.0,50.0,4.0,5.0,80.0,9.0,9.0,100.0,-0.9,-0.4,0.6,-1.4,33.1,,4.13,27.1
"Robles, Victor",645302,2020,168,189,37,28,5,1,3,53,9,28.0,4.8,0.22,0.315,0.293,0.608,0.205,0.28,0.273,0.262,0.284,0.075,0.328,0.312,0.316,0.302,0.015,0.035,0.011,,,,,,,,,,,,,82.2,19.0,37.3,2,1.7,5.1,21.2,31.4,28.8,11.9,22.9,94.70035,91.585986903,73.2,21.5,29.2,42.6,57.4,49,115,52.1,394,80.5,5.4,78.5,57,265,47.9,362,43.5,329,27.9,50.3,84,470,191,756,46.6,37.3,16.1,118,67.7,38.1,45,24.6,29,27.1,32,10.2,12,,,,,,,,,,,1.0,0.0,13.0,0.0,1.0,1.0,100.0,3.0,4.0,75.0,9.0,10.0,90.0,10.0,10.0,100.0,-0.9,1.8,-2.0,-1.4,31.4,4.0,4.39,28.0
"Devers, Rafael",646240,2020,232,248,61,33,16,1,11,67,13,27.0,5.2,0.263,0.483,0.31,0.793,0.256,0.46,0.337,0.328,0.304,0.204,0.438,0.425,0.37,0.36,0.007,0.023,0.009,,,,,,,,,,,,,93.0,10.6,33.3,20,12.1,5.5,22.4,24.2,34.5,0.6,43.6,102.902087073,95.998599329,74.1,26.9,38.6,39.7,60.3,81,204,53.9,528,76.2,6.4,73.1,90,335,46.1,452,42.2,414,31.7,55.0,138,598,240,980,35.8,43.0,21.2,165,64.9,46.1,76,23.0,38,26.1,43,4.8,8,,,,,,,,,,,,,,,,,,,,,,,,,,,,,,,,,4.37,26.7
"Jiménez, Eloy",650391,2020,213,226,63,35,14,0,14,56,12,24.8,5.3,0.296,0.559,0.332,0.891,0.278,0.54,0.373,0.364,0.317,0.262,0.481,0.469,0.399,0.378,0.018,0.019,0.009,,,,,,,,,,,,,92.4,5.7,32.9,26,16.5,7.0,20.9,11.4,41.1,2.5,55.7,103.874396076,96.948955223,75.6,22.5,37.8,39.8,60.2,68,171,56.1,452,86.5,6.5,77.5,60,267,43.9,353,42.6,343,29.2,54.4,93,371,318,805,26.6,43.7,29.7,158,63.7,52.5,83,20.3,32,24.1,38,3.2,5,,,,,,,,,,,-3.0,1.0,7.0,14.3,0.0,2.0,0.0,0.0,1.0,0.0,3.0,3.0,100.0,6.0,7.0,85.7,-1.0,-2.8,1.1,-3.0,29.5,,4.45,27.2
"Schwarber, Kyle",656941,2020,191,224,36,19,6,0,11,66,30,29.5,13.4,0.188,0.393,0.308,0.701,0.224,0.441,0.307,0.34,0.34,0.218,0.368,0.429,0.288,0.345,-0.036,-0.048,-0.033,,,,,,,,,,,,,92.8,8.8,28.8,14,11.2,8.8,20.8,19.2,32.8,4.8,47.2,103.130327705,96.271187438,62.2,21.5,27.9,39.3,60.7,59,150,56.2,537,69.8,6.6,78.5,56,260,43.8,418,42.2,403,28.0,42.9,116,548,288,955,44.8,36.0,19.2,125,52.5,51.2,64,24.8,31,19.2,24,4.8,6,,,,,,,,,,,-2.0,0.0,13.0,0.0,0.0,3.0,0.0,1.0,4.0,25.0,5.0,5.0,100.0,6.0,6.0,100.0,-0.7,-1.2,0.7,-1.6,30.4,1.0,4.36,26.9
"Verdugo, Alex",657077,2020,201,221,62,40,16,0,6,45,17,20.4,7.7,0.308,0.478,0.367,0.845,0.238,0.369,0.362,0.299,0.305,0.132,0.427,0.338,0.395,0.308,0.07,0.109,0.063,,,,,,,,,,,,,87.0,5.9,31.2,10,6.4,5.1,23.6,19.1,42.0,3.8,34.4,98.021422025,93.054003567,57.8,12.7,27.8,31.3,68.8,40,128,49.9,461,69.8,6.8,87.3,34,267,50.1,462,42.4,391,18.7,42.8,146,571,196,923,33.8,42.7,23.6,157,53.2,52.2,82,19.1,30,22.9,36,5.7,9,,,,,,,,,,,2.0,1.0,5.0,20.0,1.0,1.0,100.0,6.0,7.0,85.7,3.0,3.0,100.0,4.0,4.0,100.0,0.9,1.0,0.2,2.1,32.6,1.0,4.24,27.6
"White, Evan",657108,2020,182,202,32,17,7,0,8,84,18,41.6,8.9,0.176,0.346,0.252,0.598,0.19,0.387,0.261,0.292,0.269,0.197,0.399,0.461,0.323,0.357,-0.014,-0.041,-0.031,,,,,,,,,,,,,91.7,13.7,27.3,14,14.1,8.1,20.2,23.2,31.3,3.0,52.5,102.396977755,95.801080408,63.1,29.0,24.5,61.4,38.6,62,101,49.9,413,68.9,7.4,71.0,76,262,50.1,415,42.6,353,38.0,43.8,97,499,219,828,40.4,37.4,22.2,99,63.4,44.4,44,30.3,30,17.2,17,8.1,8,,,,,,,,,,,,,,,,,,,,,,,,,,,,,,,,,4.37,28.2
"Laureano, Ramón",657656,2020,183,222,39,24,8,1,6,58,24,26.1,10.8,0.213,0.366,0.338,0.704,0.23,0.403,0.315,0.338,0.353,0.173,0.348,0.387,0.305,0.331,-0.017,-0.037,-0.023,,,,,,,,,,,,,87.7,12.3,34.4,12,9.4,4.7,21.9,27.3,30.5,6.3,34.4,99.202456563,93.694385859,57.4,15.3,23.3,48.6,51.4,51,105,50.3,450,61.0,6.6,84.7,39,255,49.7,444,46.0,411,25.0,40.2,115,467,290,895,38.3,35.9,25.8,128,58.1,44.5,57,24.2,31,21.9,28,9.4,12,,,,,,,,,,,2.0,1.0,6.0,16.7,0.0,6.0,0.0,1.0,3.0,33.3,12.0,12.0,100.0,21.0,21.0,100.0,-0.5,-0.9,0.2,-1.3,32.5,1.0,4.36,27.8
"Moncada, Yoán",660162,2020,200,231,45,28,8,3,6,72,28,31.2,12.1,0.225,0.385,0.32,0.705,0.207,0.336,0.309,0.29,0.306,0.129,0.394,0.359,0.346,0.321,0.018,0.049,0.019,,,,,,,,,,,,,87.8,13.9,33.8,8,6.2,4.6,27.7,30.8,26.9,3.1,33.1,98.732421563,93.432022969,63.1,18.8,27.5,51.7,48.3,78,151,56.1,550,72.1,6.9,81.3,51,272,43.9,431,42.4,416,30.5,43.1,163,537,253,981,38.5,35.4,26.2,130,56.3,41.5,54,21.5,28,26.2,34,10.8,14,,,,,,,,,,,,,,,,,,,,,,,,,,,,,,,,2.0,,27.5
"Acuña Jr., Ronald",660670,2020,160,202,40,15,11,0,14,60,38,29.7,18.8,0.25,0.581,0.406,0.987,0.256,0.594,0.413,0.422,0.411,0.339,0.546,0.565,0.4,0.41,-0.006,-0.013,-0.009,,,,,,,,,,,,,92.3,18.1,34.0,16,16.0,18.0,21.0,20.0,18.0,6.0,56.0,105.3485436,97.591202626,63.9,26.3,20.0,39.8,60.2,37,93,53.2,466,80.3,7.5,73.7,69,262,46.8,410,43.0,377,29.9,40.5,86,555,233,876,43.0,34.0,23.0,100,57.2,36.0,36,32.0,32,24.0,24,8.0,8,,,,,,,,,,,1.0,0.0,6.0,0.0,0.0,2.0,0.0,3.0,3.0,100.0,5.0,5.0,100.0,11.0,13.0,84.6,-0.9,0.5,0.8,0.4,32.7,10.0,4.32,29.1
"Riley, Austin",663586,2020,188,206,45,29,7,1,8,49,16,23.8,7.8,0.239,0.415,0.301,0.716,0.265,0.474,0.307,0.342,0.325,0.208,0.369,0.421,0.321,0.358,-0.026,-0.059,-0.035,,,,,,,,,,,,,91.0,13.6,30.7,14,10.0,5.0,24.3,24.3,32.9,2.1,42.9,101.303326667,95.046922681,77.9,20.8,32.3,50.8,49.2,66,130,52.0,402,90.3,8.0,79.2,60,289,48.0,371,43.1,333,30.1,54.2,97,413,249,773,41.4,31.4,27.1,140,65.4,42.1,59,22.9,32,27.1,38,7.9,11,,,,,,,,,,,,,,,,,,,,,,,,,,,,,,,,1.0,4.61,26.8
"Tucker, Kyle",663656,2020,209,228,56,29,12,6,9,46,18,20.2,7.9,0.268,0.512,0.325,0.837,0.261,0.449,0.349,0.327,0.318,0.188,0.412,0.383,0.341,0.333,0.007,0.063,0.022,,,,,,,,,,,,,91.1,14.9,34.1,15,9.1,6.7,24.4,29.9,28.0,1.8,44.5,100.585821585,94.801780307,77.3,17.4,26.3,36.1,63.9,43,119,52.6,453,91.0,7.8,82.6,55,316,47.4,409,42.1,363,22.5,50.5,139,476,221,862,47.0,34.1,18.9,164,57.0,39.0,64,28.7,47,26.2,43,6.1,10,,,,,,,,,,,5.0,1.0,7.0,14.3,3.0,4.0,75.0,6.0,9.0,66.7,6.0,6.0,100.0,15.0,15.0,100.0,0.7,0.5,-0.5,0.5,33.5,,4.34,27.6
"Grisham, Trent",663757,2020,215,252,54,33,8,3,10,64,31,25.4,12.3,0.251,0.456,0.352,0.808,0.26,0.477,0.349,0.364,0.361,0.216,0.418,0.443,0.355,0.371,-0.009,-0.021,-0.015,,,,,,,,,,,,,88.3,13.5,37.9,17,11.1,3.9,24.2,20.3,30.1,9.8,41.8,100.546281528,94.492469653,58.0,19.2,18.0,40.9,59.1,38,93,49.3,516,69.4,6.9,80.8,59,308,50.7,531,43.6,457,24.2,38.3,156,670,209,1048,43.8,33.3,22.9,153,56.3,43.8,67,22.2,34,25.5,39,8.5,13,,,,,,,,,,,7.0,3.0,7.0,42.9,4.0,7.0,57.1,3.0,4.0,75.0,11.0,11.0,100.0,14.0,14.0,100.0,2.4,0.7,-0.7,2.0,35.9,7.0,4.34,29.1
"Happ, Ian",664023,2020,198,231,51,27,11,1,12,63,30,27.3,13.0,0.258,0.505,0.361,0.866,0.261,0.469,0.369,0.362,0.365,0.208,0.465,0.455,0.378,0.385,-0.003,0.036,0.007,,,,,,,,,,,,,91.1,9.0,37.5,14,10.3,5.1,28.7,19.1,33.1,2.2,48.5,101.293754179,95.210163083,64.4,24.1,24.2,63.9,36.1,76,119,52.2,491,74.0,7.8,75.9,70,290,47.8,450,42.5,400,35.7,43.5,162,531,232,941,36.8,39.7,23.5,136,57.6,47.1,64,19.9,27,30.1,41,2.9,4,,,,,,,,,,,1.0,0.0,9.0,0.0,3.0,6.0,50.0,0.0,2.0,0.0,6.0,7.0,85.7,14.0,14.0,100.0,1.2,0.0,-0.4,0.7,33.1,,4.33,27.1
"Lowe, Brandon",664040,2020,193,224,52,27,9,2,14,58,25,25.9,11.2,0.269,0.554,0.362,0.916,0.258,0.547,0.385,0.381,0.353,0.289,0.48,0.475,0.38,0.366,0.011,0.007,0.004,,,,,,,,,,,,,89.8,18.1,37.2,24,17.5,5.1,20.4,26.3,25.5,4.4,43.1,101.582307353,95.064492574,72.6,28.0,21.1,62.4,37.6,58,93,49.9,440,83.8,7.7,72.0,90,321,50.1,442,43.8,386,35.7,46.9,195,430,253,882,40.9,36.5,22.6,137,58.0,32.8,45,32.1,44,27.0,37,8.0,11,,,,,,,,,,,0.0,0.0,2.0,0.0,0.0,1.0,0.0,0.0,0.0,,0.0,0.0,,3.0,3.0,100.0,,,,,,,4.33,27.4
"Fletcher, David",664058,2020,207,230,66,50,13,0,3,25,20,10.9,8.7,0.319,0.425,0.376,0.801,0.292,0.351,0.35,0.316,0.352,0.059,0.36,0.317,0.359,0.329,0.027,0.074,0.034,,,,,,,,,,,,,84.7,4.1,30.8,1,0.5,1.1,30.8,16.8,45.4,5.4,17.8,93.861628587,90.930814293,47.3,4.4,26.0,17.0,83.0,19,112,47.5,430,53.4,8.1,95.6,10,225,52.5,476,40.7,369,8.6,37.2,61,622,206,906,34.6,35.7,29.7,185,58.7,55.1,102,13.0,24,27.0,50,4.9,9,,,,,,,,,,,,,,,,,,,,,,,,,,,,,,,,,4.33,27.3
"Tatis Jr., Fernando",665487,2020,224,257,62,32,11,2,17,61,27,23.7,10.5,0.277,0.571,0.366,0.937,0.297,0.614,0.392,0.422,0.386,0.317,0.479,0.526,0.378,0.409,-0.02,-0.043,-0.03,,,,,,,,,,,,,95.9,8.7,32.3,32,19.5,7.9,20.1,14.6,37.2,0.6,62.2,105.418141463,98.319840671,71.8,23.8,26.1,38.6,61.4,54,140,54.4,537,80.0,6.1,76.2,77,324,45.6,451,42.7,422,28.2,47.0,144,581,247,988,36.6,40.9,22.6,164,62.3,48.2,79,26.2,43,24.4,40,1.2,2,,,,,,,,,,,,,,,,,,,,,,,,,,,,,,,,12.0,4.27,29.3
"Guerrero Jr., Vladimir",665489,2020,221,243,58,34,13,2,9,38,20,15.6,8.2,0.262,0.462,0.329,0.791,0.268,0.446,0.338,0.338,0.334,0.178,0.366,0.367,0.317,0.324,-0.006,0.016,0.0,,,,,,,,,,,,,92.5,4.6,29.5,16,8.7,6.0,19.7,20.2,43.7,1.1,50.8,104.137539231,96.564434725,74.0,17.4,24.6,44.1,55.9,52,118,52.9,480,86.9,6.7,82.6,55,316,47.1,427,41.8,379,24.7,47.9,134,557,206,907,37.7,37.7,24.6,183,57.4,54.6,100,21.9,40,19.7,36,3.8,7,,,,,,,,,,,,,,,,,,,,,,,,,,,,,,,,,4.73,25.3
"Soto, Juan",665742,2020,154,196,54,27,14,0,13,28,41,14.3,20.9,0.351,0.695,0.49,1.185,0.332,0.696,0.478,0.475,0.475,0.363,0.531,0.527,0.429,0.406,0.019,-0.001,0.003,,,,,,,,,,,,,92.1,4.3,33.3,23,18.3,6.3,24.6,11.9,36.5,2.4,51.6,104.179163651,96.71684,61.2,15.0,15.9,41.1,58.9,30,73,55.4,458,74.1,7.0,85.0,34,226,44.6,369,44.6,369,21.4,36.2,170,464,187,827,27.0,46.8,26.2,126,50.3,53.2,67,21.4,27,23.0,29,2.4,3,,,,,,,,,,,-2.0,1.0,8.0,12.5,0.0,3.0,0.0,2.0,5.0,40.0,0.0,0.0,,4.0,5.0,80.0,1.0,0.4,0.3,1.6,34.1,,4.29,26.3
"Gurriel Jr., Lourdes",666971,2020,208,224,64,39,14,0,11,48,14,21.4,6.3,0.308,0.534,0.348,0.882,0.281,0.486,0.372,0.347,0.325,0.205,0.454,0.42,0.395,0.363,0.027,0.048,0.025,,,,,,,,,,,,,90.8,10.5,39.5,19,11.7,3.1,24.7,24.1,32.7,3.1,49.4,101.125280494,95.206539938,70.7,19.5,33.9,38.9,61.1,58,149,52.9,440,74.1,6.5,80.5,54,277,47.1,392,42.5,354,26.3,51.2,110,476,237,832,38.3,39.5,22.2,162,69.2,41.4,67,21.0,34,32.1,52,5.6,9,,,,,,,,,,,-1.0,0.0,8.0,0.0,1.0,2.0,50.0,1.0,3.0,33.3,9.0,11.0,81.8,11.0,11.0,100.0,-0.1,-1.2,0.4,-1.3,31.3,,4.53,26.3
"Reynolds, Bryan",668804,2020,185,208,35,20,6,2,7,57,21,27.4,10.1,0.189,0.357,0.275,0.632,0.228,0.403,0.278,0.314,0.31,0.175,0.329,0.387,0.273,0.33,-0.039,-0.046,-0.036,,,,,,,,,,,,,87.5,10.2,35.2,13,10.2,3.9,21.9,24.2,34.4,5.5,38.3,99.182354844,93.601750078,70.0,15.8,27.7,52.7,47.3,69,131,54.8,473,82.3,7.2,84.2,43,273,45.2,390,41.3,356,27.7,46.8,152,453,245,863,41.4,35.9,22.7,128,56.7,44.5,57,28.1,36,24.2,31,3.1,4,,,,,,,,,,,1.0,0.0,5.0,0.0,1.0,2.0,50.0,2.0,2.0,100.0,7.0,9.0,77.8,10.0,11.0,90.9,-1.2,-0.3,1.0,-0.5,32.2,1.0,4.29,28.2
"Edman, Tommy",669242,2020,204,227,51,38,7,1,5,48,16,21.1,7.0,0.25,0.368,0.317,0.685,0.266,0.367,0.302,0.315,0.334,0.102,0.34,0.359,0.323,0.347,-0.016,0.001,-0.013,,,,,,,,,,,,,86.5,8.2,31.0,6,3.8,4.4,27.8,21.5,36.7,5.1,33.5,98.038288205,93.038931538,61.0,11.2,25.6,36.2,63.8,42,116,51.7,453,63.6,7.5,88.8,29,258,48.3,423,42.6,373,19.0,42.7,139,500,220,876,35.4,41.1,23.4,158,61.7,51.3,81,14.6,23,25.9,41,8.2,13,,,,,,,,,,,1.0,0.0,1.0,0.0,0.0,0.0,,0.0,0.0,,3.0,3.0,100.0,0.0,0.0,,,,,,,4.0,4.19,28.9
"Solak, Nick",669256,2020,209,233,56,44,10,0,2,42,18,18.0,7.7,0.268,0.344,0.326,0.67,0.264,0.388,0.297,0.318,0.326,0.124,0.323,0.351,0.327,0.327,0.004,-0.044,-0.021,,,,,,,,,,,,,89.9,9.4,27.5,8,4.7,7.0,22.8,26.3,36.8,2.3,40.4,99.55755,94.098003235,64.1,9.6,24.2,43.6,56.4,48,110,50.8,455,63.9,9.3,90.4,27,282,49.2,440,40.1,359,19.1,43.8,92,515,248,895,32.7,38.6,28.7,171,66.5,48.5,83,26.3,45,21.6,37,3.5,6,,,,,,,,,,,-2.0,1.0,10.0,10.0,1.0,4.0,25.0,2.0,5.0,40.0,2.0,4.0,50.0,2.0,2.0,100.0,-0.7,-1.5,-0.2,-2.3,29.0,,4.25,28.6
"Hiura, Keston",669374,2020,217,246,46,29,4,0,13,85,16,34.6,6.5,0.212,0.41,0.297,0.707,0.21,0.435,0.304,0.318,0.299,0.225,0.42,0.447,0.343,0.348,0.002,-0.025,-0.014,,,,,,,,,,,,,87.4,14.3,34.3,19,14.2,4.5,22.4,21.6,32.1,4.5,39.6,99.973661343,94.067657368,71.4,35.6,30.4,58.3,41.7,91,156,51.9,514,80.3,7.2,64.4,121,340,48.1,476,43.1,427,42.7,50.1,95,600,264,990,35.8,40.3,23.9,134,54.3,44.0,59,27.6,37,20.1,27,8.2,11,,,,,,,,,,,,,,,,,,,,,,,,,,,,,,,,,4.58,27.0
"Lopez, Nicky",670032,2020,169,192,34,25,8,0,1,41,18,21.4,9.4,0.201,0.266,0.286,0.552,0.238,0.308,0.254,0.287,0.319,0.07,0.265,0.315,0.266,0.314,-0.037,-0.042,-0.033,,,,,,,,,,,,,84.9,1.4,30.5,2,1.5,3.1,26.7,17.6,42.7,8.4,26.7,95.483714921,91.77179232,64.2,16.3,25.2,32.6,67.4,31,95,50.3,377,64.0,6.7,83.7,39,239,49.7,372,43.3,324,21.0,44.6,116,446,178,749,32.8,43.5,23.7,131,62.5,56.5,74,11.5,15,27.5,36,4.6,6,,,,,,,,,,,,,,,,,,,,,,,,,,,,,,,,,4.25,27.7
"Robert Jr., Luis",673357,2020,202,227,47,28,8,0,11,73,20,32.2,8.8,0.233,0.436,0.302,0.738,0.225,0.466,0.316,0.329,0.299,0.241,0.43,0.455,0.359,0.354,0.008,-0.03,-0.013,,,,,,,,,,,,,87.9,16.7,36.6,17,13.0,9.2,16.0,24.4,30.5,5.3,40.5,101.465314462,94.80674876,81.1,31.4,39.6,57.6,42.4,114,198,56.8,500,87.5,6.4,68.6,97,309,43.2,381,39.6,349,41.5,57.6,60,487,299,882,32.8,38.2,29.0,131,67.8,38.2,50,26.7,35,24.4,32,10.7,14,,,,,,,,,,,5.0,2.0,8.0,25.0,2.0,2.0,100.0,5.0,5.0,100.0,15.0,18.0,83.3,21.0,22.0,95.5,-0.3,0.7,0.8,1.1,34.6,15.0,4.24,29.1
"Cabrera, Miguel",408234,2021,472,526,121,90,16,0,15,118,40,22.4,7.6,0.256,0.386,0.316,0.702,0.228,0.419,0.305,0.313,0.295,0.191,0.356,0.369,0.333,0.304,0.028,-0.033,-0.008,,,,,,,,,,,,,91.4,10.0,32.8,30,8.3,8.5,22.9,21.5,34.2,3.3,49.0,101.953387486,95.613068408,69.1,18.0,30.2,42.9,57.1,134,312,50.7,1032,76.9,7.7,82.0,125,693,49.3,1003,40.2,818,25.8,49.4,199,1227,550,2035,32.8,37.2,30.0,363,62.5,49.0,178,25.9,94,21.5,78,3.6,13,,,,,,,,,,,,,,,,,,,,,,,,,,,,,,,,,5.01,24.0
"Cruz, Nelson",443558,2021,513,584,136,82,21,1,32,126,51,21.6,8.7,0.265,0.497,0.334,0.831,0.259,0.525,0.346,0.367,0.336,0.266,0.414,0.444,0.343,0.346,0.006,-0.028,-0.021,,,,,,,,,,,,,92.9,11.8,31.8,54,13.6,8.1,19.7,24.5,31.1,3.0,52.5,105.497885455,97.364589369,73.8,22.7,31.0,47.4,52.6,172,363,53.2,1170,89.3,7.7,77.3,172,759,46.8,1028,40.8,896,30.7,51.0,288,1214,638,2198,36.6,36.4,27.0,396,63.4,43.4,172,25.5,101,22.0,87,9.1,36,,,,,,,,,,,,,,,,,,,,,,,,,,,,,,,,,4.69,26.0
"Peralta, David",444482,2021,487,538,126,80,30,8,8,92,46,17.1,8.6,0.259,0.402,0.325,0.727,0.239,0.346,0.314,0.294,0.31,0.107,0.343,0.316,0.317,0.296,0.02,0.056,0.02,,,,,,,,,,,,,89.3,5.3,27.2,20,5.0,4.5,24.2,19.9,42.6,3.3,41.8,101.204662576,94.748489747,66.3,13.2,27.4,40.1,59.9,115,287,50.9,1049,77.6,7.6,86.8,89,672,49.1,1013,43.3,893,21.3,46.5,338,1176,497,2062,31.2,40.8,28.0,397,57.8,54.9,218,15.6,62,23.2,92,6.3,25,,,,,,,,,,,4.0,1.0,23.0,4.3,2.0,5.0,40.0,6.0,7.0,85.7,25.0,28.0,89.3,30.0,30.0,100.0,0.3,-0.8,-0.3,-0.8,31.8,,4.38,27.6
"Blackmon, Charlie",453568,2021,514,582,139,97,25,4,13,91,54,15.6,9.3,0.27,0.411,0.351,0.762,0.285,0.455,0.333,0.358,0.365,0.17,0.349,0.384,0.326,0.345,-0.015,-0.044,-0.025,,,,,,,,,,,,,87.6,10.2,32.6,30,7.0,3.5,29.8,21.4,33.6,4.7,38.5,99.359821596,93.750499272,67.9,14.2,26.2,36.1,63.9,100,277,49.3,1058,75.3,7.0,85.8,105,737,50.7,1086,43.6,935,20.2,47.3,332,1309,461,2144,35.7,41.8,22.5,426,61.3,47.4,202,22.3,95,24.4,104,5.9,25,,,,,,,,,,,-8.0,1.0,20.0,5.0,1.0,9.0,11.1,2.0,8.0,25.0,11.0,18.0,61.1,23.0,23.0,100.0,-1.5,-1.1,0.8,-1.9,30.0,1.0,4.34,27.6
"McCutchen, Andrew",457705,2021,482,574,107,55,24,1,27,132,81,23.0,14.1,0.222,0.444,0.334,0.778,0.231,0.429,0.335,0.34,0.345,0.198,0.375,0.384,0.3,0.317,-0.009,0.015,-0.005,,,,,,,,,,,,,88.8,14.6,33.6,32,9.0,8.4,21.8,26.6,30.0,3.9,39.5,99.449259775,93.945349747,63.7,18.9,19.1,49.5,50.5,108,218,49.4,1139,80.6,7.8,81.1,141,745,50.6,1169,40.8,942,25.9,41.7,255,1266,726,2308,48.7,32.8,18.5,357,62.1,40.9,146,30.5,109,21.6,77,7.0,25,,,,,,,,,,,-7.0,1.0,18.0,5.6,2.0,4.0,50.0,2.0,9.0,22.2,9.0,12.0,75.0,24.0,28.0,85.7,-1.3,-0.8,1.0,-1.1,31.2,5.0,4.37,28.7
"Turner, Justin",457759,2021,533,612,148,99,22,0,27,98,61,16.0,10.0,0.278,0.471,0.361,0.832,0.266,0.477,0.358,0.361,0.354,0.211,0.382,0.386,0.336,0.326,0.012,-0.006,-0.003,,,,,,,,,,,,,90.9,19.2,36.5,35,7.9,8.6,27.2,31.1,23.8,1.1,42.4,99.559758318,94.25153575,66.9,13.2,22.7,30.6,69.4,87,284,50.8,1251,77.2,8.2,86.8,107,812,49.2,1214,43.2,1064,17.7,44.5,237,1457,717,2465,31.3,38.5,30.2,441,55.4,35.4,156,33.1,146,24.5,108,7.0,31,,,,,,,,,,,,,,,,,,,,,,,,,,,,,,,,,4.77,25.8
"Votto, Joey",458015,2021,448,533,119,59,23,1,36,127,77,23.8,14.4,0.266,0.563,0.375,0.938,0.268,0.593,0.391,0.404,0.378,0.325,0.475,0.494,0.366,0.37,-0.002,-0.03,-0.013,,,,,,,,,,,,,92.9,18.2,44.3,56,17.2,9.2,23.7,25.2,23.4,1.2,53.2,102.539441104,96.093851969,67.9,22.4,22.0,49.2,50.8,126,256,52.2,1166,81.5,6.8,77.6,162,724,47.8,1066,41.5,927,29.4,43.9,402,1265,550,2232,40.9,36.9,22.2,325,58.7,33.2,108,36.9,120,25.2,82,4.6,15,,,,,,,,,,,,,,,,,,,,,,,,,,,,,,,,,4.76,25.2
"Andrus, Elvis",462101,2021,497,541,121,91,25,2,3,81,31,15.0,5.7,0.243,0.32,0.294,0.614,0.272,0.382,0.27,0.311,0.322,0.11,0.286,0.338,0.288,0.325,-0.029,-0.062,-0.041,,,,,,,,,,,,,87.8,8.1,34.0,9,2.1,5.9,30.3,21.0,35.7,4.5,34.8,98.143821256,93.154317918,65.9,10.4,31.9,38.7,61.3,127,328,50.1,1029,70.5,7.1,89.6,70,675,49.9,1024,41.6,854,19.6,48.9,225,1173,568,2053,32.2,42.3,25.5,423,62.3,47.0,199,17.5,74,28.4,120,7.1,30,,,,,,,,,,,,,,,,,,,,,,,,,,,,,,,,,4.52,26.7
"Santana, Carlos",467793,2021,565,659,121,87,15,0,19,102,86,15.5,13.1,0.214,0.342,0.319,0.661,0.238,0.422,0.294,0.333,0.34,0.184,0.285,0.339,0.259,0.288,-0.024,-0.08,-0.039,,,,,,,,,,,,,89.9,12.9,28.0,32,6.8,7.1,22.4,25.4,34.8,3.2,41.9,100.529242479,94.571698094,66.9,16.7,22.6,36.9,63.1,120,325,53.1,1436,73.9,7.4,83.3,142,849,46.9,1270,43.8,1184,22.3,43.4,574,1485,583,2706,43.4,39.3,17.1,468,57.2,45.3,212,26.5,124,19.2,90,8.8,41,,,,,,,,,,,,,,,,,,,,,,,,,,,,,,,,,4.7,25.0
"Lowrie, Jed",476704,2021,457,512,112,70,28,0,14,108,49,21.1,9.6,0.245,0.398,0.318,0.716,0.253,0.472,0.311,0.344,0.327,0.219,0.352,0.4,0.317,0.33,-0.008,-0.074,-0.033,,,,,,,,,,,,,90.7,16.4,36.5,33,9.3,9.6,23.8,26.9,28.9,1.4,45.9,100.200115198,94.60925779,70.8,18.2,20.9,46.1,53.9,95,206,48.4,984,82.4,8.1,81.8,135,743,51.6,1049,43.4,883,24.2,46.7,309,1182,488,2033,37.1,39.7,23.2,353,58.0,36.8,130,32.6,115,24.9,88,5.7,20,,,,,,,,,,,,,,,,,,,,,,,,,,,,,,,,,4.68,25.3
"Brantley, Michael",488726,2021,469,508,146,106,29,3,8,53,33,10.4,6.5,0.311,0.437,0.362,0.799,0.305,0.469,0.347,0.361,0.358,0.164,0.36,0.377,0.35,0.345,0.006,-0.032,-0.014,,,,,,,,,,,,,89.5,9.9,38.8,24,5.8,6.2,31.4,21.1,32.1,3.4,42.9,99.686219375,94.187918365,65.9,7.1,24.1,21.9,78.1,48,219,48.7,909,67.9,7.5,92.9,45,632,51.3,959,43.3,809,10.9,45.6,292,1116,415,1868,33.3,41.2,25.4,417,63.3,46.8,195,20.6,86,28.8,120,3.8,16,,,,,,,,,,,-2.0,1.0,15.0,6.7,2.0,4.0,50.0,2.0,6.0,33.3,7.0,11.0,63.6,20.0,20.0,100.0,-0.4,-0.9,0.3,-1.0,30.5,,4.65,25.7
"Gurriel, Yuli",493329,2021,530,605,169,123,31,0,15,68,59,11.2,9.8,0.319,0.462,0.383,0.845,0.268,0.389,0.363,0.326,0.343,0.122,0.373,0.325,0.357,0.305,0.051,0.073,0.037,,,,,,,,,,,,,89.8,13.4,31.0,16,3.4,5.5,29.1,28.3,31.4,2.3,42.0,99.889790127,94.187271203,62.2,8.8,26.1,24.2,75.8,78,322,53.8,1233,76.3,5.9,91.2,58,659,46.2,1059,41.4,948,13.9,42.8,282,1361,577,2292,33.3,40.9,25.7,474,59.7,41.6,197,24.3,115,25.5,121,8.6,41,,,,,,,,,,,,,,,,,,,,,,,,,,,,,,,,,4.42,27.0
"Rojas, Miguel",500743,2021,495,539,131,89,30,3,9,74,37,13.7,6.9,0.265,0.392,0.322,0.714,0.24,0.341,0.311,0.286,0.3,0.101,0.328,0.296,0.31,0.282,0.025,0.051,0.025,,,,,,,,,,,,,86.2,11.5,32.4,12,2.8,4.7,26.0,25.5,36.9,3.8,32.9,96.919576095,92.460967976,66.4,11.2,26.3,38.2,61.8,104,272,51.7,1034,78.2,7.3,88.8,72,642,48.3,967,41.7,835,19.3,45.7,176,1205,570,2001,33.3,38.5,28.1,423,57.0,45.6,193,22.0,93,24.3,103,8.0,34,,,,,,,,,,,,,,,,,,,,,,,,,,,,,,,,,4.56,26.6
"Escobar, Eduardo",500871,2021,549,599,139,80,26,5,28,124,48,20.7,8.0,0.253,0.472,0.314,0.786,0.246,0.46,0.334,0.329,0.307,0.214,0.391,0.384,0.326,0.317,0.007,0.012,0.005,,,,,,,,,,,,,87.0,20.8,38.0,38,8.9,6.1,23.2,33.8,22.5,5.2,34.5,98.233403679,93.168115165,72.2,18.4,28.9,36.3,63.7,132,364,52.5,1261,82.4,7.8,81.6,152,825,47.5,1143,41.3,994,23.9,49.5,363,1437,567,2404,45.3,31.0,23.7,426,57.0,33.3,142,33.3,142,23.0,98,10.3,44,,,,,,,,,,,,,,,,,,,,,,,,,,,,,,,,,4.34,27.4
"Pham, Tommy",502054,2021,475,561,109,68,24,2,15,128,78,22.8,13.9,0.229,0.383,0.34,0.723,0.247,0.444,0.318,0.349,0.357,0.197,0.35,0.399,0.311,0.336,-0.018,-0.061,-0.031,,,,,,,,,,,,,90.8,7.6,35.6,35,10.0,8.8,22.5,18.5,36.8,3.1,47.6,101.782107886,95.261546371,60.0,16.6,16.0,50.3,49.7,95,189,49.6,1178,76.3,7.3,83.4,119,718,50.4,1196,41.0,973,23.6,38.2,194,1462,665,2374,30.8,40.7,28.5,351,55.3,49.6,174,21.4,75,24.8,87,4.3,15,,,,,,,,,,,-5.0,0.0,28.0,0.0,1.0,5.0,20.0,2.0,7.0,28.6,14.0,16.0,87.5,18.0,20.0,90.0,-0.3,-0.3,0.0,-0.6,31.9,,4.54,27.8
"Martinez, J.D.",502110,2021,570,634,163,90,42,3,28,150,55,23.7,8.7,0.286,0.518,0.349,0.867,0.28,0.536,0.364,0.372,0.345,0.256,0.452,0.464,0.384,0.378,0.006,-0.018,-0.008,,,,,,,,,,,,,92.1,16.9,41.2,53,12.5,10.8,24.2,25.4,24.5,2.6,49.4,102.421753991,95.887919576,76.5,20.9,33.7,46.7,53.3,197,422,52.0,1253,84.1,7.1,79.1,185,885,48.0,1157,43.1,1038,29.2,54.2,282,1361,688,2410,33.4,36.0,30.6,425,63.0,34.1,145,31.5,134,28.9,123,5.4,23,,,,,,,,,,,-2.0,0.0,8.0,0.0,2.0,3.0,66.7,3.0,4.0,75.0,5.0,9.0,55.6,3.0,3.0,100.0,0.0,-0.8,0.1,-0.6,31.3,,4.69,26.1
"Goldschmidt, Paul",502671,2021,603,679,177,108,36,2,31,136,67,20.0,9.9,0.294,0.514,0.365,0.879,0.287,0.579,0.373,0.396,0.361,0.292,0.434,0.466,0.375,0.368,0.007,-0.065,-0.023,,,,,,,,,,,,,92.6,17.1,36.9,64,13.6,8.3,26.3,25.4,24.6,1.7,50.6,102.744108602,96.119572675,64.4,21.2,25.2,33.5,66.5,120,358,51.6,1420,72.9,7.4,78.8,182,857,48.4,1331,40.3,1109,24.9,44.2,247,1544,895,2751,37.1,38.6,24.4,472,57.3,37.3,176,31.1,147,24.6,116,7.0,33,,,,,,,,,,,,,,,,,,,,,,,,,,,,,,,,,4.59,26.2
"Altuve, Jose",514888,2021,601,678,167,103,32,1,31,91,66,13.4,9.7,0.278,0.489,0.35,0.839,0.258,0.427,0.357,0.333,0.335,0.169,0.376,0.345,0.324,0.304,0.02,0.062,0.024,,,,,,,,,,,,,87.7,15.6,32.1,33,6.4,6.2,23.8,29.4,28.0,6.2,35.0,98.384760909,93.261160455,66.8,9.9,30.3,27.5,72.5,111,403,53.4,1328,80.1,6.5,90.1,77,776,46.6,1161,42.2,1051,15.9,47.4,333,1364,700,2489,49.7,35.8,14.5,517,63.5,41.0,212,24.6,127,23.6,122,10.8,56,,,,,,,,,,,,,,,,,,,,,,,,,,,,,,,,40.0,4.22,28.0
"Hernández, César",514917,2021,570,637,132,88,21,2,21,135,59,21.2,9.3,0.232,0.386,0.308,0.694,0.239,0.388,0.302,0.311,0.316,0.149,0.34,0.353,0.301,0.313,-0.007,-0.002,-0.009,,,,,,,,,,,,,87.4,10.7,32.6,30,6.8,5.0,22.1,23.3,36.3,5.7,33.2,98.368510187,93.237272693,68.3,15.6,26.1,38.1,61.9,122,320,50.2,1226,79.9,7.1,84.4,129,829,49.8,1214,43.5,1062,22.0,47.1,466,1472,456,2457,35.2,41.1,23.7,438,61.2,47.3,207,25.1,110,23.7,104,3.9,17,,,,,,,,,,,,,,,,,,,,,,,,,,,,,,,,34.0,4.25,28.7
"Segura, Jean",516416,2021,514,567,149,105,27,3,14,78,39,13.8,6.9,0.29,0.436,0.348,0.784,0.262,0.402,0.338,0.321,0.325,0.14,0.361,0.34,0.339,0.309,0.028,0.034,0.017,,,,,,,,,,,,,87.2,5.8,31.1,26,5.9,5.4,22.4,19.5,39.5,6.8,37.4,99.697739358,93.921203784,66.7,11.4,30.1,30.9,69.1,100,324,49.3,1075,71.6,7.4,88.6,84,738,50.7,1107,40.3,879,17.3,48.7,201,1344,559,2182,30.2,41.5,28.3,441,62.4,52.4,231,19.0,84,22.7,100,5.9,26,,,,,,,,,,,,,,,,,,,,,,,,,,,,,,,,4.0,4.34,27.3
"Marte, Starling",516782,2021,467,526,145,103,27,3,12,99,43,18.8,8.2,0.31,0.458,0.383,0.841,0.273,0.44,0.364,0.348,0.35,0.167,0.413,0.39,0.392,0.346,0.037,0.018,0.016,,,,,,,,,,,,,87.6,4.6,32.6,31,8.4,4.3,25.6,15.4,39.1,7.3,39.6,100.239516776,94.207705479,71.0,16.2,30.2,42.5,57.5,133,313,52.6,1036,77.8,7.8,83.8,107,662,47.4,933,42.3,832,24.6,49.5,225,1121,555,1970,34.2,38.8,27.0,371,64.2,56.3,209,16.7,62,22.9,85,4.0,15,,,,,,,,,,,1.0,2.0,23.0,8.7,1.0,7.0,14.3,7.0,10.0,70.0,22.0,24.0,91.7,18.0,20.0,90.0,-0.5,-0.3,0.5,-0.4,32.8,22.0,4.22,28.5
"Donaldson, Josh",518626,2021,457,543,113,61,26,0,26,114,74,21.0,13.6,0.247,0.475,0.352,0.827,0.26,0.547,0.353,0.386,0.365,0.287,0.393,0.446,0.322,0.342,-0.013,-0.072,-0.033,,,,,,,,,,,,,94.1,14.6,30.2,61,17.4,4.8,18.5,24.8,32.5,1.7,52.7,104.204804343,97.023133829,70.2,22.5,22.6,42.1,57.9,106,252,52.6,1117,83.8,7.5,77.5,159,708,47.4,1008,39.7,843,27.6,45.2,247,1213,624,2125,42.5,35.9,21.7,351,57.9,43.9,154,28.5,100,20.5,72,7.1,25,,,,,,,,,,,,,,,,,,,,,,,,,,,,,,,,,4.83,24.6
"Freeman, Freddie",518692,2021,600,695,180,122,25,2,31,107,85,15.4,12.2,0.3,0.503,0.393,0.896,0.309,0.577,0.379,0.41,0.401,0.268,0.411,0.453,0.364,0.375,-0.009,-0.074,-0.031,,,,,,,,,,,,,91.4,12.0,37.2,57,11.5,7.1,31.9,20.0,26.7,2.6,46.1,101.764448826,95.351215951,77.6,17.2,25.7,32.1,67.9,113,352,50.9,1369,91.7,6.7,82.8,176,1023,49.1,1319,43.7,1175,21.0,51.2,438,1614,581,2688,36.2,37.8,26.1,495,58.1,43.2,214,28.9,143,25.1,124,2.8,14,,,,,,,,,,,,,,,,,,,,,,,,,,,,,,,,,4.42,26.9
"LeMahieu, DJ",518934,2021,597,679,160,125,24,1,10,94,73,13.8,10.8,0.268,0.362,0.349,0.711,0.28,0.406,0.315,0.342,0.362,0.127,0.318,0.354,0.315,0.333,-0.012,-0.044,-0.027,,,,,,,,,,,,,90.6,5.0,33.3,19,3.7,6.9,28.5,17.9,39.8,2.6,43.5,100.113305573,94.512956356,62.0,9.8,20.4,28.3,71.7,75,265,49.4,1300,69.2,7.6,90.2,81,826,50.6,1333,41.4,1090,14.4,41.4,241,1723,613,2660,23.4,40.0,36.6,508,61.2,52.0,264,18.3,93,26.8,136,3.0,15,,,,,,,,,,,,,,,,,,,,,,,,,,,,,,,,,4.63,26.6
"Rizzo, Anthony",519203,2021,496,576,123,75,23,3,22,87,52,15.1,9.0,0.248,0.44,0.344,0.784,0.257,0.44,0.339,0.348,0.353,0.183,0.346,0.359,0.297,0.31,-0.009,0.0,-0.009,,,,,,,,,,,,,90.1,14.8,31.4,32,7.7,5.6,25.4,28.7,29.5,2.9,41.1,100.696655631,94.60294966,64.5,15.6,29.4,31.6,68.4,106,335,51.1,1140,69.1,6.7,84.4,110,703,48.9,1090,43.3,965,20.8,46.5,352,1336,517,2230,43.2,34.5,22.2,414,57.6,41.3,171,27.1,112,23.9,99,7.7,32,,,,,,,,,,,,,,,,,,,,,,,,,,,,,,,,,4.66,25.2
"Stanton, Giancarlo",519317,2021,510,579,139,85,19,0,35,157,63,27.1,10.9,0.273,0.516,0.354,0.87,0.254,0.502,0.37,0.361,0.34,0.248,0.473,0.461,0.39,0.367,0.019,0.014,0.009,,,,,,,,,,,,,95.1,10.3,32.6,56,15.7,11.0,17.7,19.9,32.0,2.5,56.3,108.657830625,99.263673807,63.5,23.5,28.0,50.5,49.5,185,366,54.4,1307,66.1,6.9,76.5,163,695,45.6,1095,41.4,995,32.6,44.2,273,1370,696,2426,34.8,36.0,29.2,356,56.6,45.5,162,23.0,82,24.2,86,7.3,26,,,,,,,,,,,-2.0,0.0,2.0,0.0,1.0,2.0,50.0,0.0,1.0,0.0,3.0,4.0,75.0,2.0,2.0,100.0,0.1,-0.3,0.8,0.6,31.9,,4.96,24.7
"Perez, Salvador",521692,2021,620,665,169,97,24,0,48,170,28,25.6,4.2,0.273,0.544,0.316,0.86,0.269,0.562,0.359,0.369,0.314,0.293,0.466,0.48,0.372,0.37,0.004,-0.018,-0.01,,,,,,,,,,,,,93.0,15.9,34.1,74,16.3,8.6,24.2,22.5,25.6,2.9,56.2,104.087645903,97.05981185,78.6,20.7,44.7,50.0,50.0,311,622,58.2,1392,83.6,6.1,79.3,163,786,41.8,1000,40.0,957,33.7,58.9,330,1220,756,2392,42.7,35.0,22.2,454,64.9,37.4,170,33.0,150,23.6,107,5.9,27,28.0,1.97,1.96,1.98,4.0,1.55,1.59,1.43,0.71,81.7,,,,,,,,,,,,,,,,,,,,,,,4.73,26.1
"García, Avisaíl",541645,2021,461,515,121,74,18,0,29,121,38,23.5,7.4,0.262,0.49,0.33,0.82,0.272,0.515,0.346,0.364,0.34,0.243,0.422,0.45,0.351,0.366,-0.01,-0.025,-0.018,,,,,,,,,,,,,90.4,9.3,35.9,42,12.2,7.0,22.6,19.4,35.4,3.5,46.4,102.661785607,95.672483217,81.9,25.5,37.2,49.6,50.4,173,349,53.4,937,91.4,6.0,74.5,171,671,46.6,819,42.5,746,33.7,58.1,188,943,573,1756,39.4,38.8,21.7,345,66.0,48.4,167,26.1,90,22.0,76,3.5,12,,,,,,,,,,,-2.0,0.0,14.0,0.0,0.0,4.0,0.0,6.0,8.0,75.0,19.0,24.0,79.2,18.0,20.0,90.0,-0.8,-0.9,0.4,-1.2,30.9,1.0,4.47,28.6
"Villar, Jonathan",542340,2021,454,505,113,75,18,2,18,132,46,26.1,9.1,0.249,0.416,0.322,0.738,0.232,0.389,0.32,0.307,0.307,0.157,0.396,0.376,0.351,0.328,0.017,0.027,0.013,,,,,,,,,,,,,88.0,7.0,29.9,24,7.4,5.6,23.1,20.4,38.9,4.3,34.9,99.828691447,93.930594182,74.6,22.1,28.0,49.0,51.0,143,292,53.1,1043,87.1,7.5,77.9,152,689,46.9,923,41.7,820,30.1,49.9,334,1179,439,1967,38.0,33.6,28.4,324,61.8,49.1,159,23.5,76,21.9,71,5.6,18,,,,,,,,,,,,,,,,,,,,,,,,,,,,,,,,,4.39,27.3
"Aguilar, Jesús",542583,2021,449,510,117,72,23,0,22,93,46,18.2,9.0,0.261,0.459,0.329,0.788,0.255,0.456,0.334,0.333,0.325,0.201,0.375,0.374,0.322,0.317,0.006,0.003,0.001,,,,,,,,,,,,,89.6,19.0,34.7,31,8.5,5.5,26.4,35.0,22.0,2.5,41.0,100.000025495,94.305900248,63.8,17.1,27.4,44.7,55.3,132,295,52.1,1077,65.8,7.6,82.9,108,631,47.9,989,41.8,863,25.9,44.8,230,1171,610,2066,41.3,37.5,21.2,363,54.6,33.3,121,31.7,115,26.7,97,8.3,30,,,,,,,,,,,,,,,,,,,,,,,,,,,,,,,,,4.81,24.4
"Crawford, Brandon",543063,2021,483,549,144,87,30,3,24,105,56,19.1,10.2,0.298,0.522,0.373,0.895,0.25,0.494,0.377,0.353,0.334,0.243,0.435,0.401,0.376,0.32,0.048,0.028,0.024,,,,,,,,,,,,,88.8,14.7,35.8,44,11.5,8.4,22.5,24.5,29.8,3.4,43.3,99.818696492,94.078049948,77.6,20.2,27.9,52.4,47.6,163,311,52.2,1114,86.0,7.4,79.8,160,793,47.8,1022,43.9,938,29.3,51.7,420,1127,540,2136,33.2,39.2,27.7,383,61.1,40.5,155,28.7,110,23.0,88,7.8,30,,,,,,,,,,,,,,,,,,,,,,,,,,,,,,,,,4.46,25.8
"Cron, C.J.",543068,2021,470,547,132,72,31,1,28,117,60,21.4,11.0,0.281,0.53,0.375,0.905,0.258,0.491,0.383,0.366,0.357,0.233,0.447,0.422,0.37,0.343,0.023,0.039,0.017,,,,,,,,,,,,,88.8,15.8,31.9,41,11.5,5.0,26.1,27.5,25.2,4.5,42.0,101.733108492,94.934202465,66.3,19.2,30.8,42.3,57.7,155,366,54.2,1188,70.3,6.6,80.8,128,665,45.8,1003,44.2,969,27.4,47.1,285,1255,567,2191,38.9,35.6,25.5,357,55.0,38.7,138,32.5,116,21.3,76,7.6,27,,,,,,,,,,,,,,,,,,,,,,,,,,,,,,,,,4.71,26.0
"Grossman, Robbie",543257,2021,557,671,133,84,23,3,23,155,98,23.1,14.6,0.239,0.415,0.357,0.772,0.232,0.404,0.337,0.335,0.353,0.172,0.376,0.372,0.326,0.319,0.007,0.011,0.002,,,,,,,,,,,,,87.8,21.1,39.5,31,7.6,8.3,24.9,34.4,21.5,3.4,34.1,97.650887745,92.935303661,63.4,16.0,15.7,42.2,57.8,98,232,52.5,1478,79.5,7.1,84.0,136,849,47.5,1339,42.0,1182,21.6,38.4,467,1695,604,2817,43.9,30.7,25.4,410,54.3,30.0,123,35.9,147,26.8,110,7.3,30,,,,,,,,,,,-3.0,1.0,27.0,3.7,2.0,9.0,22.2,6.0,12.0,50.0,26.0,32.0,81.3,26.0,29.0,89.7,0.0,-0.5,-0.2,-0.7,31.4,,4.38,27.7
"Harrison, Josh",543281,2021,505,558,141,98,33,2,8,75,31,13.4,5.6,0.279,0.4,0.341,0.741,0.273,0.427,0.325,0.334,0.336,0.154,0.338,0.349,0.326,0.319,0.006,-0.027,-0.009,,,,,,,,,,,,,87.2,14.5,39.5,19,4.4,7.4,28.4,25.9,30.5,3.5,32.6,97.20370125,92.65377125,75.1,14.8,35.5,27.1,72.9,90,332,49.8,934,77.4,7.1,85.2,105,708,50.2,943,40.7,764,18.8,55.4,189,1109,520,1877,37.0,40.0,23.1,433,65.1,40.2,174,27.3,118,27.3,118,5.3,23,,,,,,,,,,,-3.0,0.0,4.0,0.0,0.0,0.0,,0.0,1.0,0.0,1.0,2.0,50.0,2.0,4.0,50.0,-0.6,-2.2,0.1,-2.8,30.1,,4.46,26.8
"Hosmer, Eric",543333,2021,509,565,137,97,28,0,12,99,48,17.5,8.5,0.269,0.395,0.337,0.732,0.264,0.408,0.319,0.327,0.333,0.144,0.35,0.36,0.333,0.328,0.005,-0.013,-0.008,,,,,,,,,,,,,90.5,3.3,26.6,24,5.8,6.1,27.4,15.0,39.2,5.8,47.0,102.446751471,95.653349314,67.0,14.6,31.8,38.2,61.8,142,372,53.1,1168,81.9,6.3,85.4,101,691,46.9,1032,42.5,934,22.9,48.3,271,1258,626,2200,26.4,42.9,30.8,413,61.4,56.2,232,14.8,61,23.2,96,5.8,24,,,,,,,,,,,,,,,,,,,,,,,,,,,,,,,,,4.53,26.0
"Semien, Marcus",543760,2021,652,724,173,87,39,2,45,146,66,20.2,9.1,0.265,0.538,0.334,0.872,0.243,0.464,0.368,0.336,0.316,0.221,0.429,0.385,0.34,0.313,0.022,0.074,0.032,,,,,,,,,,,,,89.7,20.3,35.2,50,9.8,8.3,22.4,33.4,23.6,1.8,41.3,99.347364664,93.999108178,69.7,14.4,21.3,44.3,55.7,140,316,50.8,1485,82.3,7.9,85.6,144,1002,49.2,1438,42.3,1237,21.5,45.1,352,1652,848,2923,47.0,33.6,19.4,509,59.5,31.0,158,36.7,187,23.2,118,9.0,46,,,,,,,,,,,,,,,,,,,,,,,,,,,,,,,,5.0,4.37,28.6
"Grichuk, Randal",545341,2021,511,545,123,75,25,1,22,114,27,20.9,5.0,0.241,0.423,0.281,0.704,0.23,0.406,0.3,0.297,0.274,0.175,0.356,0.352,0.307,0.298,0.011,0.017,0.003,,,,,,,,,,,,,89.8,16.1,30.4,34,8.5,6.2,19.0,30.9,30.9,3.5,41.1,101.265902714,94.873053501,73.7,13.0,32.4,44.8,55.2,150,335,51.7,1035,85.4,7.9,87.0,93,713,48.3,968,42.0,841,23.2,52.3,243,1107,593,2004,36.4,37.4,26.2,401,61.3,39.7,159,29.4,118,20.0,80,11.0,44,,,,,,,,,,,3.0,0.0,17.0,0.0,3.0,5.0,60.0,6.0,8.0,75.0,23.0,26.0,88.5,9.0,9.0,100.0,-1.5,-0.4,0.6,-1.3,31.4,,4.45,28.1
"Harper, Bryce",547180,2021,488,599,151,73,42,1,35,134,100,22.4,16.7,0.309,0.615,0.429,1.044,0.295,0.622,0.431,0.431,0.418,0.327,0.525,0.526,0.422,0.404,0.014,-0.007,0.0,,,,,,,,,,,,,92.5,13.3,38.9,65,18.1,8.3,23.9,18.9,25.8,5.0,49.7,104.095508409,96.641756068,75.3,24.6,24.8,50.3,49.7,165,328,55.1,1323,86.3,6.1,75.4,200,812,44.9,1078,39.7,952,32.0,47.5,387,1280,679,2401,36.4,35.3,28.3,360,56.1,41.9,151,26.4,95,27.2,98,4.4,16,,,,,,,,,,,-6.0,3.0,22.0,13.6,2.0,5.0,40.0,5.0,14.0,35.7,13.0,15.0,86.7,20.0,25.0,80.0,-0.5,-0.6,0.0,-1.1,31.7,,4.38,27.8
"Abreu, José",547989,2021,566,659,148,86,30,2,30,143,61,21.7,9.3,0.261,0.481,0.351,0.832,0.247,0.458,0.354,0.347,0.342,0.211,0.407,0.397,0.342,0.329,0.014,0.023,0.007,,,,,,,,,,,,,92.0,10.4,31.2,44,10.2,9.2,21.7,21.0,35.3,2.1,49.3,102.892077685,95.964420464,66.7,17.4,32.2,46.2,53.8,203,439,52.7,1365,70.8,7.8,82.6,142,816,47.3,1223,41.1,1063,27.7,48.4,220,1533,753,2606,35.1,41.3,23.6,433,62.3,47.3,205,25.6,111,21.7,94,5.3,23,,,,,,,,,,,,,,,,,,,,,,,,,,,,,,,,,4.62,26.5
"Suárez, Eugenio",553993,2021,505,574,100,46,23,0,31,171,56,29.8,9.8,0.198,0.428,0.286,0.714,0.21,0.453,0.306,0.323,0.297,0.244,0.387,0.415,0.295,0.314,-0.012,-0.025,-0.017,,,,,,,,,,,,,89.1,18.3,33.0,51,15.0,3.8,16.5,31.6,28.6,4.4,39.8,100.26923,94.340085339,64.3,18.7,23.3,56.7,43.3,166,293,52.6,1257,73.3,7.4,81.3,136,729,47.4,1134,42.2,1008,29.5,42.7,292,1362,694,2391,46.3,32.4,21.2,339,62.2,36.3,123,35.7,121,20.4,69,7.7,26,,,,,,,,,,,,,,,,,,,,,,,,,,,,,,,,,4.63,26.7
"Schoop, Jonathan",570731,2021,623,674,173,120,30,1,22,133,37,19.7,5.5,0.278,0.435,0.32,0.755,0.253,0.404,0.324,0.311,0.301,0.151,0.378,0.361,0.347,0.322,0.025,0.031,0.013,,,,,,,,,,,,,88.1,10.8,30.1,34,6.8,4.4,24.7,23.1,35.7,5.0,40.2,101.189261968,94.661372435,70.9,15.7,35.3,41.5,58.5,196,472,51.7,1339,80.3,6.9,84.3,139,886,48.3,1249,42.9,1110,24.7,52.5,292,1514,690,2588,35.9,39.0,25.1,498,59.1,48.4,241,20.3,101,21.7,108,9.6,48,,,,,,,,,,,,,,,,,,,,,,,,,,,,,,,,,4.58,27.0
"Arenado, Nolan",571448,2021,593,653,151,80,34,3,34,96,50,14.7,7.7,0.255,0.494,0.312,0.806,0.245,0.428,0.336,0.313,0.305,0.184,0.368,0.339,0.3,0.29,0.01,0.066,0.023,,,,,,,,,,,,,89.0,20.0,34.1,34,6.7,6.9,23.0,36.7,23.8,2.8,37.5,98.719642976,93.570965437,67.4,10.4,29.0,34.6,65.4,132,381,53.7,1312,63.5,6.4,89.6,79,762,46.3,1131,41.5,1015,18.5,46.8,199,1412,774,2443,45.8,33.3,20.8,504,58.9,31.3,158,32.7,165,24.8,125,11.1,56,,,,,,,,,,,,,,,,,,,,,,,,,,,,,,,,,4.78,25.5
"Farmer, Kyle",571657,2021,483,529,127,87,22,2,16,97,22,18.3,4.2,0.263,0.416,0.316,0.732,0.248,0.387,0.316,0.302,0.304,0.138,0.356,0.337,0.325,0.308,0.015,0.029,0.014,,,,,,,,,,,,,87.2,15.8,36.0,17,4.3,5.9,26.3,29.3,29.1,4.8,31.9,97.545416308,92.888295077,65.4,11.5,35.4,34.7,65.3,124,357,51.6,1008,68.5,6.5,88.5,71,619,48.4,947,43.0,841,20.0,49.9,200,1103,599,1955,35.5,39.5,25.0,392,62.5,40.8,160,25.5,100,25.3,99,8.4,33,,,,,,,,,,,,,,,,,,,,,,,,,,,,,,,,,4.51,27.0
"Haniger, Mitch",571745,2021,620,691,157,93,23,2,39,169,54,24.5,7.8,0.253,0.485,0.318,0.803,0.252,0.491,0.34,0.348,0.32,0.239,0.418,0.43,0.342,0.345,0.001,-0.006,-0.008,,,,,,,,,,,,,89.3,14.8,33.6,58,12.6,6.5,23.5,23.5,29.2,4.6,45.1,100.90811287,94.762439739,65.0,20.1,29.2,50.1,49.9,209,417,51.5,1428,72.4,7.3,79.9,176,876,48.5,1347,41.6,1154,29.8,46.6,422,1482,777,2775,44.7,35.5,19.8,459,62.3,43.1,198,29.2,134,19.6,90,8.1,37,,,,,,,,,,,-8.0,0.0,22.0,0.0,1.0,9.0,11.1,9.0,11.0,81.8,22.0,30.0,73.3,20.0,22.0,90.9,0.3,-0.1,0.1,0.2,32.6,1.0,4.54,27.2
"Hernández, Enrique",571771,2021,508,585,127,69,35,3,20,110,61,18.8,10.4,0.25,0.449,0.337,0.786,0.249,0.462,0.338,0.348,0.338,0.213,0.368,0.382,0.314,0.316,0.001,-0.013,-0.01,,,,,,,,,,,,,90.8,17.9,36.5,34,8.4,9.1,23.7,32.6,24.9,1.2,43.2,99.999080443,94.357513827,66.8,14.0,24.9,46.3,53.7,138,298,52.9,1198,79.2,7.0,86.0,100,713,47.1,1067,39.1,885,23.5,44.6,287,1342,566,2265,42.5,31.9,25.7,405,58.5,33.6,136,32.6,132,24.9,101,8.9,36,,,,,,,,,,,10.0,8.0,14.0,57.1,4.0,5.0,80.0,5.0,5.0,100.0,12.0,17.0,70.6,22.0,23.0,95.7,4.5,1.2,-2.4,3.3,36.9,,4.47,27.4
"Muncy, Max",571970,2021,497,592,124,60,26,2,36,120,83,20.3,14.0,0.249,0.527,0.368,0.895,0.266,0.584,0.379,0.406,0.383,0.318,0.424,0.467,0.328,0.35,-0.017,-0.057,-0.027,,,,,,,,,,,,,91.2,15.2,34.9,61,16.1,8.2,19.6,24.6,27.5,3.4,46.6,102.0590325,95.545324574,60.3,16.8,15.7,47.9,52.1,93,194,50.9,1239,75.3,7.1,83.2,121,721,49.1,1195,42.3,1029,23.4,37.6,391,1247,764,2434,38.9,39.4,21.7,378,54.1,38.6,146,33.1,125,22.8,86,5.6,21,,,,,,,,,,,,,,,,,,,,,,,,,,,,,,,,,4.44,26.7
"Seager, Kyle",572122,2021,603,670,128,63,29,1,35,161,59,24.0,8.8,0.212,0.438,0.285,0.723,0.216,0.459,0.308,0.32,0.29,0.243,0.366,0.384,0.287,0.294,-0.004,-0.021,-0.012,,,,,,,,,,,,,89.0,19.5,35.7,55,12.3,7.8,17.9,35.0,23.1,3.8,40.1,99.68216,94.062280564,72.3,20.5,29.2,50.0,50.0,197,394,52.8,1348,79.5,7.2,79.5,179,872,47.2,1206,42.9,1095,29.7,49.6,472,1224,795,2554,43.3,33.0,23.8,446,58.0,33.4,149,37.7,168,19.7,88,9.2,41,,,,,,,,,,,,,,,,,,,,,,,,,,,,,,,,,4.61,25.7
"Taylor, Michael A.",572191,2021,483,528,118,89,16,1,12,144,33,27.3,6.3,0.244,0.356,0.297,0.653,0.243,0.391,0.286,0.3,0.296,0.148,0.36,0.382,0.343,0.342,0.001,-0.035,-0.014,,,,,,,,,,,,,89.4,12.1,30.6,23,6.6,4.6,26.3,24.3,34.7,3.5,40.2,100.404271228,94.393365396,75.3,22.5,30.5,50.7,49.3,171,337,52.2,1104,83.9,7.6,77.5,171,760,47.8,1009,42.0,888,31.2,51.9,188,1267,604,2113,32.4,41.9,25.7,346,63.1,46.2,160,27.5,95,22.5,78,3.8,13,,,,,,,,,,,14.0,6.0,33.0,18.2,3.0,6.0,50.0,17.0,21.0,81.0,29.0,32.0,90.6,42.0,43.0,97.7,0.0,0.9,0.3,1.1,34.8,6.0,4.3,28.2
"Yastrzemski, Mike",573262,2021,468,532,105,49,28,3,25,131,51,24.6,9.6,0.224,0.457,0.311,0.768,0.216,0.432,0.326,0.316,0.304,0.216,0.39,0.376,0.309,0.299,0.008,0.025,0.01,,,,,,,,,,,,,89.5,19.4,33.1,35,10.3,7.6,20.2,33.4,24.6,3.2,39.3,99.157264671,93.794353174,67.9,18.8,23.0,40.9,59.1,97,237,49.0,1031,81.6,7.8,81.2,137,728,51.0,1072,42.7,897,24.2,45.9,276,1170,595,2103,46.3,33.1,20.5,341,58.6,34.3,117,35.8,122,22.0,75,7.9,27,,,,,,,,,,,3.0,1.0,17.0,5.9,2.0,4.0,50.0,11.0,13.0,84.6,20.0,23.0,87.0,19.0,21.0,90.5,0.2,1.1,0.5,1.7,34.4,1.0,4.39,27.4
"Iglesias, Jose",578428,2021,483,511,131,93,27,2,9,75,21,14.7,4.1,0.271,0.391,0.309,0.7,0.267,0.368,0.304,0.298,0.305,0.101,0.334,0.326,0.32,0.316,0.004,0.023,0.006,,,,,,,,,,,,,85.4,11.5,35.5,14,3.4,2.9,28.4,27.1,31.5,6.1,28.6,96.57281701,92.297143784,68.5,10.5,42.8,30.5,69.5,128,420,53.3,982,77.4,7.4,89.5,62,590,46.7,861,41.5,764,18.9,55.0,218,1063,509,1858,32.3,44.3,23.5,409,63.0,42.1,172,22.0,90,29.3,120,6.6,27,,,,,,,,,,,,,,,,,,,,,,,,,,,,,,,,2.0,4.21,28.2
"Bryant, Kris",592178,2021,513,586,136,77,32,2,25,135,62,23.0,10.6,0.265,0.481,0.353,0.834,0.255,0.456,0.356,0.347,0.345,0.2,0.423,0.408,0.358,0.346,0.01,0.025,0.009,,,,,,,,,,,,,88.2,15.1,37.1,39,10.3,6.1,25.5,27.1,26.1,5.0,40.0,99.222537,93.821051447,73.7,17.6,26.7,53.5,46.5,169,316,53.0,1184,82.1,7.0,82.4,136,772,47.0,1048,41.4,925,28.0,48.7,327,1214,634,2232,38.2,38.9,22.9,380,61.3,37.9,144,29.5,112,26.3,100,6.3,24,,,,,,,,,,,-3.0,1.0,14.0,7.1,0.0,3.0,0.0,3.0,6.0,50.0,6.0,8.0,75.0,12.0,13.0,92.3,0.0,-1.4,0.1,-1.4,30.9,,4.38,27.9
"Canha, Mark",592192,2021,519,625,120,77,22,4,17,128,77,20.5,12.3,0.231,0.387,0.358,0.745,0.227,0.381,0.333,0.332,0.355,0.154,0.344,0.343,0.305,0.3,0.004,0.006,0.001,,,,,,,,,,,,,87.3,13.5,36.1,28,7.1,5.9,23.7,26.7,31.8,4.8,35.4,97.938321269,93.004303181,61.4,15.3,20.7,38.8,61.2,109,281,51.3,1355,76.5,7.7,84.7,121,790,48.7,1287,42.6,1125,21.5,40.5,217,1543,760,2642,39.7,36.4,23.9,393,55.5,42.2,166,24.4,96,26.0,102,7.4,29,,,,,,,,,,,1.0,2.0,23.0,8.7,0.0,7.0,0.0,6.0,14.0,42.9,21.0,22.0,95.5,23.0,23.0,100.0,0.1,-0.8,0.1,-0.7,32.3,,4.41,27.8
"Castellanos, Nick",592206,2021,531,585,164,91,38,1,34,121,41,20.7,7.0,0.309,0.576,0.362,0.938,0.287,0.545,0.391,0.375,0.344,0.258,0.473,0.451,0.394,0.369,0.022,0.031,0.016,,,,,,,,,,,,,89.8,14.0,44.0,44,10.6,11.5,24.3,21.4,26.0,6.3,46.9,101.478243413,95.160421779,78.9,20.2,36.2,48.7,51.3,212,435,56.0,1201,88.4,6.9,79.8,150,743,44.0,942,41.3,884,30.7,55.0,329,1081,700,2143,39.2,35.8,25.0,416,61.3,38.0,158,29.1,121,29.3,122,3.6,15,,,,,,,,,,,-7.0,0.0,32.0,0.0,1.0,5.0,20.0,5.0,10.0,50.0,9.0,12.0,75.0,17.0,19.0,89.5,0.7,-1.6,-0.9,-1.8,30.9,,4.42,27.6
"Judge, Aaron",592450,2021,550,633,158,95,24,0,39,158,75,25.0,11.8,0.287,0.544,0.373,0.917,0.302,0.601,0.387,0.418,0.388,0.299,0.483,0.532,0.398,0.423,-0.015,-0.057,-0.031,,,,,,,,,,,,,95.8,11.6,38.5,70,17.6,9.1,23.7,17.6,29.5,1.8,58.4,107.090197563,98.864780584,66.1,20.2,23.7,49.3,50.7,171,347,55.6,1463,78.0,6.0,79.8,156,773,44.4,1170,43.1,1135,29.1,42.5,394,1372,795,2654,35.8,37.3,27.0,397,59.6,42.1,167,28.0,111,27.2,108,2.8,11,,,,,,,,,,,0.0,1.0,18.0,5.6,7.0,9.0,77.8,5.0,13.0,38.5,15.0,20.0,75.0,25.0,27.0,92.6,-1.0,-0.9,0.3,-1.6,30.6,1.0,4.65,27.7
"Machado, Manny",592518,2021,564,640,157,96,31,2,28,102,63,15.9,9.8,0.278,0.489,0.347,0.836,0.286,0.531,0.35,0.377,0.359,0.246,0.385,0.421,0.332,0.348,-0.008,-0.042,-0.027,,,,,,,,,,,,,93.1,14.0,33.8,63,13.3,7.0,24.1,24.7,27.9,2.7,52.2,104.861270593,97.161278811,70.2,14.1,28.9,41.5,58.5,144,347,53.7,1201,77.5,8.0,85.9,103,728,46.3,1037,41.2,921,23.0,48.0,250,1310,589,2238,38.3,40.0,21.8,473,61.5,39.5,187,25.4,120,26.4,125,8.7,41,,,,,,,,,,,,,,,,,,,,,,,,,,,,,,,,,4.51,26.5
"Realmuto, J.T.",592663,2021,476,537,125,79,25,4,17,129,48,24.0,8.9,0.263,0.439,0.343,0.782,0.248,0.421,0.336,0.329,0.331,0.173,0.404,0.393,0.358,0.34,0.015,0.018,0.007,,,,,,,,,,,,,89.6,11.5,31.2,30,8.6,6.0,26.6,22.9,32.1,3.7,44.7,101.300227486,94.997809341,69.9,21.4,30.7,38.6,61.4,129,334,52.0,1089,79.9,7.8,78.6,151,704,48.0,1007,42.9,899,27.0,49.5,204,1176,655,2096,31.5,35.8,32.7,349,62.5,46.7,163,24.4,85,23.2,81,5.7,20,16.0,1.84,1.85,1.82,1.0,1.43,1.43,,0.71,87.4,,,,,,,,,,,,,,,,,,,,,,4.0,4.28,28.8
"Renfroe, Hunter",592669,2021,521,572,135,71,33,0,31,130,44,22.7,7.7,0.259,0.501,0.315,0.816,0.253,0.508,0.344,0.352,0.313,0.255,0.417,0.429,0.34,0.338,0.006,-0.007,-0.008,,,,,,,,,,,,,90.1,15.6,32.7,57,14.4,6.3,18.6,27.5,29.5,3.3,44.3,102.674148889,95.514085899,66.7,18.8,31.8,39.3,60.7,145,369,53.0,1161,73.2,7.0,81.2,129,687,47.0,1030,41.2,902,25.9,48.2,244,1255,613,2191,41.8,31.7,26.4,397,66.6,38.5,153,27.0,107,22.9,91,11.6,46,,,,,,,,,,,-3.0,0.0,30.0,0.0,2.0,7.0,28.6,6.0,12.0,50.0,16.0,17.0,94.1,37.0,38.0,97.4,0.4,0.2,-0.4,0.2,32.6,,4.48,27.2
"Merrifield, Whit",593160,2021,664,720,184,129,42,3,10,103,40,14.3,5.6,0.277,0.395,0.317,0.712,0.26,0.391,0.306,0.304,0.304,0.131,0.332,0.329,0.321,0.305,0.017,0.004,0.002,,,,,,,,,,,,,86.9,14.1,40.0,20,3.5,7.2,27.1,27.2,31.8,3.3,28.8,96.198273099,92.10313669,71.3,14.0,29.0,28.6,71.4,109,381,50.4,1314,82.3,7.6,86.0,129,923,49.6,1294,42.4,1106,18.3,50.0,230,1532,767,2608,34.0,34.2,31.8,573,60.5,41.7,239,25.8,148,26.7,153,5.8,33,,,,,,,,,,,-1.0,0.0,2.0,0.0,0.0,1.0,0.0,1.0,1.0,100.0,2.0,3.0,66.7,3.0,4.0,75.0,-0.8,-0.4,0.7,-0.6,33.3,1.0,4.32,28.6
"Bogaerts, Xander",593428,2021,529,603,156,98,34,1,23,113,62,18.7,10.3,0.295,0.493,0.37,0.863,0.274,0.47,0.368,0.358,0.355,0.195,0.416,0.402,0.369,0.347,0.021,0.023,0.01,,,,,,,,,,,,,89.6,12.5,36.4,41,9.7,5.9,25.1,24.8,31.2,3.1,43.0,100.949849336,94.630657583,62.4,15.5,31.0,33.6,66.4,139,414,53.3,1334,73.7,6.8,84.5,113,731,46.7,1171,42.9,1074,22.0,45.7,328,1416,681,2505,41.6,35.0,23.4,423,58.1,40.2,170,23.9,101,28.8,122,7.1,30,,,,,,,,,,,,,,,,,,,,,,,,,,,,,,,,1.0,4.29,27.7
"Polanco, Jorge",593871,2021,588,644,158,88,35,2,33,118,45,18.3,7.0,0.269,0.503,0.323,0.826,0.261,0.489,0.349,0.346,0.318,0.227,0.4,0.395,0.332,0.326,0.008,0.014,0.003,,,,,,,,,,,,,89.4,19.3,36.1,48,10.1,5.9,22.9,33.2,22.7,5.0,37.4,99.644968803,94.059153897,70.5,11.9,29.7,37.2,62.8,141,379,51.3,1278,77.5,7.2,88.1,102,854,48.7,1211,43.4,1079,19.7,49.5,524,1356,574,2489,51.9,29.6,18.5,476,59.6,33.0,157,32.8,156,27.1,129,7.1,34,,,,,,,,,,,,,,,,,,,,,,,,,,,,,,,,8.0,4.23,27.9
"Sanó, Miguel",593934,2021,470,532,105,51,24,0,30,183,59,34.4,11.1,0.223,0.466,0.312,0.778,0.212,0.446,0.332,0.323,0.303,0.234,0.468,0.453,0.365,0.348,0.011,0.02,0.009,,,,,,,,,,,,,93.4,17.6,32.3,51,17.7,5.2,21.9,28.8,21.5,4.5,55.9,105.463960417,97.768462404,66.1,25.9,26.5,63.9,36.1,202,316,54.3,1191,81.0,6.2,74.1,172,664,45.7,1004,43.4,952,38.2,44.6,320,1147,666,2195,43.8,30.2,26.0,288,60.9,39.2,113,29.9,86,22.6,65,8.3,24,,,,,,,,,,,,,,,,,,,,,,,,,,,,,,,,,4.76,26.5
"Duvall, Adam",594807,2021,513,555,117,60,17,2,38,174,35,31.4,6.3,0.228,0.491,0.281,0.772,0.224,0.5,0.324,0.329,0.278,0.277,0.448,0.456,0.342,0.337,0.004,-0.009,-0.005,,,,,,,,,,,,,89.8,23.6,33.3,55,16.1,5.0,20.5,33.9,20.2,4.4,43.9,101.576989532,95.059923684,67.0,18.9,34.0,48.4,51.6,183,378,51.5,1111,67.9,7.4,81.1,133,702,48.5,1047,42.1,908,29.3,50.0,237,1223,638,2158,46.8,35.4,17.8,342,61.6,30.7,105,40.1,137,17.8,61,11.4,39,,,,,,,,,,,4.0,3.0,22.0,13.6,3.0,7.0,42.9,9.0,14.0,64.3,28.0,32.0,87.5,19.0,20.0,95.0,1.2,0.5,-0.8,1.0,34.1,,4.43,28.5
"Báez, Javier",595879,2021,502,547,133,82,18,2,31,184,28,33.6,5.1,0.265,0.494,0.319,0.813,0.231,0.447,0.344,0.318,0.29,0.216,0.498,0.454,0.414,0.365,0.034,0.047,0.026,,,,,,,,,,,,,90.1,10.6,32.7,43,13.4,7.2,20.9,18.4,35.5,4.4,45.2,102.100878994,95.40051456,75.8,29.3,44.6,53.1,46.9,296,557,60.5,1250,85.7,5.1,70.7,181,618,39.5,815,40.2,830,40.6,56.9,257,1117,652,2065,40.2,37.7,22.1,321,64.1,46.7,150,24.9,80,20.6,66,7.8,25,,,,,,,,,,,,,,,,,,,,,,,,,,,,,,,,2.0,4.32,28.5
"Lindor, Francisco",596019,2021,452,524,104,65,16,3,20,96,58,18.3,11.1,0.23,0.412,0.322,0.734,0.249,0.456,0.317,0.344,0.34,0.206,0.339,0.379,0.29,0.316,-0.019,-0.044,-0.027,,,,,,,,,,,,,90.7,14.4,35.6,30,8.2,7.7,21.6,27.7,29.3,5.2,44.1,100.654597006,94.782827712,70.8,16.6,26.2,39.1,60.9,113,289,52.6,1102,86.0,6.8,83.4,117,704,47.4,994,43.2,905,23.2,47.4,333,1188,552,2096,39.5,37.3,23.3,365,58.5,41.6,152,29.9,109,21.9,80,6.6,24,,,,,,,,,,,,,,,,,,,,,,,,,,,,,,,,1.0,4.37,27.8
"Story, Trevor",596115,2021,526,595,132,69,34,5,24,139,53,23.4,8.9,0.251,0.471,0.329,0.8,0.239,0.454,0.341,0.335,0.321,0.215,0.405,0.397,0.337,0.323,0.012,0.017,0.006,,,,,,,,,,,,,90.6,17.5,34.2,39,9.9,6.6,21.2,32.1,28.1,2.0,42.6,100.826442959,94.729589592,73.6,18.0,30.5,47.8,52.2,185,387,52.8,1269,81.5,7.2,82.0,150,834,47.2,1133,41.6,999,27.4,50.8,243,1387,681,2402,33.9,37.5,28.6,392,62.8,36.5,143,30.9,121,24.2,95,8.4,33,,,,,,,,,,,,,,,,,,,,,,,,,,,,,,,,17.0,4.31,28.6
"Candelario, Jeimer",600869,2021,557,626,151,90,42,3,16,135,65,21.6,10.4,0.271,0.443,0.351,0.794,0.273,0.464,0.344,0.355,0.353,0.192,0.398,0.415,0.358,0.36,-0.002,-0.021,-0.011,,,,,,,,,,,,,88.7,12.6,38.6,38,9.0,6.6,28.4,21.8,30.6,3.6,39.1,99.820428626,94.030826508,68.6,15.2,29.2,40.7,59.3,161,396,53.3,1358,76.8,6.4,84.8,124,816,46.7,1189,44.2,1127,23.5,47.6,464,1413,624,2547,40.8,35.8,23.5,422,61.0,40.8,172,25.6,108,28.9,122,4.7,20,,,,,,,,,,,,,,,,,,,,,,,,,,,,,,,,,4.51,27.2
"Bell, Josh",605137,2021,498,568,130,78,24,1,27,101,65,17.8,11.4,0.261,0.476,0.347,0.823,0.267,0.485,0.352,0.362,0.354,0.218,0.385,0.4,0.325,0.335,-0.006,-0.009,-0.01,,,,,,,,,,,,,92.5,4.9,28.5,35,8.8,6.8,24.8,15.8,41.5,2.3,52.0,103.31235455,96.348443033,74.1,16.3,23.8,44.7,55.3,126,282,54.4,1187,83.3,6.3,83.7,120,737,45.6,995,41.1,896,24.1,46.7,470,1175,507,2182,36.8,39.3,24.0,400,58.8,54.3,217,21.3,85,22.0,88,2.5,10,,,,,,,,,,,,,,,,,,,,,,,,,,,,,,,,,4.66,26.2
"Betts, Mookie",605141,2021,466,550,123,68,29,3,23,86,68,15.6,12.4,0.264,0.487,0.367,0.854,0.258,0.449,0.365,0.357,0.365,0.191,0.381,0.369,0.319,0.317,0.006,0.038,0.008,,,,,,,,,,,,,90.3,18.9,34.0,30,7.8,7.5,23.6,31.9,26.0,2.6,41.0,99.139157135,94.102277154,63.9,10.2,18.1,38.5,61.5,80,208,51.4,1147,73.1,8.2,89.8,71,693,48.6,1085,42.9,957,16.8,40.4,202,1303,679,2232,45.2,32.2,22.6,385,58.2,34.8,134,33.0,127,23.6,91,8.6,33,,,,,,,,,,,-1.0,3.0,20.0,15.0,3.0,6.0,50.0,6.0,12.0,50.0,16.0,19.0,84.2,16.0,17.0,94.1,0.4,0.0,-0.3,0.2,32.4,,4.45,27.2
"Tapia, Raimel",606132,2021,487,533,133,99,26,2,6,70,40,13.1,7.5,0.273,0.372,0.327,0.699,0.24,0.312,0.305,0.276,0.298,0.072,0.319,0.284,0.316,0.278,0.033,0.06,0.029,,,,,,,,,,,,,85.7,-4.4,19.9,9,2.1,1.4,20.4,13.7,55.9,5.9,31.5,96.953380048,92.476739258,69.0,8.8,33.0,27.4,72.6,88,321,49.3,973,71.1,7.7,91.2,61,690,50.7,1000,42.6,840,14.7,51.2,232,1260,437,1973,26.5,41.5,32.0,422,59.1,68.0,287,12.3,52,16.8,71,2.8,12,,,,,,,,,,,2.0,3.0,19.0,15.8,1.0,5.0,20.0,5.0,8.0,62.5,13.0,15.0,86.7,15.0,16.0,93.8,-0.7,0.2,0.1,-0.4,32.6,7.0,4.22,28.3
"Hernández, Teoscar",606192,2021,550,595,163,102,29,0,32,148,36,24.9,6.1,0.296,0.524,0.346,0.87,0.275,0.535,0.369,0.366,0.327,0.26,0.47,0.466,0.403,0.376,0.021,-0.011,0.003,,,,,,,,,,,,,91.8,13.1,37.4,56,13.9,7.7,24.3,23.3,27.2,2.7,49.0,103.3032702,96.169584775,75.8,20.6,30.7,56.3,43.7,210,373,53.1,1216,81.0,6.7,79.4,168,814,46.9,1074,41.0,940,31.8,51.8,233,1306,672,2290,40.6,33.4,26.0,404,63.3,39.4,159,27.5,111,27.7,112,5.4,22,,,,,,,,,,,0.0,2.0,29.0,6.9,3.0,6.0,50.0,8.0,12.0,66.7,10.0,13.0,76.9,20.0,22.0,90.9,0.1,-1.5,0.0,-1.3,30.3,12.0,4.34,28.5
"Turner, Trea",607208,2021,595,646,195,130,34,3,28,110,41,17.0,6.3,0.328,0.536,0.375,0.911,0.3,0.485,0.386,0.363,0.352,0.184,0.445,0.415,0.399,0.369,0.028,0.051,0.023,,,,,,,,,,,,,89.6,11.4,34.6,36,7.4,5.3,28.0,22.5,32.3,4.1,46.2,101.311622295,94.938968542,72.4,15.4,26.4,43.4,56.6,144,332,50.5,1256,78.5,8.4,84.6,137,891,49.5,1231,41.7,1036,23.0,49.2,289,1360,799,2487,36.6,37.6,25.6,489,66.7,45.6,223,23.5,115,24.5,120,6.3,31,,,,,,,,,,,,,,,,,,,,,,,,,,,,,,,,147.0,4.13,30.6
"Ramírez, José",608070,2021,552,636,147,74,32,5,36,87,72,13.7,11.3,0.266,0.538,0.355,0.893,0.277,0.511,0.372,0.375,0.368,0.235,0.393,0.397,0.313,0.329,-0.011,0.027,-0.003,,,,,,,,,,,,,90.0,18.2,33.4,52,11.1,4.9,22.8,31.9,25.3,3.4,42.4,100.831039528,94.777982232,64.5,8.9,23.9,29.3,70.7,99,338,53.0,1412,69.4,7.0,91.1,72,806,47.0,1250,42.7,1137,14.9,43.0,650,1388,593,2675,54.7,30.2,15.1,470,51.8,36.2,170,27.0,127,24.0,113,12.8,60,,,,,,,,,,,,,,,,,,,,,,,,,,,,,,,,4.0,4.34,28.1
"Gallo, Joey",608336,2021,498,616,99,47,13,1,38,213,111,34.6,18.0,0.199,0.458,0.351,0.809,0.195,0.461,0.348,0.351,0.348,0.266,0.473,0.478,0.346,0.341,0.004,-0.003,-0.003,,,,,,,,,,,,,91.5,22.7,29.4,53,18.5,3.8,16.1,31.5,22.7,6.6,45.8,103.455349562,96.100400474,64.4,30.6,19.0,64.1,35.9,166,259,52.7,1365,76.9,6.7,69.4,242,790,47.3,1226,42.3,1096,38.8,40.4,441,1437,630,2612,43.0,34.3,22.7,286,54.5,36.4,104,35.7,102,15.7,45,12.2,35,,,,,,,,,,,5.0,2.0,30.0,6.7,2.0,4.0,50.0,10.0,14.0,71.4,13.0,13.0,100.0,28.0,29.0,96.6,1.3,0.9,-0.6,1.6,33.7,,4.53,27.4
"Swanson, Dansby",621020,2021,588,653,146,84,33,2,27,167,52,25.6,8.0,0.248,0.449,0.311,0.76,0.244,0.453,0.322,0.329,0.31,0.209,0.402,0.413,0.341,0.34,0.004,-0.004,-0.007,,,,,,,,,,,,,89.3,14.1,36.8,49,11.4,6.1,22.8,27.0,28.4,4.2,42.7,99.888272056,94.152698735,72.4,24.4,24.1,48.2,51.8,151,313,50.3,1298,82.7,7.6,75.6,226,927,49.7,1280,42.6,1099,30.4,48.1,289,1386,818,2578,40.3,35.4,24.2,429,61.6,40.1,172,28.9,124,24.5,105,6.5,28,,,,,,,,,,,,,,,,,,,,,,,,,,,,,,,,4.0,4.31,28.3
"Newman, Kevin",621028,2021,517,554,117,87,22,3,5,41,27,7.4,4.9,0.226,0.309,0.265,0.574,0.254,0.338,0.249,0.278,0.292,0.083,0.247,0.281,0.244,0.276,-0.028,-0.029,-0.029,,,,,,,,,,,,,85.3,9.9,32.0,8,1.6,3.5,23.1,28.9,35.5,7.4,26.0,95.837500212,91.93298839,63.3,6.7,26.5,25.1,74.9,64,255,50.0,963,69.5,8.7,93.3,41,610,50.0,963,41.1,792,12.1,44.9,177,1145,571,1926,31.8,42.9,25.4,485,60.9,45.8,222,21.4,104,25.2,122,7.6,37,,,,,,,,,,,,,,,,,,,,,,,,,,,,,,,,,4.35,28.4
"Taylor, Chris",621035,2021,507,582,129,80,25,4,20,167,63,28.7,10.8,0.254,0.438,0.344,0.782,0.233,0.428,0.338,0.329,0.326,0.195,0.431,0.416,0.376,0.345,0.021,0.01,0.009,,,,,,,,,,,,,88.2,17.4,38.1,35,10.2,6.4,23.8,28.2,26.2,5.2,38.1,99.754756176,93.990311298,69.3,25.9,20.8,56.4,43.6,137,243,48.9,1166,83.2,8.0,74.1,219,844,51.1,1218,43.5,1037,32.8,45.6,256,1385,699,2384,42.2,35.5,22.4,344,62.3,36.9,127,32.3,111,24.7,85,6.1,21,,,,,,,,,,,0.0,1.0,10.0,10.0,2.0,5.0,40.0,3.0,4.0,75.0,8.0,10.0,80.0,13.0,14.0,92.9,-0.7,-0.1,0.2,-0.6,32.2,1.0,4.34,28.8
"Correa, Carlos",621043,2021,555,640,155,94,34,1,26,116,75,18.1,11.7,0.279,0.485,0.366,0.851,0.286,0.484,0.364,0.37,0.372,0.197,0.401,0.41,0.348,0.358,-0.007,0.001,-0.006,,,,,,,,,,,,,90.2,12.1,33.5,42,9.4,7.4,27.0,22.5,29.9,3.8,42.7,101.559240852,95.042767326,62.0,12.6,24.1,40.2,59.8,133,331,52.6,1372,72.7,7.4,87.4,97,767,47.4,1238,41.7,1089,20.9,42.1,317,1517,702,2610,33.5,38.2,28.3,445,57.7,42.5,189,23.4,104,26.1,116,8.1,36,,,,,,,,,,,,,,,,,,,,,,,,,,,,,,,,,4.53,27.0
"Olson, Matt",621566,2021,565,673,153,79,35,0,39,113,88,16.8,13.1,0.271,0.54,0.371,0.911,0.258,0.513,0.379,0.378,0.368,0.255,0.413,0.412,0.33,0.325,0.013,0.027,0.001,,,,,,,,,,,,,91.6,16.2,32.4,59,12.7,7.8,19.7,28.5,27.4,3.9,48.8,102.889106926,95.968662554,72.2,18.2,23.7,36.8,63.2,125,340,51.8,1437,83.7,7.5,81.8,176,965,48.2,1337,41.3,1145,23.1,47.0,350,1599,721,2774,39.5,33.7,26.8,463,54.4,40.4,187,30.2,140,19.7,91,9.7,45,,,,,,,,,,,,,,,,,,,,,,,,,,,,,,,,,4.65,25.9
"Alonso, Pete",624413,2021,561,637,147,80,27,3,37,127,60,19.9,9.4,0.262,0.519,0.344,0.863,0.264,0.547,0.363,0.376,0.347,0.282,0.417,0.437,0.336,0.34,-0.002,-0.028,-0.013,,,,,,,,,,,,,91.0,14.7,34.5,65,14.8,8.2,20.1,24.4,27.9,4.3,47.3,103.709055662,96.163804165,70.9,16.6,30.8,41.2,58.8,157,381,53.8,1237,85.4,6.9,83.4,125,752,46.2,1061,42.6,980,24.9,49.3,289,1396,577,2298,38.4,35.2,26.5,438,59.1,39.0,171,30.8,135,22.8,100,7.3,32,,,,,,,,,,,,,,,,,,,,,,,,,,,,,,,,,4.59,26.0
"Frazier, Adam",624428,2021,577,639,176,130,36,5,5,69,48,10.8,7.5,0.305,0.411,0.368,0.779,0.286,0.377,0.341,0.325,0.351,0.091,0.347,0.328,0.346,0.325,0.019,0.034,0.016,,,,,,,,,,,,,85.4,12.6,38.9,5,1.0,4.7,33.2,25.6,31.4,3.7,25.2,94.770636087,91.395336317,67.9,7.7,26.1,25.5,74.5,76,298,48.6,1142,75.6,7.7,92.3,63,822,51.4,1210,41.4,974,12.4,47.6,303,1411,592,2352,35.5,33.0,31.4,512,62.7,42.4,217,20.3,104,31.3,160,6.1,31,,,,,,,,,,,,,,,,,,,,,,,,,,,,,,,,,4.41,27.1
"Soler, Jorge",624585,2021,516,602,115,61,27,0,27,142,67,23.6,11.1,0.223,0.432,0.316,0.748,0.246,0.499,0.323,0.359,0.338,0.253,0.373,0.429,0.303,0.337,-0.023,-0.067,-0.036,,,,,,,,,,,,,91.2,15.7,30.9,48,12.7,7.4,20.8,26.9,29.3,2.6,47.0,103.589178942,96.139729418,70.1,18.6,23.0,57.2,42.8,170,297,53.6,1294,82.1,7.2,81.3,146,784,46.4,1119,40.3,973,29.2,44.8,270,1233,812,2413,50.7,29.0,20.1,379,58.6,41.4,157,29.6,112,20.1,76,8.7,33,,,,,,,,,,,-6.0,0.0,19.0,0.0,0.0,5.0,0.0,0.0,6.0,0.0,11.0,14.0,78.6,10.0,11.0,90.9,-0.9,-2.0,0.2,-2.8,29.7,,4.67,26.9
"Cronenworth, Jake",630105,2021,567,643,151,90,33,7,21,90,55,14.0,8.6,0.266,0.46,0.34,0.8,0.271,0.449,0.341,0.344,0.347,0.177,0.361,0.365,0.315,0.323,-0.005,0.011,-0.003,,,,,,,,,,,,,88.6,12.5,35.8,35,7.2,3.9,25.5,26.9,31.9,3.7,35.0,98.727004664,93.509905895,62.5,7.3,23.5,31.0,69.0,88,284,49.6,1208,71.6,7.2,92.7,56,767,50.4,1227,43.7,1065,13.7,43.2,361,1588,452,2435,32.9,38.3,28.8,483,60.6,43.1,208,23.6,114,26.1,126,7.2,35,,,,,,,,,,,,,,,,,,,,,,,,,,,,,,,,5.0,4.26,28.5
"Meadows, Austin",640457,2021,518,591,121,62,29,3,27,122,59,20.6,10.0,0.234,0.458,0.315,0.773,0.234,0.427,0.327,0.325,0.319,0.193,0.37,0.367,0.3,0.306,0.0,0.031,0.002,,,,,,,,,,,,,89.3,21.7,36.1,35,8.7,7.9,22.5,37.1,20.8,2.5,37.9,99.236473035,93.763605871,70.9,16.3,25.1,44.6,55.4,140,314,52.9,1252,81.7,6.9,83.7,129,790,47.1,1114,42.6,1007,24.4,46.7,372,1390,563,2366,40.3,34.2,25.5,404,59.0,28.7,116,36.9,149,23.8,96,10.6,43,,,,,,,,,,,-3.0,1.0,11.0,9.1,0.0,2.0,0.0,0.0,6.0,0.0,12.0,13.0,92.3,16.0,17.0,94.1,-0.8,0.2,-0.2,-0.9,32.1,,4.4,27.5
"Anderson, Tim",641313,2021,527,551,163,115,29,2,17,119,22,21.6,4.0,0.309,0.469,0.338,0.807,0.272,0.443,0.345,0.322,0.302,0.172,0.426,0.397,0.399,0.352,0.037,0.026,0.023,,,,,,,,,,,,,89.6,4.3,32.5,32,7.8,5.9,27.1,12.7,40.1,4.6,42.3,100.468994726,94.526930721,79.1,17.8,36.9,43.2,56.8,161,373,50.6,1011,84.3,8.6,82.2,139,780,49.4,986,42.1,840,25.9,57.8,196,1128,615,2010,31.1,41.6,27.4,409,64.9,56.0,229,19.3,79,23.0,94,1.7,7,,,,,,,,,,,,,,,,,,,,,,,,,,,,,,,,32.0,4.3,28.2
"Crawford, J.P.",641487,2021,619,687,169,123,37,0,9,114,58,16.6,8.4,0.273,0.376,0.338,0.714,0.256,0.343,0.314,0.3,0.324,0.087,0.338,0.319,0.332,0.313,0.017,0.033,0.014,,,,,,,,,,,,,86.3,9.8,34.3,12,2.4,3.7,29.0,23.3,36.7,4.5,30.6,97.337774462,92.671236474,64.0,10.1,21.7,33.5,66.5,95,284,46.8,1306,74.7,8.9,89.9,96,951,53.2,1485,42.4,1184,15.5,44.2,347,1767,611,2791,30.4,41.2,28.4,510,59.9,46.7,238,17.8,91,28.6,146,6.9,35,,,,,,,,,,,,,,,,,,,,,,,,,,,,,,,,,4.41,27.5
"Dozier, Hunter",641531,2021,487,543,105,56,27,6,16,154,43,28.4,7.9,0.216,0.394,0.285,0.679,0.219,0.39,0.293,0.298,0.291,0.171,0.367,0.375,0.31,0.319,-0.003,0.004,-0.005,,,,,,,,,,,,,89.9,15.8,33.0,30,8.8,9.1,22.4,28.3,28.3,2.9,42.2,100.920294588,94.659477906,70.4,18.3,29.8,61.7,38.3,203,329,53.2,1105,79.9,6.9,81.7,125,684,46.8,971,41.3,858,32.4,48.8,231,1045,714,2076,37.5,41.3,21.2,339,62.1,38.3,130,27.7,94,24.8,84,9.1,31,,,,,,,,,,,-10.0,0.0,9.0,0.0,1.0,4.0,25.0,3.0,12.0,25.0,8.0,12.0,66.7,8.0,10.0,80.0,-1.2,-2.2,-0.3,-3.7,29.2,,4.44,28.2
"Mancini, Trey",641820,2021,556,616,142,87,33,1,21,143,51,23.2,8.3,0.255,0.432,0.326,0.758,0.261,0.455,0.326,0.34,0.332,0.194,0.389,0.41,0.343,0.352,-0.006,-0.023,-0.014,,,,,,,,,,,,,88.9,9.7,36.0,43,10.4,8.0,25.1,17.6,33.1,5.6,42.0,101.505868937,94.869304891,65.8,21.8,30.8,44.0,56.0,179,407,53.6,1323,76.3,7.2,78.2,164,753,46.4,1145,42.2,1042,29.6,47.0,322,1343,698,2468,33.6,38.2,28.3,414,56.8,49.0,203,22.7,94,23.2,96,5.1,21,,,,,,,,,,,,,,,,,,,,,,,,,,,,,,,,,4.65,26.5
"McMahon, Ryan",641857,2021,528,596,134,78,32,1,23,147,59,24.7,9.9,0.254,0.449,0.331,0.78,0.239,0.434,0.334,0.326,0.32,0.195,0.404,0.393,0.347,0.33,0.015,0.015,0.008,,,,,,,,,,,,,90.5,14.3,40.2,28,7.3,9.8,24.1,26.2,29.8,2.3,43.5,100.810510524,94.736908351,73.2,22.0,24.4,50.9,49.1,148,291,50.0,1194,84.7,7.9,78.0,192,874,50.0,1194,42.7,1020,29.2,48.8,375,1385,575,2388,28.2,39.4,32.4,386,65.3,39.4,152,28.0,108,27.7,107,4.9,19,,,,,,,,,,,,,,,,,,,,,,,,,,,,,,,,,4.58,26.2
"O'Neill, Tyler",641933,2021,482,537,138,76,26,2,34,168,38,31.3,7.1,0.286,0.56,0.352,0.912,0.271,0.577,0.384,0.387,0.339,0.307,0.536,0.541,0.434,0.413,0.015,-0.017,-0.003,,,,,,,,,,,,,93.0,17.8,39.9,57,17.9,7.2,23.6,25.2,22.0,4.1,52.2,104.172238365,97.016212516,73.8,26.1,27.6,55.9,44.1,166,297,52.0,1077,82.3,7.1,73.9,191,733,48.0,993,41.9,868,34.7,49.8,186,1136,695,2070,36.2,36.8,27.0,318,60.9,36.2,115,31.4,100,24.8,79,7.5,24,,,,,,,,,,,5.0,2.0,17.0,11.8,5.0,7.0,71.4,10.0,12.0,83.3,15.0,18.0,83.3,19.0,22.0,86.4,-0.8,0.0,0.8,-0.1,32.2,38.0,4.23,29.6
"Rosario, Amed",642708,2021,550,588,155,113,25,6,11,120,31,20.4,5.3,0.282,0.409,0.321,0.73,0.266,0.374,0.315,0.302,0.309,0.108,0.373,0.355,0.357,0.34,0.016,0.035,0.013,,,,,,,,,,,,,88.8,5.5,32.0,12,2.8,4.6,28.8,18.9,41.7,2.3,43.5,100.03613414,94.229745093,64.0,15.8,34.6,41.2,58.8,156,379,51.1,1095,67.7,7.8,84.2,106,669,48.9,1046,40.8,874,24.8,48.9,252,1211,636,2156,27.9,41.9,30.2,434,62.2,51.4,223,18.9,82,25.1,109,4.6,20,,,,,,,,,,,-1.0,0.0,2.0,0.0,0.0,1.0,0.0,1.0,1.0,100.0,2.0,2.0,100.0,3.0,3.0,100.0,-0.3,0.7,0.1,0.5,34.5,67.0,4.2,29.5
"Adames, Willy",642715,2021,497,555,130,72,32,1,25,156,57,28.1,10.3,0.262,0.481,0.337,0.818,0.232,0.44,0.349,0.324,0.31,0.209,0.453,0.411,0.38,0.337,0.03,0.041,0.025,,,,,,,,,,,,,89.5,16.8,35.1,39,11.4,7.6,23.1,28.9,24.9,4.1,44.7,100.71382731,94.667554152,72.2,24.3,27.5,52.5,47.5,168,320,52.3,1162,85.4,7.4,75.7,186,765,47.7,1059,41.6,924,32.6,48.9,296,1265,612,2221,42.1,34.8,23.1,342,61.2,37.1,127,36.0,123,21.6,74,5.3,18,,,,,,,,,,,,,,,,,,,,,,,,,,,,,,,,,4.39,28.0
"Benintendi, Andrew",643217,2021,493,538,136,90,27,2,17,97,36,18.0,6.7,0.276,0.442,0.324,0.766,0.256,0.46,0.328,0.331,0.309,0.204,0.373,0.377,0.338,0.318,0.02,-0.018,-0.003,,,,,,,,,,,,,89.6,15.4,38.5,36,8.9,6.7,25.8,29.0,26.3,3.2,43.2,98.80441545,93.810618421,73.9,18.9,30.1,32.0,68.0,96,300,48.8,997,87.1,8.0,81.1,146,774,51.2,1048,42.9,878,22.5,52.5,318,1214,442,2045,36.0,39.7,24.3,403,60.0,39.5,159,34.5,139,21.8,88,4.2,17,,,,,,,,,,,0.0,0.0,26.0,0.0,2.0,2.0,100.0,9.0,14.0,64.3,20.0,25.0,80.0,22.0,24.0,91.7,-0.5,-0.2,0.3,-0.4,32.0,,4.39,27.6
"Kiner-Falefa, Isiah",643396,2021,635,677,172,136,25,3,8,90,28,13.3,4.1,0.271,0.357,0.312,0.669,0.265,0.351,0.293,0.292,0.307,0.087,0.313,0.313,0.314,0.308,0.006,0.006,0.001,,,,,,,,,,,,,85.5,5.4,31.6,10,1.8,3.5,27.9,19.5,41.2,5.8,28.8,96.328326447,92.167027033,62.6,6.9,30.7,29.9,70.1,111,371,50.4,1207,62.3,7.0,93.1,51,744,49.6,1189,42.9,1028,14.5,46.5,263,1431,630,2396,31.6,38.5,29.9,548,60.6,54.4,298,15.5,85,25.9,142,4.2,23,,,,,,,,,,,,,,,,,,,,,,,,,,,,,,,,,4.3,28.0
"Albies, Ozzie",645277,2021,629,686,163,86,40,7,30,128,47,18.7,6.9,0.259,0.488,0.31,0.798,0.25,0.461,0.336,0.327,0.303,0.211,0.387,0.375,0.321,0.311,0.009,0.027,0.009,,,,,,,,,,,,,89.6,21.1,37.0,47,9.3,7.3,22.8,35.4,22.2,2.6,37.2,98.68556664,93.56121501,82.4,20.1,34.1,35.2,64.8,166,471,53.0,1381,96.3,6.2,79.9,203,1011,47.0,1227,42.2,1100,24.9,56.8,430,1431,700,2608,42.5,31.9,25.6,508,61.2,31.5,160,38.0,193,22.8,116,7.7,39,,,,,,,,,,,,,,,,,,,,,,,,,,,,,,,,21.0,4.1,28.4
"Devers, Rafael",646240,2021,591,664,165,89,37,1,38,143,62,21.5,9.3,0.279,0.538,0.352,0.89,0.285,0.565,0.373,0.391,0.36,0.281,0.447,0.473,0.365,0.376,-0.006,-0.027,-0.018,,,,,,,,,,,,,92.9,13.1,35.2,68,15.0,7.3,22.6,21.7,30.3,2.9,51.8,104.101831156,96.761008486,77.7,22.7,32.4,38.3,61.7,165,431,53.2,1331,87.9,6.9,77.3,207,910,46.8,1171,42.9,1073,27.7,53.6,294,1654,478,2502,33.0,42.5,24.6,452,63.1,42.3,191,26.3,119,23.9,108,7.5,34,,,,,,,,,,,,,,,,,,,,,,,,,,,,,,,,,4.35,27.1
"Urías, Luis",649966,2021,490,570,122,73,25,1,23,116,63,20.4,11.1,0.249,0.445,0.345,0.79,0.233,0.423,0.34,0.33,0.332,0.19,0.379,0.363,0.324,0.304,0.016,0.022,0.01,,,,,,,,,,,,,87.9,14.2,34.9,35,9.3,7.4,20.6,25.7,31.0,6.1,40.5,99.110538783,93.797357825,67.9,18.1,25.3,35.4,64.6,103,291,50.6,1152,77.1,7.7,81.9,138,764,49.4,1126,44.2,1007,22.8,46.3,252,1371,603,2278,42.1,36.8,21.2,378,60.3,41.8,158,26.2,99,21.2,80,10.8,41,,,,,,,,,,,,,,,,,,,,,,,,,,,,,,,,,4.63,26.5
"Torres, Gleyber",650402,2021,459,516,119,88,22,0,9,104,50,20.2,9.7,0.259,0.366,0.331,0.697,0.259,0.425,0.307,0.33,0.331,0.166,0.342,0.376,0.331,0.332,0.0,-0.059,-0.023,,,,,,,,,,,,,87.1,14.2,37.1,28,7.8,5.8,27.7,24.7,29.4,4.4,35.7,98.748265196,93.463817961,70.8,20.8,22.7,43.2,56.8,102,236,50.1,1041,84.0,7.2,79.2,153,734,49.9,1037,43.0,893,26.3,46.7,259,1193,588,2078,34.3,39.1,26.6,361,57.5,41.8,151,26.3,95,25.8,93,6.1,22,,,,,,,,,,,,,,,,,,,,,,,,,,,,,,,,,4.51,27.0
"Díaz, Yandy",650490,2021,465,541,119,85,20,1,13,85,69,15.7,12.8,0.256,0.387,0.353,0.74,0.251,0.401,0.325,0.333,0.35,0.151,0.331,0.343,0.31,0.306,0.005,-0.014,-0.008,,,,,,,,,,,,,89.9,6.6,28.9,27,7.0,5.2,21.6,21.6,40.6,3.9,40.6,101.639064531,95.019968229,67.0,13.8,18.9,38.1,61.9,74,194,50.6,1028,79.9,6.6,86.2,93,672,49.4,1003,43.7,887,19.3,42.6,218,1316,446,2031,31.3,41.1,27.6,384,56.6,52.1,200,22.7,87,19.5,75,5.7,22,,,,,,,,,,,,,,,,,,,,,,,,,,,,,,,,,4.58,26.6
"Chapman, Matt",656305,2021,529,622,111,66,15,3,27,202,80,32.5,12.9,0.21,0.403,0.314,0.717,0.204,0.421,0.311,0.318,0.31,0.217,0.403,0.416,0.33,0.324,0.006,-0.018,-0.007,,,,,,,,,,,,,89.7,18.6,32.1,46,13.7,4.8,16.7,35.4,25.6,3.6,41.7,101.114826012,94.75382,66.5,27.6,22.9,47.6,52.4,146,307,50.1,1341,84.4,7.9,72.4,245,887,49.9,1334,42.9,1147,32.7,44.6,244,1700,639,2675,37.8,39.9,22.3,336,59.8,33.6,113,37.8,127,18.8,63,9.8,33,,,,,,,,,,,,,,,,,,,,,,,,,,,,,,,,1.0,4.44,28.1
"Mullins, Cedric",656775,2021,602,675,175,103,37,5,30,125,59,18.5,8.7,0.291,0.518,0.36,0.878,0.268,0.445,0.372,0.342,0.34,0.177,0.425,0.384,0.364,0.337,0.023,0.073,0.03,,,,,,,,,,,,,89.4,14.8,35.7,39,8.1,4.1,26.3,27.2,29.0,5.2,39.4,99.369452076,93.977727373,64.8,15.2,27.7,34.0,66.0,122,359,50.0,1295,79.5,7.9,84.8,127,838,50.0,1293,43.0,1112,20.8,46.3,330,1575,614,2588,41.7,33.2,25.1,482,59.2,40.7,196,27.8,134,23.9,115,7.7,37,,,,,,,,,,,11.0,3.0,38.0,7.9,4.0,6.0,66.7,12.0,14.0,85.7,26.0,29.0,89.7,27.0,28.0,96.4,-0.6,1.2,0.7,1.2,34.8,19.0,4.17,28.5
"Smith, Pavin",656976,2021,498,545,133,91,27,4,11,106,42,19.4,7.7,0.267,0.404,0.328,0.732,0.251,0.404,0.318,0.315,0.315,0.153,0.361,0.356,0.338,0.319,0.016,0.0,0.003,,,,,,,,,,,,,87.2,9.0,33.6,20,5.1,8.4,24.4,20.6,34.1,7.4,42.7,100.06822449,94.188626913,59.5,9.3,23.8,38.3,61.7,92,240,48.6,1008,78.0,7.9,90.7,59,635,51.4,1068,44.6,926,17.3,42.1,284,1174,586,2076,34.4,40.2,25.4,393,61.3,47.8,188,22.4,88,23.4,92,6.4,25,,,,,,,,,,,-4.0,0.0,11.0,0.0,0.0,6.0,0.0,7.0,13.0,53.8,9.0,12.0,75.0,21.0,23.0,91.3,-0.6,-1.3,0.6,-1.3,31.3,,4.48,26.5
"Verdugo, Alex",657077,2021,544,604,157,110,32,2,13,96,51,15.9,8.4,0.289,0.426,0.351,0.777,0.28,0.449,0.334,0.342,0.343,0.169,0.366,0.376,0.347,0.337,0.009,-0.023,-0.008,,,,,,,,,,,,,90.0,7.7,34.9,33,7.3,5.3,27.6,19.9,36.0,4.0,43.3,100.363833673,94.50134427,62.3,11.3,26.4,33.6,66.4,102,304,49.0,1150,76.2,7.3,88.7,84,745,51.0,1196,44.0,1033,17.7,44.7,427,1403,456,2346,33.1,40.4,26.5,453,57.1,50.3,228,21.0,95,24.3,110,4.4,20,,,,,,,,,,,-5.0,0.0,25.0,0.0,3.0,7.0,42.9,6.0,11.0,54.5,18.0,21.0,85.7,19.0,22.0,86.4,0.5,-0.4,-0.9,-0.7,31.5,,4.32,27.0
"Moncada, Yoán",660162,2021,520,616,137,89,33,1,14,157,84,25.5,13.6,0.263,0.412,0.375,0.787,0.256,0.428,0.347,0.352,0.369,0.172,0.408,0.416,0.375,0.366,0.007,-0.016,-0.005,,,,,,,,,,,,,90.1,11.3,40.0,30,8.2,6.3,28.5,20.5,32.6,2.5,41.2,100.949227444,94.870101083,63.6,19.0,23.6,50.3,49.7,161,320,52.5,1356,73.0,6.9,81.0,148,779,47.5,1225,44.7,1153,28.1,42.6,443,1580,527,2596,35.6,37.5,26.8,365,55.6,44.1,161,20.3,74,31.0,113,4.7,17,,,,,,,,,,,,,,,,,,,,,,,,,,,,,,,,9.0,4.32,27.8
"Ohtani, Shohei",660271,2021,537,639,138,58,26,8,46,189,96,29.6,15.0,0.257,0.592,0.372,0.964,0.262,0.622,0.393,0.41,0.378,0.36,0.537,0.569,0.394,0.405,-0.005,-0.03,-0.017,,,,,,,,,,,,,93.6,16.6,35.4,78,22.3,6.6,20.0,21.7,24.9,3.4,53.6,105.900177151,97.802022297,69.7,26.9,27.3,51.5,48.5,203,394,56.2,1444,86.4,6.6,73.1,211,785,43.8,1126,42.0,1079,35.1,45.8,487,1304,679,2594,46.6,30.6,22.9,350,57.9,39.7,139,34.6,121,20.9,73,4.9,17,,,,,,,,,,,,,,,,,,,,,,,,,,,,,,,,7.0,4.09,28.8
"Riley, Austin",663586,2021,590,662,179,112,33,1,33,168,52,25.4,7.9,0.303,0.531,0.367,0.898,0.275,0.514,0.379,0.365,0.343,0.239,0.482,0.461,0.416,0.38,0.028,0.017,0.014,,,,,,,,,,,,,90.1,14.2,36.5,57,13.3,8.6,24.2,22.3,25.8,5.1,45.6,102.871134252,95.650249087,72.2,21.1,31.1,42.7,57.3,185,433,53.6,1392,82.2,7.6,78.9,183,869,46.4,1203,43.2,1122,28.3,50.2,267,1499,756,2595,39.5,36.7,23.7,430,63.5,38.8,167,24.9,107,28.6,123,7.7,33,,,,,,,,,,,,,,,,,,,,,,,,,,,,,,,,,4.49,27.8
"Mountcastle, Ryan",663624,2021,534,586,136,79,23,1,33,161,41,27.5,7.0,0.255,0.487,0.309,0.796,0.241,0.457,0.335,0.325,0.299,0.217,0.436,0.421,0.358,0.343,0.014,0.03,0.01,,,,,,,,,,,,,89.1,16.3,38.9,45,11.8,6.1,22.6,30.0,26.1,3.4,39.7,100.499725842,94.394270947,76.0,22.8,38.2,46.0,54.0,222,483,55.2,1266,89.1,6.4,77.2,178,782,44.8,1029,41.7,956,31.6,55.1,272,1257,680,2295,38.7,32.9,28.4,380,66.2,35.5,135,33.9,129,24.7,94,5.8,22,,,,,,,,,,,-6.0,0.0,2.0,0.0,0.0,1.0,0.0,1.0,4.0,25.0,0.0,2.0,0.0,1.0,2.0,50.0,-1.2,-0.3,-0.1,-1.6,29.5,,4.44,28.0
"Tucker, Kyle",663656,2021,506,567,149,79,37,3,30,90,53,15.9,9.3,0.294,0.557,0.359,0.916,0.296,0.577,0.383,0.394,0.362,0.281,0.428,0.443,0.354,0.358,-0.002,-0.02,-0.011,,,,,,,,,,,,,91.4,17.6,42.0,49,11.6,11.6,24.5,26.6,22.8,2.9,47.5,100.838759238,95.0535942,80.9,14.4,26.4,37.1,62.9,111,299,52.0,1134,94.6,6.8,85.6,122,846,48.0,1046,42.7,930,20.3,52.5,362,1205,508,2180,34.9,40.9,24.2,421,58.6,34.0,143,33.5,141,27.1,114,5.5,23,,,,,,,,,,,3.0,2.0,21.0,9.5,4.0,6.0,66.7,8.0,13.0,61.5,18.0,20.0,90.0,28.0,28.0,100.0,0.6,0.2,-0.1,0.8,33.0,,4.42,27.4
"India, Jonathan",663697,2021,532,631,143,86,34,2,21,141,71,22.3,11.3,0.269,0.459,0.376,0.835,0.25,0.441,0.363,0.352,0.361,0.191,0.413,0.397,0.362,0.337,0.019,0.018,0.011,,,,,,,,,,,,,87.6,13.1,33.6,38,9.6,5.1,27.3,21.7,30.1,6.3,38.6,99.492120758,93.903783494,56.9,17.3,21.9,44.4,55.6,132,297,51.3,1355,68.4,7.3,82.7,127,733,48.7,1288,42.9,1135,25.1,39.0,303,1495,785,2643,48.5,34.1,17.4,396,55.2,44.9,178,26.3,104,22.7,90,6.1,24,,,,,,,,,,,,,,,,,,,,,,,,,,,,,,,,1.0,4.4,28.5
"Grisham, Trent",663757,2021,462,527,112,66,28,3,15,119,54,22.6,10.2,0.242,0.413,0.327,0.74,0.232,0.365,0.32,0.305,0.319,0.133,0.368,0.344,0.323,0.311,0.01,0.048,0.015,,,,,,,,,,,,,88.8,12.3,31.0,18,5.2,6.0,25.3,25.6,31.3,6.6,36.8,99.288052118,93.873059115,63.6,16.7,16.8,41.1,58.9,74,180,49.3,1069,77.6,7.4,83.3,117,699,50.7,1099,43.6,946,21.7,40.5,253,1476,407,2168,38.5,35.9,25.6,348,55.6,42.0,146,23.3,81,26.4,92,8.3,29,,,,,,,,,,,5.0,4.0,23.0,17.4,4.0,8.0,50.0,12.0,14.0,85.7,20.0,27.0,74.1,26.0,27.0,96.3,2.6,0.6,-1.9,1.3,34.6,9.0,4.34,28.8
"Lowe, Nathaniel",663993,2021,557,642,147,102,24,3,18,162,80,25.2,12.5,0.264,0.415,0.357,0.772,0.231,0.403,0.337,0.323,0.328,0.173,0.403,0.38,0.369,0.324,0.033,0.012,0.014,,,,,,,,,,,,,90.8,5.0,31.4,38,9.5,4.5,23.6,16.6,43.5,2.3,45.5,101.920030352,95.281020854,66.4,18.2,22.9,39.1,60.9,120,307,49.9,1343,73.1,7.5,81.8,163,895,50.1,1348,44.7,1204,23.5,44.7,316,1827,475,2691,24.9,39.9,35.2,398,59.0,54.5,217,23.4,93,20.9,83,1.3,5,,,,,,,,,,,,,,,,,,,,,,,,,,,,,,,,,4.36,27.3
"Happ, Ian",664023,2021,465,535,105,59,20,1,25,156,62,29.2,11.6,0.226,0.434,0.323,0.757,0.217,0.404,0.328,0.319,0.317,0.187,0.414,0.399,0.339,0.329,0.009,0.03,0.009,,,,,,,,,,,,,89.5,9.9,30.8,34,10.9,5.1,22.1,21.5,34.9,4.2,41.3,100.682785163,94.566082557,65.7,24.5,23.1,53.4,46.6,142,266,51.2,1152,83.0,7.1,75.5,177,721,48.8,1098,43.3,975,32.3,43.9,358,1357,510,2250,37.8,32.7,29.5,312,58.3,47.1,147,28.2,88,20.2,63,4.5,14,,,,,,,,,,,-4.0,1.0,16.0,6.3,0.0,5.0,0.0,1.0,7.0,14.3,13.0,15.0,86.7,14.0,14.0,100.0,0.2,-0.6,-0.3,-0.7,31.3,,4.4,27.7
"France, Ty",664034,2021,571,650,166,115,32,1,18,106,46,16.3,7.1,0.291,0.445,0.368,0.813,0.265,0.436,0.353,0.346,0.349,0.171,0.379,0.37,0.352,0.327,0.026,0.009,0.007,,,,,,,,,,,,,88.5,11.0,35.9,32,6.8,5.3,29.7,22.3,32.1,3.6,38.9,99.630842766,93.91855583,72.1,10.5,30.0,38.4,61.6,143,372,51.8,1240,80.1,7.4,89.5,87,832,48.2,1154,41.4,991,19.1,50.3,271,1420,638,2394,35.7,38.6,25.7,471,58.0,46.7,220,21.2,100,26.5,125,5.5,26,,,,,,,,,,,,,,,,,,,,,,,,,,,,,,,,,4.78,25.3
"Lowe, Brandon",664040,2021,535,615,132,62,31,0,39,167,68,27.2,11.1,0.247,0.523,0.34,0.863,0.241,0.498,0.363,0.355,0.336,0.258,0.462,0.448,0.356,0.349,0.006,0.025,0.008,,,,,,,,,,,,,89.3,16.9,37.2,52,14.0,6.7,22.1,28.0,24.8,4.3,43.1,100.943196413,94.724953913,78.4,25.4,29.8,50.0,50.0,186,372,53.4,1248,89.1,7.1,74.6,217,855,46.6,1091,42.8,1001,32.8,52.5,408,1201,675,2339,39.4,35.3,25.3,371,62.4,34.8,129,32.9,122,24.8,92,7.5,28,,,,,,,,,,,-2.0,0.0,1.0,0.0,0.0,1.0,0.0,0.0,0.0,,2.0,3.0,66.7,1.0,1.0,100.0,-0.6,-1.2,-0.3,-2.1,27.8,,4.33,27.6
"Fletcher, David",664058,2021,626,665,164,132,27,3,2,60,31,9.0,4.7,0.262,0.324,0.297,0.621,0.272,0.321,0.273,0.282,0.307,0.05,0.279,0.289,0.289,0.3,-0.01,0.003,-0.009,,,,,,,,,,,,,82.3,8.2,30.4,0,0.0,1.0,27.2,22.9,40.7,7.9,15.7,92.661183488,90.514600036,61.2,5.6,29.1,19.3,80.7,57,295,45.9,1014,71.4,9.3,94.4,41,732,54.1,1197,42.3,935,9.5,46.5,163,1429,522,2218,29.0,35.1,36.0,573,65.6,49.4,283,16.2,93,27.1,155,7.3,42,,,,,,,,,,,,,,,,,,,,,,,,,,,,,,,,,4.34,27.6
"Straw, Myles",664702,2021,564,638,153,119,29,1,4,121,67,19.0,10.5,0.271,0.348,0.349,0.697,0.256,0.336,0.311,0.305,0.336,0.08,0.336,0.327,0.342,0.324,0.015,0.012,0.006,,,,,,,,,,,,,87.1,11.9,42.6,6,1.3,2.9,29.2,29.2,32.8,4.2,26.2,95.725614253,91.886357172,59.6,9.9,18.8,27.2,72.8,64,235,47.4,1251,72.6,9.0,90.1,82,829,52.6,1391,42.1,1113,13.6,40.4,207,1734,663,2653,25.7,38.8,35.5,448,58.3,41.1,184,24.6,110,31.5,141,2.9,13,,,,,,,,,,,9.0,3.0,28.0,10.7,2.0,10.0,20.0,17.0,20.0,85.0,35.0,38.0,92.1,28.0,30.0,93.3,0.4,0.5,-0.1,0.7,33.8,50.0,4.12,29.3
"Walsh, Jared",665120,2021,530,585,147,83,34,1,29,152,48,26.0,8.2,0.277,0.509,0.34,0.849,0.25,0.437,0.357,0.325,0.316,0.187,0.459,0.411,0.386,0.349,0.027,0.072,0.032,,,,,,,,,,,,,89.6,7.6,33.6,43,11.3,5.0,26.0,17.1,36.2,3.9,41.3,101.660333632,94.949250264,68.5,19.7,31.5,38.9,61.1,142,365,51.8,1160,80.3,7.7,80.3,146,740,48.2,1080,42.9,962,26.1,49.3,291,1272,611,2256,37.3,41.7,21.0,381,58.0,49.6,189,19.7,75,24.9,95,5.8,22,,,,,,,,,,,0.0,0.0,1.0,0.0,0.0,0.0,,1.0,2.0,50.0,1.0,1.0,100.0,1.0,1.0,100.0,,,,,,,4.43,27.0
"Tatis Jr., Fernando",665487,2021,478,546,135,62,31,0,42,153,62,28.0,11.4,0.282,0.611,0.364,0.975,0.274,0.62,0.403,0.407,0.358,0.346,0.539,0.545,0.41,0.4,0.008,-0.009,-0.004,,,,,,,,,,,,,93.9,13.8,33.1,70,21.3,7.3,18.8,20.4,29.5,2.7,55.6,105.698422927,97.793088537,80.1,24.1,29.0,57.9,42.1,201,347,56.0,1198,90.5,6.9,75.9,182,755,44.0,943,39.7,849,34.8,51.5,264,1182,587,2141,42.2,36.2,21.6,329,60.1,41.0,135,29.8,98,21.6,71,7.6,25,,,,,,,,,,,-2.0,0.0,3.0,0.0,0.0,0.0,,1.0,3.0,33.3,6.0,6.0,100.0,3.0,3.0,100.0,-0.5,1.4,0.8,1.6,33.5,22.0,4.26,29.2
"Guerrero Jr., Vladimir",665489,2021,604,698,188,110,29,1,48,110,86,15.8,12.3,0.311,0.601,0.401,1.002,0.306,0.607,0.419,0.422,0.398,0.301,0.465,0.47,0.379,0.374,0.005,-0.006,-0.003,,,,,,,,,,,,,95.1,9.4,33.7,75,15.1,8.9,21.4,19.6,33.3,1.2,55.2,106.811861538,98.446351968,73.8,18.3,24.5,52.4,47.6,173,330,53.7,1348,85.8,6.7,81.7,157,857,46.3,1161,42.1,1057,27.8,47.3,375,1422,645,2509,37.9,35.9,26.2,496,63.1,45.6,226,25.2,125,24.4,121,4.8,24,,,,,,,,,,,,,,,,,,,,,,,,,,,,,,,,,4.61,27.0
"Soto, Juan",665742,2021,502,654,157,106,20,2,29,93,145,14.2,22.2,0.313,0.534,0.465,0.999,0.299,0.547,0.42,0.429,0.458,0.248,0.433,0.446,0.379,0.368,0.014,-0.013,-0.009,,,,,,,,,,,,,93.0,5.8,29.7,55,13.3,5.3,23.4,17.1,37.4,3.1,52.7,104.58028599,97.062348402,60.0,14.7,12.2,43.6,56.4,72,165,52.2,1358,76.3,6.7,85.3,110,746,47.8,1243,40.3,1049,20.0,35.0,450,1479,619,2601,29.0,44.4,26.6,414,54.7,52.9,219,20.8,86,22.5,93,3.9,16,,,,,,,,,,,4.0,1.0,21.0,4.8,2.0,4.0,50.0,7.0,11.0,63.6,20.0,21.0,95.2,24.0,26.0,92.3,0.9,0.0,-1.0,-0.1,32.9,,4.33,27.0
"Chisholm Jr., Jazz",665862,2021,464,507,115,73,20,4,18,145,34,28.6,6.7,0.248,0.425,0.303,0.728,0.234,0.414,0.312,0.307,0.291,0.181,0.408,0.4,0.357,0.339,0.014,0.011,0.005,,,,,,,,,,,,,90.2,9.0,29.0,29,9.0,6.5,22.8,20.4,37.7,3.7,42.0,100.832046938,94.723985799,64.8,22.6,31.0,43.9,56.1,145,330,52.1,1063,80.7,6.9,77.4,143,633,47.9,977,42.0,857,29.9,47.2,305,1081,611,2040,37.0,35.8,27.2,324,60.0,49.4,160,24.4,79,21.9,71,4.3,14,,,,,,,,,,,,,,,,,,,,,,,,,,,,,,,,50.0,4.12,29.1
"Bichette, Bo",666182,2021,640,690,191,131,30,1,29,137,40,19.9,5.8,0.298,0.484,0.343,0.827,0.281,0.485,0.354,0.349,0.328,0.204,0.418,0.413,0.377,0.355,0.017,-0.001,0.005,,,,,,,,,,,,,91.4,7.3,33.5,50,9.9,4.3,28.4,18.9,34.7,3.6,47.5,102.637648103,95.817675415,79.6,14.4,38.1,37.3,62.7,195,523,52.5,1371,87.7,6.2,85.6,142,985,47.5,1238,43.2,1128,22.3,57.8,284,1594,661,2609,29.0,37.5,33.5,507,64.6,49.3,250,22.3,113,23.9,121,4.5,23,,,,,,,,,,,,,,,,,,,,,,,,,,,,,,,,,4.4,28.0
"Carlson, Dylan",666185,2021,542,619,144,91,31,4,18,152,57,24.6,9.2,0.266,0.437,0.343,0.78,0.242,0.404,0.336,0.32,0.324,0.163,0.404,0.38,0.362,0.332,0.024,0.033,0.016,,,,,,,,,,,,,88.2,15.1,40.6,28,7.0,7.0,27.3,27.3,27.3,3.3,31.1,97.425225408,92.83641898,67.2,20.8,23.9,47.1,52.9,146,310,51.3,1297,73.6,7.6,79.2,172,828,48.7,1233,42.0,1062,27.9,45.0,477,1375,632,2530,39.3,32.6,28.1,399,59.0,40.1,160,31.1,124,24.3,97,4.3,17,,,,,,,,,,,-4.0,0.0,22.0,0.0,2.0,6.0,33.3,9.0,15.0,60.0,19.0,23.0,82.6,21.0,24.0,87.5,-0.8,-1.3,0.8,-1.3,31.5,,4.37,27.9
"García, Adolis",666969,2021,581,622,141,82,26,2,31,194,32,31.2,5.1,0.243,0.454,0.286,0.74,0.216,0.42,0.314,0.296,0.263,0.205,0.434,0.406,0.361,0.324,0.027,0.034,0.018,,,,,,,,,,,,,91.0,14.7,29.4,45,11.5,6.1,24.3,26.6,28.1,3.3,45.5,101.116772974,95.023074923,74.7,26.2,35.7,49.2,50.8,232,472,52.7,1322,83.0,7.0,73.8,232,886,47.3,1186,41.9,1051,34.2,54.1,388,1435,591,2508,40.2,36.3,23.5,391,61.4,43.0,168,30.7,120,19.7,77,6.6,26,,,,,,,,,,,9.0,3.0,28.0,10.7,3.0,6.0,50.0,14.0,17.0,82.4,30.0,34.0,88.2,35.0,36.0,97.2,1.0,1.1,-0.3,1.7,34.8,3.0,4.32,28.4
"Gurriel Jr., Lourdes",666971,2021,500,541,138,87,28,2,21,102,32,18.9,5.9,0.276,0.466,0.319,0.785,0.267,0.469,0.333,0.339,0.314,0.202,0.387,0.396,0.342,0.335,0.009,-0.003,-0.006,,,,,,,,,,,,,89.7,10.5,35.8,39,9.6,7.2,24.4,21.0,33.6,3.2,43.0,100.4470094,94.556565915,68.3,16.4,34.3,39.0,61.0,142,364,51.3,1062,78.9,7.8,83.6,113,690,48.7,1010,42.9,888,24.2,50.9,246,1239,526,2072,34.3,37.8,27.9,405,67.2,45.4,184,25.2,102,24.4,99,4.9,20,,,,,,,,,,,-8.0,0.0,14.0,0.0,0.0,2.0,0.0,6.0,8.0,75.0,14.0,19.0,73.7,21.0,26.0,80.8,0.1,-1.1,0.1,-1.0,31.3,,4.53,26.7
"Arozarena, Randy",668227,2021,529,604,145,90,32,3,20,170,56,28.1,9.3,0.274,0.459,0.356,0.815,0.213,0.364,0.35,0.298,0.305,0.151,0.45,0.365,0.398,0.314,0.061,0.095,0.052,,,,,,,,,,,,,89.9,7.6,29.7,30,8.2,5.8,20.9,23.4,36.5,4.1,42.3,101.268214833,94.942033565,66.4,25.4,24.8,49.2,50.8,162,329,53.4,1324,78.3,7.6,74.6,195,767,46.6,1155,40.7,1009,32.6,44.2,362,1266,760,2479,35.4,42.6,22.0,364,58.1,49.2,179,20.6,75,22.8,83,7.4,27,,,,,,,,,,,1.0,1.0,15.0,6.7,0.0,3.0,0.0,6.0,12.0,50.0,15.0,17.0,88.2,21.0,21.0,100.0,0.3,-1.1,-0.3,-1.0,30.9,18.0,4.26,28.7
"Reynolds, Bryan",668804,2021,559,646,169,102,35,8,24,119,75,18.4,11.6,0.302,0.522,0.39,0.912,0.288,0.525,0.385,0.385,0.379,0.237,0.437,0.437,0.381,0.365,0.014,-0.003,0.0,,,,,,,,,,,,,89.4,13.4,39.9,46,10.4,6.8,26.8,24.8,27.0,3.8,40.8,100.899979412,94.776504943,75.4,15.3,24.8,47.7,52.3,154,323,52.3,1304,89.1,8.1,84.7,137,896,47.7,1189,41.7,1040,23.9,48.9,512,1280,671,2493,39.9,36.9,23.0,444,57.6,39.9,177,28.6,127,26.8,119,4.5,20,,,,,,,,,,,11.0,2.0,28.0,7.1,7.0,12.0,58.3,10.0,12.0,83.3,30.0,32.0,93.8,26.0,26.0,100.0,-0.9,0.0,0.5,-0.4,32.9,2.0,4.28,28.6
"Rojas, Josh",668942,2021,484,550,128,82,32,3,11,137,58,24.9,10.5,0.264,0.411,0.341,0.752,0.228,0.352,0.327,0.295,0.31,0.124,0.396,0.345,0.366,0.317,0.036,0.059,0.032,,,,,,,,,,,,,88.2,8.4,40.7,17,4.8,4.6,28.2,22.2,35.6,4.3,31.1,97.144273046,92.673279109,62.9,18.0,21.2,40.7,59.3,99,243,49.5,1147,71.5,8.0,82.0,132,735,50.5,1169,44.2,1023,23.6,42.2,347,1343,581,2316,35.9,39.0,25.1,351,60.1,49.6,174,20.8,73,27.6,97,2.0,7,,,,,,,,,,,-1.0,1.0,3.0,33.3,1.0,3.0,33.3,4.0,6.0,66.7,9.0,10.0,90.0,7.0,9.0,77.8,0.7,1.1,0.4,2.2,34.2,,4.33,27.6
"Edman, Tommy",669242,2021,641,691,168,113,41,3,11,95,38,13.7,5.5,0.262,0.387,0.308,0.695,0.272,0.406,0.301,0.318,0.318,0.134,0.322,0.344,0.305,0.319,-0.01,-0.019,-0.017,,,,,,,,,,,,,87.5,9.5,31.5,23,4.2,5.8,25.4,23.6,36.2,4.5,35.1,98.07999625,93.108010092,65.6,9.0,28.2,29.6,70.4,106,358,48.6,1270,77.4,7.5,91.0,79,881,51.4,1342,43.8,1143,14.9,47.4,467,1557,561,2612,41.1,34.6,24.3,552,56.8,46.9,259,23.7,131,24.5,135,4.9,27,,,,,,,,,,,1.0,1.0,6.0,16.7,1.0,1.0,100.0,4.0,5.0,80.0,6.0,7.0,85.7,7.0,8.0,87.5,-0.1,-0.2,0.3,0.0,32.8,24.0,4.22,28.9
"Solak, Nick",669256,2021,458,511,111,80,18,2,11,107,34,20.9,6.7,0.242,0.362,0.314,0.676,0.234,0.364,0.299,0.3,0.307,0.131,0.334,0.336,0.314,0.304,0.008,-0.002,-0.001,,,,,,,,,,,,,86.9,7.0,29.3,23,6.5,4.2,20.3,21.7,40.6,6.2,33.5,98.209109143,93.137323639,64.2,17.9,30.0,37.8,62.2,124,328,53.3,1095,68.2,7.6,82.1,110,616,46.7,959,40.8,838,24.8,46.0,241,1153,560,2054,30.1,43.1,26.8,355,61.3,54.6,194,19.7,70,20.0,71,5.6,20,,,,,,,,,,,,,,,,,,,,,,,,,,,,,,,,12.0,4.24,29.0
"Hays, Austin",669720,2021,488,529,125,73,26,4,22,107,28,20.2,5.3,0.256,0.461,0.308,0.769,0.241,0.435,0.328,0.316,0.294,0.195,0.384,0.368,0.327,0.308,0.015,0.026,0.012,,,,,,,,,,,,,88.8,12.5,32.2,35,9.1,5.2,21.0,27.0,33.0,4.7,39.2,99.72384466,93.967000942,64.4,12.3,29.5,49.8,50.2,148,297,51.5,1008,70.1,7.5,87.7,75,611,48.5,949,41.1,804,24.6,46.4,263,1048,571,1957,38.4,37.1,24.4,385,60.5,43.4,167,26.8,103,22.6,87,7.3,28,,,,,,,,,,,0.0,0.0,17.0,0.0,0.0,4.0,0.0,4.0,6.0,66.7,18.0,20.0,90.0,26.0,27.0,96.3,-0.7,-0.4,0.2,-1.0,30.9,,4.43,27.3
"Lopez, Nicky",670032,2021,497,565,149,120,21,6,2,74,49,13.1,8.7,0.3,0.378,0.365,0.743,0.238,0.311,0.329,0.286,0.312,0.073,0.34,0.285,0.35,0.28,0.062,0.067,0.043,,,,,,,,,,,,,86.8,2.8,27.6,3,0.7,3.9,24.0,19.4,44.7,7.1,26.9,95.857798365,91.988841157,65.1,9.7,24.5,32.0,68.0,82,256,49.2,1047,70.5,8.3,90.3,68,702,50.8,1079,42.2,897,15.7,45.1,269,1325,471,2126,24.9,46.1,29.0,438,61.9,58.0,254,16.9,74,22.1,97,3.0,13,,,,,,,,,,,,,,,,,,,,,,,,,,,,,,,,1.0,4.19,28.2
"Alvarez, Yordan",670541,2021,537,598,149,80,35,1,33,145,50,24.2,8.4,0.277,0.531,0.346,0.877,0.27,0.573,0.369,0.385,0.342,0.303,0.46,0.484,0.377,0.37,0.007,-0.042,-0.016,,,,,,,,,,,,,93.2,14.1,37.2,63,15.9,7.6,20.5,23.8,29.1,3.0,54.2,104.437748426,97.123948655,61.9,12.6,26.3,43.7,56.3,146,334,53.0,1270,66.7,6.4,87.4,88,698,47.0,1127,40.8,979,22.7,43.1,389,1295,633,2397,34.2,37.5,28.4,395,55.8,38.0,150,30.1,119,27.6,109,4.3,17,,,,,,,,,,,-1.0,0.0,10.0,0.0,0.0,0.0,,2.0,3.0,66.7,5.0,7.0,71.4,5.0,5.0,100.0,-0.8,-0.4,0.8,-0.4,30.8,,4.51,26.4
"Cruz, Nelson",443558,2022,448,507,105,79,16,0,10,119,49,23.5,9.7,0.234,0.337,0.313,0.65,0.239,0.41,0.292,0.322,0.321,0.172,0.334,0.38,0.316,0.327,-0.005,-0.073,-0.03,,,,,,,,,,,,,90.9,7.2,28.0,31,9.3,4.5,25.6,17.2,39.8,2.4,46.1,102.29838061,95.468978262,72.4,23.2,31.1,50.8,49.2,164,323,52.2,1040,81.0,6.1,76.8,160,689,47.8,952,44.4,884,32.0,50.8,223,1112,580,1992,32.8,37.3,29.8,332,61.5,53.0,176,19.3,64,22.9,76,4.8,16,,,,,,,,,,,,,,,,,,,,,,,,,,,,,,,,,4.8,25.5
"Blackmon, Charlie",453568,2022,530,577,140,96,22,6,16,109,32,18.9,5.5,0.264,0.419,0.314,0.733,0.257,0.387,0.317,0.304,0.309,0.13,0.366,0.349,0.33,0.323,0.007,0.032,0.013,,,,,,,,,,,,,86.2,12.4,36.7,19,4.4,4.0,27.1,25.2,32.2,6.5,30.6,97.426435333,92.732128429,70.1,16.6,32.0,32.6,67.4,106,325,48.8,1015,82.7,7.8,83.4,124,748,51.2,1067,43.9,915,21.4,51.5,287,1293,429,2085,43.0,36.0,21.0,428,59.7,44.4,190,23.8,102,25.7,110,6.1,26,,,,,,,,,,,-5.0,0.0,7.0,0.0,1.0,4.0,25.0,4.0,7.0,57.1,5.0,9.0,55.6,10.0,11.0,90.9,-1.5,-0.7,0.7,-1.5,31.7,1.0,4.36,27.8
"McCutchen, Andrew",457705,2022,515,580,122,80,25,0,17,124,57,21.4,9.8,0.237,0.384,0.316,0.7,0.246,0.418,0.309,0.325,0.324,0.172,0.348,0.372,0.309,0.322,-0.009,-0.034,-0.016,,,,,,,,,,,,,89.1,13.2,36.2,34,8.6,5.8,24.1,26.3,31.9,3.0,40.0,99.92693269,94.143160838,68.5,16.8,20.8,49.0,51.0,119,243,49.4,1168,80.9,8.2,83.2,138,819,50.6,1196,44.5,1051,24.2,44.9,224,1382,652,2364,43.3,37.0,19.7,395,57.4,41.8,165,28.1,111,24.1,95,6.1,24,,,,,,,,,,,0.0,0.0,6.0,0.0,1.0,1.0,100.0,1.0,5.0,20.0,6.0,6.0,100.0,9.0,9.0,100.0,-0.5,0.0,0.4,0.0,32.4,15.0,4.38,28.9
"Turner, Justin",457759,2022,468,532,130,81,36,0,13,89,50,16.7,9.4,0.278,0.438,0.35,0.788,0.266,0.447,0.343,0.345,0.342,0.181,0.372,0.375,0.336,0.326,0.012,-0.009,-0.002,,,,,,,,,,,,,89.5,18.4,40.6,31,8.0,6.2,27.1,33.1,22.7,2.6,40.6,99.002545648,93.736858523,70.4,16.0,26.7,31.3,68.7,91,291,50.7,1088,79.4,7.9,84.0,119,743,49.3,1056,43.5,933,20.3,48.2,207,1367,490,2144,34.6,35.7,29.7,387,57.8,32.8,127,33.3,129,27.9,108,5.9,23,,,,,,,,,,,,,,,,,,,,,,,,,,,,,,,,,4.86,25.0
"Andrus, Elvis",462101,2022,535,577,133,84,32,0,17,92,39,15.9,6.8,0.249,0.404,0.303,0.707,0.245,0.37,0.31,0.296,0.3,0.125,0.338,0.321,0.3,0.296,0.004,0.034,0.014,,,,,,,,,,,,,87.9,11.9,29.1,20,4.5,3.6,26.9,26.0,33.6,5.0,34.8,98.336003699,93.236647643,62.3,14.2,29.4,36.1,63.9,122,338,51.0,1148,66.3,8.4,85.8,98,688,49.0,1104,41.7,939,21.4,45.6,245,1169,698,2252,37.5,38.6,23.9,443,61.2,46.5,206,22.1,98,22.8,101,8.6,38,,,,,,,,,,,,,,,,,,,,,,,,,,,,,,,,,4.6,26.1
"Santana, Carlos",467793,2022,431,506,87,50,18,0,19,88,71,17.4,14.0,0.202,0.376,0.316,0.692,0.252,0.456,0.308,0.356,0.36,0.205,0.308,0.379,0.252,0.316,-0.05,-0.08,-0.048,,,,,,,,,,,,,90.7,15.4,31.6,32,9.3,7.2,23.8,28.7,28.7,2.3,44.9,100.993708488,94.851060233,63.9,16.9,21.7,34.1,65.9,77,226,50.4,1041,78.2,7.6,83.1,111,655,49.6,1025,43.0,889,21.3,42.6,409,1127,477,2066,47.0,34.2,18.8,345,57.6,39.1,135,28.4,98,22.6,78,9.9,34,,,,,,,,,,,,,,,,,,,,,,,,,,,,,,,,,4.67,25.7
"Gurriel, Yuli",493329,2022,545,584,132,84,40,0,8,73,30,12.5,5.1,0.242,0.36,0.288,0.648,0.239,0.329,0.285,0.275,0.286,0.09,0.297,0.286,0.278,0.276,0.003,0.031,0.01,,,,,,,,,,,,,88.2,14.6,30.3,9,1.9,4.4,25.9,32.8,32.0,2.3,35.6,98.291200127,93.270425297,63.1,8.2,34.9,24.7,75.3,94,381,51.7,1093,75.0,6.6,91.8,53,646,48.3,1023,46.6,986,14.3,48.5,232,1220,542,2116,29.5,39.4,31.2,475,64.0,41.7,198,24.6,117,23.8,113,9.9,47,,,,,,,,,,,,,,,,,,,,,,,,,,,,,,,,,4.44,26.9
"Rojas, Miguel",500743,2022,471,507,111,84,19,2,6,61,26,12.0,5.1,0.236,0.323,0.283,0.606,0.259,0.354,0.268,0.292,0.306,0.095,0.276,0.305,0.269,0.297,-0.023,-0.031,-0.024,,,,,,,,,,,,,86.1,10.1,33.1,8,1.9,5.6,28.3,23.9,36.5,3.6,27.1,96.249960631,92.126001845,66.2,6.8,30.4,34.3,65.7,97,283,51.3,931,72.4,8.0,93.2,40,586,48.7,885,44.3,805,15.8,47.9,161,1049,527,1816,32.4,36.5,31.2,414,62.7,47.1,195,19.6,81,26.8,111,6.5,27,,,,,,,,,,,,,,,,,,,,,,,,,,,,,,,,,4.61,26.4
"Escobar, Eduardo",500871,2022,495,542,119,69,26,4,20,129,40,23.8,7.4,0.24,0.43,0.295,0.725,0.243,0.449,0.311,0.321,0.299,0.206,0.381,0.394,0.32,0.326,-0.003,-0.019,-0.01,,,,,,,,,,,,,88.3,20.6,38.7,35,9.4,8.9,23.7,33.3,21.0,3.5,37.6,99.290072903,93.799689784,73.5,20.7,34.0,40.9,59.1,155,379,53.4,1115,76.7,6.2,79.3,148,716,46.6,974,41.9,876,27.7,52.4,319,1217,464,2089,40.6,37.9,21.5,372,63.9,30.9,115,32.8,122,26.9,100,9.4,35,,,,,,,,,,,,,,,,,,,,,,,,,,,,,,,,,4.29,27.9
"Pham, Tommy",502054,2022,554,622,131,90,23,1,17,167,56,26.8,9.0,0.236,0.374,0.312,0.686,0.236,0.394,0.304,0.314,0.314,0.158,0.371,0.387,0.334,0.337,0.0,-0.02,-0.01,,,,,,,,,,,,,92.2,7.7,33.2,31,7.9,8.2,23.5,21.7,36.0,2.3,48.5,102.514437436,95.778101436,60.8,17.0,21.6,53.1,46.9,138,260,48.0,1203,74.1,8.0,83.0,135,792,52.0,1302,43.3,1084,26.0,42.0,260,1434,693,2505,34.2,39.8,26.0,392,62.5,48.2,189,22.4,88,24.7,97,4.6,18,,,,,,,,,,,-5.0,0.0,24.0,0.0,1.0,4.0,25.0,6.0,11.0,54.5,16.0,19.0,84.2,20.0,22.0,90.9,-0.4,-0.4,0.4,-0.4,32.2,,4.54,27.9
"Martinez, J.D.",502110,2022,533,596,146,86,43,1,16,145,52,24.3,8.7,0.274,0.448,0.341,0.789,0.256,0.486,0.343,0.352,0.328,0.23,0.42,0.434,0.372,0.351,0.018,-0.038,-0.009,,,,,,,,,,,,,89.1,14.1,42.0,49,12.5,8.9,23.2,24.2,27.5,3.6,41.7,100.92394699,94.707836352,74.9,21.0,31.9,48.6,51.4,198,407,53.4,1275,90.9,6.4,79.0,175,834,46.6,1114,41.6,994,30.1,51.9,231,1363,654,2389,31.6,38.9,29.5,393,63.0,38.2,150,30.8,121,26.7,105,4.3,17,,,,,,,,,,,,,,,,,,,,,,,,,,,,,,,,,4.68,26.1
"Goldschmidt, Paul",502671,2022,561,651,178,102,41,0,35,141,79,21.7,12.1,0.317,0.578,0.404,0.982,0.262,0.503,0.419,0.372,0.357,0.242,0.506,0.434,0.42,0.349,0.055,0.075,0.047,,,,,,,,,,,,,90.8,15.7,31.8,49,11.6,9.9,23.8,24.1,26.9,3.3,47.4,102.244608246,95.440152299,59.8,21.6,25.1,38.2,61.5,135,353,52.1,1406,66.5,6.7,78.4,167,774,47.9,1295,43.3,1169,26.8,41.7,227,1510,835,2701,36.3,36.3,27.4,424,60.0,40.8,173,28.8,122,22.9,97,7.5,32,,,,,,,,,,,,,,,,,,,,,,,,,,,,,,,,,4.61,26.3
"Altuve, Jose",514888,2022,527,604,158,91,39,0,28,87,66,14.4,10.9,0.3,0.533,0.387,0.92,0.268,0.452,0.397,0.356,0.361,0.185,0.425,0.37,0.358,0.321,0.032,0.081,0.041,,,,,,,,,,,,,85.9,16.1,35.4,34,7.7,6.6,22.2,25.6,29.7,7.5,29.7,97.300246419,92.671072541,64.0,10.9,28.6,26.0,74.0,96,369,55.8,1288,67.8,7.9,89.1,71,653,44.2,1020,39.2,905,16.3,44.3,307,1204,663,2308,46.9,36.3,16.8,441,62.1,41.0,181,25.6,113,23.6,104,9.8,43,,,,,,,,,,,,,,,,,,,,,,,,,,,,,,,,39.0,4.23,28.1
"Hernández, César",514917,2022,560,617,139,106,28,4,1,114,45,18.5,7.3,0.248,0.318,0.311,0.629,0.249,0.342,0.283,0.295,0.313,0.092,0.307,0.324,0.31,0.313,-0.001,-0.024,-0.012,,,,,,,,,,,,,84.8,9.3,33.3,11,2.4,4.9,26.6,23.9,33.5,8.0,29.7,96.449267051,92.257329931,68.7,13.7,25.9,40.6,59.4,123,303,49.5,1172,78.4,7.1,86.3,113,822,50.5,1196,45.1,1068,21.0,47.5,429,1448,449,2368,32.8,35.5,31.7,451,64.7,48.6,219,19.3,87,26.4,119,5.8,26,,,,,,,,,,,1.0,0.0,0.0,,0.0,0.0,,0.0,0.0,,2.0,2.0,100.0,3.0,3.0,100.0,,,,,,19.0,4.26,28.3
"Marte, Starling",516782,2022,466,505,136,91,24,5,16,97,26,19.2,5.1,0.292,0.468,0.347,0.815,0.275,0.436,0.355,0.337,0.331,0.162,0.412,0.387,0.369,0.347,0.017,0.032,0.018,,,,,,,,,,,,,86.8,7.5,38.5,25,6.8,7.0,25.7,17.1,38.8,4.6,33.9,99.153544837,93.595179373,67.5,16.5,32.8,39.9,60.1,128,321,50.9,978,79.5,6.6,83.5,105,636,49.1,942,44.8,860,24.3,49.8,217,1110,504,1920,38.8,37.1,24.1,369,62.8,50.1,185,20.1,74,26.0,96,3.8,14,,,,,,,,,,,-1.0,1.0,25.0,4.0,1.0,4.0,25.0,5.0,9.0,55.6,9.0,11.0,81.8,20.0,20.0,100.0,0.0,0.1,0.5,0.6,32.9,13.0,4.28,28.0
"Donaldson, Josh",518626,2022,478,546,106,63,28,0,15,148,54,27.1,9.9,0.222,0.374,0.308,0.682,0.212,0.382,0.302,0.302,0.301,0.17,0.363,0.364,0.315,0.304,0.01,-0.008,0.0,,,,,,,,,,,,,90.7,12.0,34.8,33,9.8,6.3,21.4,26.5,33.0,2.7,43.3,100.977600417,94.867949761,66.6,27.5,29.3,45.8,54.2,151,330,51.8,1125,78.1,6.3,72.5,192,698,48.2,1048,43.9,955,33.3,47.3,267,1123,605,2176,42.3,39.9,17.9,336,63.9,43.5,146,25.9,87,24.1,81,6.5,22,,,,,,,,,,,,,,,,,,,,,,,,,,,,,,,,,4.58,25.7
"Freeman, Freddie",518692,2022,612,708,199,129,47,2,21,102,84,14.4,11.9,0.325,0.511,0.407,0.918,0.308,0.559,0.393,0.406,0.396,0.251,0.426,0.444,0.385,0.37,0.017,-0.048,-0.013,,,,,,,,,,,,,91.3,13.6,42.9,51,9.9,8.5,30.4,21.7,27.5,1.5,47.8,100.761588016,95.094269494,73.9,14.2,27.3,32.2,67.8,128,398,52.9,1457,88.2,6.8,85.8,136,959,47.1,1298,43.5,1198,19.5,49.3,432,1574,655,2755,34.6,35.0,30.4,517,59.8,38.9,201,28.4,147,29.8,154,2.9,15,,,,,,,,,,,,,,,,,,,,,,,,,,,,,,,,,4.48,26.9
"LeMahieu, DJ",518934,2022,467,541,122,92,18,0,12,71,67,13.1,12.4,0.261,0.377,0.357,0.734,0.271,0.416,0.329,0.347,0.367,0.145,0.324,0.347,0.307,0.319,-0.01,-0.039,-0.018,,,,,,,,,,,,,89.2,3.0,32.8,21,5.3,6.8,25.8,16.3,42.4,3.3,41.1,99.499628485,94.048075494,53.9,10.7,24.5,26.6,73.4,69,259,49.3,1059,61.7,7.8,89.3,63,587,50.7,1089,42.6,916,15.7,39.5,213,1397,431,2152,24.8,37.8,37.3,399,63.6,54.6,218,17.0,68,25.6,102,2.8,11,,,,,,,,,,,,,,,,,,,,,,,,,,,,,,,,,4.69,26.4
"Rizzo, Anthony",519203,2022,465,548,104,50,21,1,32,101,58,18.4,10.6,0.224,0.48,0.338,0.818,0.236,0.47,0.352,0.352,0.348,0.234,0.379,0.379,0.284,0.299,-0.012,0.01,0.0,,,,,,,,,,,,,89.4,19.3,33.9,40,10.9,7.7,21.3,31.7,23.8,4.4,40.8,99.612268626,94.102554011,64.1,14.9,29.6,38.3,61.7,125,326,52.3,1101,70.1,7.5,85.1,96,645,47.7,1006,42.3,892,22.8,46.1,383,1150,453,2112,45.9,30.9,23.2,366,57.2,33.3,122,35.0,128,21.6,79,10.1,37,,,,,,,,,,,,,,,,,,,,,,,,,,,,,,,,,4.66,25.5
"Flores, Wilmer",527038,2022,525,602,120,72,28,1,19,103,59,17.1,9.8,0.229,0.394,0.316,0.71,0.231,0.381,0.312,0.312,0.32,0.151,0.326,0.326,0.28,0.286,-0.002,0.013,0.0,,,,,,,,,,,,,87.8,20.7,35.7,27,6.3,5.4,24.5,35.9,24.7,3.3,35.4,97.672013814,92.963528089,66.5,12.4,26.6,33.7,66.3,114,338,52.4,1270,74.4,6.9,87.6,95,768,47.6,1155,42.0,1019,18.9,45.6,254,1369,662,2426,46.6,32.2,21.2,429,64.2,34.7,149,31.5,135,24.2,104,9.6,41,,,,,,,,,,,,,,,,,,,,,,,,,,,,,,,,,4.7,25.3
"Ozuna, Marcell",542303,2022,470,507,106,64,19,0,23,122,31,24.1,6.1,0.226,0.413,0.274,0.687,0.25,0.49,0.298,0.337,0.298,0.24,0.364,0.421,0.301,0.335,-0.024,-0.077,-0.039,,,,,,,,,,,,,89.4,16.5,31.8,46,13.1,4.0,23.9,28.7,25.6,4.3,43.8,101.775141886,95.035047714,68.2,19.6,33.4,44.7,55.3,163,365,54.0,1093,80.0,6.2,80.4,124,634,46.0,930,40.0,809,28.7,49.4,219,1095,613,2023,41.2,37.2,21.6,352,61.5,38.4,135,30.7,108,20.7,73,10.2,36,,,,,,,,,,,-2.0,0.0,11.0,0.0,0.0,0.0,,0.0,1.0,0.0,3.0,5.0,60.0,9.0,10.0,90.0,0.2,-1.8,0.6,-1.0,32.3,,4.66,26.6
"Aguilar, Jesús",542583,2022,464,507,109,74,19,0,16,119,28,23.5,5.5,0.235,0.379,0.281,0.66,0.239,0.409,0.288,0.302,0.287,0.17,0.35,0.37,0.311,0.319,-0.004,-0.03,-0.014,,,,,,,,,,,,,87.7,19.1,39.7,24,6.9,7.7,27.1,30.3,25.1,2.6,36.0,98.459753543,93.301003066,64.7,17.7,36.3,41.4,58.1,168,406,53.8,1117,67.7,6.4,82.2,110,622,46.2,961,43.0,893,27.0,49.5,174,1166,648,2078,36.3,39.1,24.6,350,60.9,32.9,115,30.9,108,26.9,94,9.7,34,,,,,,,,,,,,,,,,,,,,,,,,,,,,,,,,,5.01,24.0
"Cron, C.J.",543068,2022,575,632,148,88,28,3,29,164,43,25.9,6.8,0.257,0.468,0.315,0.783,0.239,0.441,0.335,0.319,0.301,0.203,0.428,0.404,0.356,0.334,0.018,0.027,0.016,,,,,,,,,,,,,88.7,14.2,36.8,45,10.8,5.5,24.3,26.7,28.4,4.1,42.3,101.410198894,94.867484771,62.9,16.0,33.2,39.3,60.5,167,425,51.2,1279,76.4,7.8,84.0,123,768,48.8,1221,45.4,1134,24.3,47.7,250,1518,606,2500,33.7,40.6,25.7,416,61.8,39.2,163,27.9,116,26.0,108,7.0,29,,,,,,,,,,,,,,,,,,,,,,,,,,,,,,,,,4.84,25.2
"Semien, Marcus",543760,2022,657,724,163,101,31,5,26,120,53,16.6,7.3,0.248,0.429,0.304,0.733,0.243,0.411,0.317,0.311,0.301,0.169,0.348,0.339,0.298,0.294,0.005,0.018,0.006,,,,,,,,,,,,,87.3,19.9,32.4,37,6.8,6.2,23.8,35.3,24.1,3.8,34.9,97.838624343,93.00847117,71.1,12.4,24.8,42.8,57.2,152,355,51.6,1432,84.3,7.1,87.6,118,955,48.4,1344,43.7,1213,20.6,47.2,286,1515,797,2776,43.5,34.0,22.5,547,60.8,33.6,184,34.0,186,21.8,119,10.6,58,,,,,,,,,,,,,,,,,,,,,,,,,,,,,,,,9.0,4.37,28.8
"Springer, George",543807,2022,513,583,137,86,22,4,25,100,54,17.2,9.3,0.267,0.472,0.342,0.814,0.262,0.452,0.352,0.345,0.34,0.19,0.387,0.378,0.328,0.325,0.005,0.02,0.007,,,,,,,,,,,,,88.7,13.9,31.8,35,8.4,7.2,22.0,25.8,31.8,4.5,42.3,101.320507081,94.768491799,77.4,21.0,25.6,49.1,50.9,140,285,51.1,1112,86.4,7.1,79.0,173,823,48.9,1063,42.0,913,28.2,50.9,290,1240,523,2175,45.7,32.3,22.0,418,62.0,44.3,185,24.4,102,21.8,91,9.6,40,,,,,,,,,,,0.0,1.0,11.0,9.1,3.0,3.0,100.0,1.0,4.0,25.0,14.0,15.0,93.3,21.0,24.0,87.5,-0.1,0.6,-0.1,0.4,34.6,2.0,4.37,28.3
"Grichuk, Randal",545341,2022,506,538,131,88,21,3,19,127,24,23.6,4.5,0.259,0.425,0.299,0.724,0.23,0.388,0.315,0.288,0.273,0.158,0.39,0.352,0.344,0.307,0.029,0.037,0.027,,,,,,,,,,,,,90.0,8.7,27.3,26,6.8,6.6,18.9,24.4,38.6,3.9,43.6,101.601495926,95.066145714,69.4,14.2,32.7,45.8,54.2,152,332,51.3,1015,74.3,6.9,85.8,95,668,48.7,962,42.0,831,24.7,50.6,189,1168,520,1977,33.9,40.2,26.0,381,59.3,50.4,192,26.0,99,18.1,69,5.5,21,,,,,,,,,,,-2.0,0.0,26.0,0.0,1.0,5.0,20.0,7.0,10.0,70.0,21.0,22.0,95.5,29.0,33.0,87.9,-1.3,0.1,0.7,-0.5,32.3,,4.5,28.0
"Abreu, José",547989,2022,601,679,183,128,40,0,15,110,62,16.2,9.1,0.304,0.446,0.378,0.824,0.292,0.496,0.361,0.374,0.368,0.204,0.393,0.41,0.37,0.356,0.012,-0.05,-0.013,,,,,,,,,,,,,92.2,8.0,34.5,47,9.5,7.7,26.7,19.0,33.9,2.8,51.8,102.953606518,96.20270568,66.1,14.7,29.8,40.9,59.1,172,421,51.7,1411,72.8,8.2,85.3,128,870,48.3,1316,41.9,1142,23.2,47.3,228,1589,757,2730,34.5,39.2,26.3,495,57.7,47.7,236,24.0,119,25.1,124,3.2,16,,,,,,,,,,,,,,,,,,,,,,,,,,,,,,,,,4.63,26.1
"Suárez, Eugenio",553993,2022,543,629,128,71,24,2,31,196,73,31.2,11.6,0.236,0.459,0.332,0.791,0.22,0.473,0.344,0.344,0.321,0.253,0.456,0.455,0.364,0.343,0.016,-0.014,0.0,,,,,,,,,,,,,89.8,19.9,36.4,52,14.8,7.4,20.5,29.0,24.4,3.7,43.5,100.691818466,94.681885812,63.6,24.0,21.5,58.1,41.9,169,291,51.7,1352,74.0,7.9,76.0,193,804,48.3,1265,41.8,1095,33.1,41.8,244,1478,724,2617,44.3,31.3,24.4,352,60.9,34.1,120,39.2,138,20.7,73,6.0,21,,,,,,,,,,,,,,,,,,,,,,,,,,,,,,,,,4.81,25.9
"Urshela, Gio",570482,2022,501,551,143,100,27,3,13,96,41,17.4,7.4,0.285,0.429,0.338,0.767,0.267,0.431,0.332,0.327,0.323,0.164,0.374,0.367,0.347,0.327,0.018,-0.002,0.005,,,,,,,,,,,,,88.9,11.8,38.6,29,7.0,6.6,26.9,24.5,31.1,2.9,37.6,99.120552402,93.736875907,71.2,15.2,36.1,32.8,67.2,123,375,51.5,1039,80.4,7.8,84.8,106,696,48.5,978,42.3,854,21.4,53.1,213,1099,614,2017,33.3,39.8,26.9,412,64.9,41.7,172,23.8,98,30.1,124,4.4,18,,,,,,,,,,,,,,,,,,,,,,,,,,,,,,,,,4.53,25.8
"Schoop, Jonathan",570731,2022,481,510,97,62,23,1,11,107,19,21.0,3.7,0.202,0.322,0.239,0.561,0.228,0.356,0.245,0.275,0.267,0.128,0.286,0.326,0.257,0.294,-0.026,-0.034,-0.03,,,,,,,,,,,,,87.0,9.7,29.1,18,4.8,6.6,22.0,23.8,36.8,5.0,38.6,99.967628556,93.993791257,75.2,18.8,36.8,46.6,53.4,157,337,51.3,917,76.6,6.9,81.3,123,656,48.7,872,41.6,745,28.2,55.5,170,983,549,1789,37.0,39.9,23.0,378,64.4,45.2,171,20.6,78,24.3,92,9.8,37,,,,,,,,,,,,,,,,,,,,,,,,,,,,,,,,,4.61,27.0
"Arenado, Nolan",571448,2022,557,620,163,90,42,1,30,72,52,11.6,8.4,0.293,0.533,0.358,0.891,0.263,0.464,0.381,0.343,0.333,0.201,0.401,0.354,0.333,0.301,0.03,0.069,0.038,,,,,,,,,,,,,88.8,21.7,35.4,40,8.2,7.8,23.5,36.4,21.5,2.2,38.9,99.558566721,93.952810862,66.9,11.7,32.6,31.9,68.1,131,411,54.0,1259,70.6,6.6,88.3,84,716,46.0,1071,41.0,956,19.1,48.4,206,1281,715,2330,45.2,34.8,20.0,489,61.3,30.5,149,29.0,142,26.2,128,14.3,70,,,,,,,,,,,,,,,,,,,,,,,,,,,,,,,,,4.71,25.5
"Farmer, Kyle",571657,2022,526,583,134,94,25,1,14,99,33,17.0,5.7,0.255,0.386,0.315,0.701,0.257,0.396,0.309,0.316,0.319,0.139,0.335,0.346,0.309,0.315,-0.002,-0.01,-0.007,,,,,,,,,,,,,85.5,12.7,37.7,19,4.4,6.9,26.0,23.0,32.4,6.7,33.8,97.050252093,92.534027326,64.7,10.3,36.3,34.8,65.2,138,396,51.2,1090,71.8,8.0,89.7,69,671,48.8,1037,43.3,922,19.4,50.3,173,1262,606,2145,39.1,35.4,25.5,435,63.1,45.3,197,23.4,102,25.5,111,5.7,25,,,,,,,,,,,,,,,,,,,,,,,,,,,,,,,,,4.57,26.7
"Muncy, Max",571970,2022,464,565,91,47,22,1,21,141,90,25.0,15.9,0.196,0.384,0.329,0.713,0.207,0.443,0.318,0.346,0.341,0.236,0.348,0.395,0.277,0.298,-0.011,-0.059,-0.028,,,,,,,,,,,,,90.3,20.9,34.3,44,13.4,10.3,18.8,33.4,20.1,3.6,45.6,100.488456196,94.680756043,60.4,21.2,16.5,44.0,56.0,88,200,49.7,1210,69.6,8.9,78.8,157,740,50.3,1226,40.4,985,26.1,38.6,345,1255,737,2436,48.0,31.3,20.7,329,60.4,32.5,107,39.5,130,20.1,66,7.9,26,,,,,,,,,,,,,,,,,,,,,,,,,,,,,,,,,4.43,27.2
"Pollock, AJ",572041,2022,489,527,120,79,26,1,14,98,32,18.6,6.1,0.245,0.389,0.292,0.681,0.259,0.44,0.297,0.324,0.306,0.181,0.337,0.373,0.304,0.323,-0.014,-0.051,-0.027,,,,,,,,,,,,,88.8,11.6,32.9,37,9.4,5.8,23.0,23.3,33.4,4.8,42.0,100.414319188,94.34853632,74.1,15.2,34.0,44.4,55.6,142,320,51.2,941,80.7,7.6,84.8,101,664,48.8,896,42.1,774,24.7,53.6,210,935,539,1837,40.8,35.7,23.5,395,63.2,45.3,179,22.0,87,23.0,91,9.6,38,,,,,,,,,,,-1.0,2.0,20.0,10.0,5.0,12.0,41.7,6.0,9.0,66.7,14.0,18.0,77.8,12.0,15.0,80.0,-0.9,0.0,0.2,-0.7,32.1,1.0,4.42,27.8
"Voit, Luke",572228,2022,500,568,113,69,22,0,22,179,55,31.5,9.7,0.226,0.402,0.308,0.71,0.221,0.455,0.311,0.328,0.305,0.234,0.411,0.439,0.346,0.34,0.005,-0.053,-0.017,,,,,,,,,,,,,89.8,18.4,34.6,48,14.7,8.3,23.2,27.2,21.4,5.2,44.3,101.411871585,94.98573844,78.1,27.5,30.6,58.6,41.4,221,377,54.9,1234,93.7,5.6,72.5,218,792,45.1,1014,42.3,952,37.6,52.0,302,1148,681,2248,46.2,33.6,20.2,327,65.3,34.9,114,34.9,114,24.8,81,5.5,18,,,,,,,,,,,,,,,,,,,,,,,,,,,,,,,,,4.96,24.7
"Walker, Christian",572233,2022,583,667,141,78,25,2,36,131,69,19.6,10.3,0.242,0.477,0.327,0.804,0.256,0.497,0.346,0.362,0.343,0.241,0.388,0.412,0.307,0.33,-0.014,-0.02,-0.016,,,,,,,,,,,,,90.0,17.0,33.3,53,11.5,6.5,22.0,29.4,26.4,3.7,44.0,101.466371179,95.00141326,67.9,15.6,23.1,49.2,50.8,150,305,51.8,1318,79.8,7.8,84.4,130,832,48.2,1225,42.5,1080,24.6,44.7,265,1379,755,2543,38.8,37.0,24.2,459,61.4,39.2,180,30.9,142,21.4,98,8.5,39,,,,,,,,,,,,,,,,,,,,,,,,,,,,,,,,,4.64,26.6
"Yastrzemski, Mike",573262,2022,485,558,104,54,31,2,17,141,61,25.3,10.9,0.214,0.392,0.305,0.697,0.218,0.402,0.307,0.314,0.31,0.185,0.358,0.37,0.297,0.305,-0.004,-0.01,-0.007,,,,,,,,,,,,,89.9,19.9,36.2,39,11.1,5.1,21.4,32.8,24.5,4.8,42.5,99.830966069,94.251098237,63.4,15.8,22.2,42.9,57.1,111,259,49.7,1168,70.0,7.7,84.2,118,749,50.3,1181,43.2,1014,22.7,42.9,295,1371,614,2349,42.7,33.6,23.6,351,60.2,34.8,122,31.9,112,23.6,83,9.7,34,,,,,,,,,,,2.0,0.0,26.0,0.0,2.0,7.0,28.6,7.0,11.0,63.6,26.0,27.0,96.3,26.0,29.0,89.7,-0.1,0.9,0.2,1.0,34.8,,4.4,27.0
"Canha, Mark",592192,2022,462,542,123,86,24,0,13,97,48,17.9,8.9,0.266,0.403,0.367,0.77,0.246,0.379,0.343,0.328,0.351,0.133,0.361,0.339,0.333,0.31,0.02,0.024,0.015,,,,,,,,,,,,,87.7,10.9,32.2,18,4.9,6.8,23.6,24.9,35.2,4.1,36.6,98.317698315,93.261380654,61.0,18.4,24.3,31.8,68.2,85,267,49.5,1097,62.8,7.4,81.6,126,684,50.5,1121,43.0,953,22.2,42.9,217,1285,584,2218,39.3,32.0,28.7,369,63.6,46.1,170,24.7,91,23.3,86,6.0,22,,,,,,,,,,,-1.0,0.0,22.0,0.0,1.0,4.0,25.0,6.0,10.0,60.0,17.0,21.0,81.0,16.0,17.0,94.1,-0.2,-0.5,0.2,-0.5,32.7,,4.46,27.5
"Castellanos, Nick",592206,2022,524,558,138,98,27,0,13,130,29,23.3,5.2,0.263,0.389,0.305,0.694,0.25,0.408,0.304,0.306,0.293,0.158,0.373,0.375,0.348,0.332,0.013,-0.019,-0.002,,,,,,,,,,,,,87.5,14.6,36.9,26,6.6,6.1,26.5,27.5,28.8,4.0,35.1,98.393032843,93.293370431,76.8,20.2,39.6,52.5,47.5,229,436,53.3,1101,84.4,6.5,79.8,150,741,46.7,965,42.7,883,32.2,57.0,245,983,687,2066,35.6,32.1,32.3,396,68.8,42.9,170,28.5,113,22.0,87,6.6,26,,,,,,,,,,,-8.0,0.0,29.0,0.0,1.0,7.0,14.3,4.0,12.0,33.3,17.0,22.0,77.3,16.0,18.0,88.9,-0.2,-1.8,-0.2,-2.3,31.4,,4.43,27.7
"Drury, Brandon",592273,2022,518,568,136,75,31,2,28,126,38,22.2,6.7,0.263,0.492,0.32,0.812,0.24,0.439,0.35,0.321,0.301,0.199,0.421,0.38,0.343,0.316,0.023,0.053,0.029,,,,,,,,,,,,,89.1,13.8,34.8,41,10.4,7.3,22.0,25.5,29.3,4.8,42.2,100.586892132,94.438998321,62.5,14.2,30.1,35.8,64.2,124,346,51.2,1148,75.5,6.7,85.8,97,684,48.8,1094,41.1,922,21.5,45.9,210,1307,634,2242,44.7,32.1,23.2,396,60.7,40.9,162,28.3,112,24.0,95,6.8,27,,,,,,,,,,,,,,,,,,,,,,,,,,,,,,,,,4.52,27.0
"Judge, Aaron",592450,2022,570,696,177,87,28,0,62,175,111,25.1,15.9,0.311,0.686,0.425,1.111,0.304,0.732,0.458,0.468,0.421,0.428,0.602,0.619,0.443,0.435,0.007,-0.046,-0.01,,,,,,,,,,,,,95.9,15.0,39.0,106,26.5,7.2,20.0,18.8,26.5,0.5,61.9,107.110072714,99.053359221,66.1,20.3,22.9,53.2,46.5,192,361,54.3,1576,77.4,6.9,79.7,178,878,45.7,1328,42.3,1228,29.8,42.7,457,1484,764,2906,47.3,31.5,21.3,400,58.8,37.0,148,38.3,153,22.3,89,2.5,10,,,,,,,,,,,4.0,0.0,23.0,0.0,1.0,4.0,25.0,12.0,16.0,75.0,18.0,20.0,90.0,22.0,23.0,95.7,-0.5,-0.3,0.3,-0.5,33.2,,4.66,27.3
"Machado, Manny",592518,2022,578,644,172,102,37,1,32,133,63,20.7,9.8,0.298,0.531,0.366,0.897,0.263,0.469,0.382,0.345,0.337,0.207,0.458,0.406,0.385,0.342,0.035,0.062,0.037,,,,,,,,,,,,,91.5,16.0,36.7,44,9.8,9.8,24.4,25.5,27.5,2.9,49.0,102.622706786,95.790495526,74.4,17.7,30.7,39.8,60.2,156,392,53.9,1278,86.3,7.1,82.3,144,813,46.1,1093,43.5,1032,24.9,50.8,265,1425,595,2371,40.7,33.1,26.2,447,63.4,37.6,168,23.7,106,29.1,130,9.6,43,,,,,,,,,,,,,,,,,,,,,,,,,,,,,,,,,4.71,26.4
"Realmuto, J.T.",592663,2022,504,562,139,86,26,5,22,119,41,21.2,7.3,0.276,0.478,0.342,0.82,0.273,0.476,0.354,0.354,0.34,0.203,0.416,0.416,0.356,0.355,0.003,0.002,0.0,,,,,,,,,,,,,90.3,13.1,35.6,44,11.3,6.7,26.7,22.1,30.5,2.6,47.2,101.252893641,95.157569177,67.7,19.6,31.0,38.4,61.6,133,346,50.9,1116,81.0,7.2,80.4,143,729,49.1,1077,43.5,954,25.7,49.0,203,1247,624,2193,38.2,33.6,28.2,390,57.8,44.6,174,25.6,100,24.1,94,5.6,22,44.0,1.82,1.82,1.83,1.0,1.4,1.4,,0.66,87.6,,,,,,,,,,,,,,,,,,,,,,5.0,4.35,28.7
"Renfroe, Hunter",592669,2022,474,522,121,68,23,1,29,121,39,23.2,7.5,0.255,0.492,0.315,0.807,0.237,0.448,0.347,0.324,0.3,0.211,0.424,0.391,0.34,0.318,0.018,0.044,0.023,,,,,,,,,,,,,90.5,17.7,32.7,39,10.9,6.4,21.8,30.4,27.1,3.4,43.6,101.645981292,95.173188394,66.2,18.8,31.8,41.7,58.3,144,345,53.6,1086,73.0,7.0,81.2,117,623,46.4,941,41.3,838,27.0,47.8,247,1066,620,2027,40.5,36.0,23.5,358,59.1,37.4,134,30.2,108,21.5,77,10.9,39,,,,,,,,,,,-2.0,0.0,15.0,0.0,1.0,6.0,16.7,5.0,6.0,83.3,13.0,19.0,68.4,22.0,23.0,95.7,0.2,-0.9,-0.1,-0.8,32.1,,4.52,27.1
"Yelich, Christian",592885,2022,575,671,145,102,25,4,14,162,88,24.1,13.1,0.252,0.383,0.355,0.738,0.253,0.415,0.328,0.34,0.356,0.162,0.379,0.398,0.349,0.351,-0.001,-0.032,-0.012,,,,,,,,,,,,,91.5,3.6,30.3,34,8.2,6.7,25.5,13.2,43.3,3.1,48.6,102.984892126,96.020852446,65.4,14.8,23.2,51.5,48.5,172,334,52.5,1442,73.6,7.0,85.2,126,853,47.5,1305,41.7,1146,25.1,43.2,295,1650,716,2747,33.4,38.9,27.6,416,56.1,59.1,246,18.0,75,19.7,82,3.1,13,,,,,,,,,,,-4.0,1.0,17.0,5.9,1.0,4.0,25.0,3.0,4.0,75.0,13.0,18.0,72.2,16.0,18.0,88.9,-1.5,-1.2,0.2,-2.6,29.8,8.0,4.37,28.1
"Merrifield, Whit",593160,2022,504,550,126,86,28,1,11,85,38,15.5,6.9,0.25,0.375,0.298,0.673,0.242,0.381,0.294,0.297,0.294,0.139,0.318,0.322,0.295,0.29,0.008,-0.006,-0.003,,,,,,,,,,,,,87.1,15.1,37.9,18,4.2,7.3,23.0,29.5,30.9,4.9,31.1,96.383459857,92.27510481,71.4,13.8,29.8,33.1,66.9,98,296,49.3,994,78.9,8.5,86.2,101,730,50.7,1023,44.2,892,19.4,50.9,181,1156,574,2017,35.1,35.8,29.0,427,59.5,41.2,176,28.8,123,22.2,95,7.7,33,,,,,,,,,,,1.0,0.0,11.0,0.0,2.0,10.0,20.0,5.0,5.0,100.0,10.0,11.0,90.9,12.0,12.0,100.0,-0.2,0.0,0.2,0.1,33.4,1.0,4.33,28.6
"Bogaerts, Xander",593428,2022,557,631,171,118,38,0,15,118,57,18.7,9.0,0.307,0.456,0.377,0.833,0.258,0.393,0.363,0.325,0.337,0.136,0.411,0.358,0.383,0.326,0.049,0.063,0.038,,,,,,,,,,,,,88.1,10.2,30.3,29,6.5,4.9,27.8,21.7,34.1,4.5,39.5,99.97943964,94.08380455,63.5,18.5,29.2,37.6,62.4,142,378,51.8,1296,67.4,7.5,81.5,141,764,48.2,1204,43.7,1093,24.8,45.7,283,1371,686,2500,37.2,37.4,25.3,446,60.8,46.6,208,21.1,94,25.8,115,6.5,29,,,,,,,,,,,,,,,,,,,,,,,,,,,,,,,,1.0,4.31,27.9
"Profar, Jurickson",595777,2022,575,658,140,87,36,2,15,103,73,15.7,11.1,0.243,0.391,0.331,0.722,0.25,0.371,0.32,0.318,0.339,0.121,0.33,0.327,0.295,0.305,-0.007,0.02,0.002,,,,,,,,,,,,,87.5,12.9,34.7,19,4.0,4.6,28.7,27.8,29.5,4.8,34.3,97.859468559,92.98708518,64.2,14.0,23.7,31.5,68.5,106,337,50.9,1419,76.0,6.3,86.0,123,880,49.1,1371,43.3,1207,18.8,43.6,460,1603,662,2790,42.1,32.6,25.3,478,59.4,44.8,214,22.8,109,25.7,123,6.7,32,,,,,,,,,,,-4.0,1.0,29.0,3.4,1.0,6.0,16.7,5.0,11.0,45.5,14.0,15.0,93.3,24.0,26.0,92.3,0.6,-0.9,-0.4,-0.7,31.6,,4.47,26.6
"Báez, Javier",595879,2022,555,590,132,84,27,4,17,147,26,24.9,4.4,0.238,0.393,0.278,0.671,0.225,0.387,0.291,0.285,0.267,0.162,0.365,0.356,0.321,0.306,0.013,0.006,0.006,,,,,,,,,,,,,87.9,9.6,29.7,33,8.0,4.9,20.9,21.9,40.1,2.9,38.0,99.689131182,93.890376232,67.9,22.3,47.5,49.1,50.9,289,589,59.2,1239,69.6,6.6,77.7,129,579,40.8,853,39.8,833,35.8,55.8,263,954,719,2092,39.9,34.8,25.3,411,66.2,50.6,208,22.9,94,20.4,84,6.1,25,,,,,,,,,,,,,,,,,,,,,,,,,,,,,,,,,4.34,27.9
"Lindor, Francisco",596019,2022,630,706,170,114,25,5,26,133,59,18.8,8.4,0.27,0.449,0.339,0.788,0.253,0.439,0.342,0.333,0.325,0.187,0.385,0.373,0.337,0.319,0.017,0.01,0.009,,,,,,,,,,,,,89.3,13.8,29.2,42,8.3,6.2,22.4,26.8,32.3,3.8,41.3,99.740565418,94.14308743,68.1,14.4,29.9,40.0,60.0,180,450,53.2,1505,75.7,6.7,85.6,130,902,46.8,1324,43.3,1225,22.9,47.8,392,1614,739,2829,38.3,37.5,24.2,504,58.3,43.5,219,27.6,139,20.4,103,8.5,43,,,,,,,,,,,,,,,,,,,,,,,,,,,,,,,,,4.43,27.6
"Bell, Josh",605137,2022,552,647,147,98,29,3,17,102,81,15.8,12.5,0.266,0.422,0.362,0.784,0.267,0.428,0.344,0.347,0.364,0.162,0.358,0.363,0.322,0.325,-0.001,-0.006,-0.003,,,,,,,,,,,,,88.9,8.4,30.7,33,7.2,3.7,27.4,20.6,36.6,4.2,40.8,100.551357456,94.511584791,68.8,16.3,24.9,34.6,65.4,115,332,53.3,1336,77.5,6.4,83.6,131,804,46.7,1169,45.7,1144,21.7,45.3,568,1369,515,2505,37.1,35.7,27.2,456,53.1,50.7,231,19.7,90,24.1,110,5.7,26,,,,,,,,,,,,,,,,,,,,,,,,,,,,,,,,,4.61,26.2
"Betts, Mookie",605141,2022,572,639,154,76,40,3,35,104,55,16.3,8.6,0.269,0.533,0.34,0.873,0.252,0.484,0.373,0.348,0.325,0.233,0.413,0.379,0.326,0.306,0.017,0.049,0.025,,,,,,,,,,,,,90.5,18.6,36.2,46,9.7,8.7,22.7,31.8,22.7,3.8,44.9,99.954466043,94.497072751,66.9,8.3,22.2,40.5,59.5,111,274,50.9,1235,78.9,7.4,91.7,66,798,49.1,1193,43.5,1057,16.5,44.2,230,1488,622,2428,44.3,34.5,21.2,472,61.7,33.7,159,35.6,168,23.1,109,7.6,36,,,,,,,,,,,3.0,0.0,17.0,0.0,3.0,5.0,60.0,13.0,20.0,65.0,25.0,27.0,92.6,17.0,18.0,94.4,0.2,0.8,0.2,1.3,34.5,,4.42,27.4
"Hernández, Teoscar",606192,2022,499,535,133,72,35,1,25,152,34,28.4,6.4,0.267,0.491,0.316,0.807,0.263,0.523,0.348,0.357,0.313,0.26,0.465,0.478,0.383,0.379,0.004,-0.032,-0.009,,,,,,,,,,,,,92.6,11.6,36.3,52,15.0,7.5,23.3,19.9,32.0,2.3,53.3,103.420419483,96.496717867,69.0,25.1,30.3,55.9,44.1,184,329,52.1,1085,80.1,7.3,74.9,173,688,47.9,997,40.8,850,35.1,48.8,211,1139,604,2082,38.6,34.9,26.5,347,59.6,44.4,154,25.6,89,24.8,86,5.2,18,,,,,,,,,,,-3.0,2.0,19.0,10.5,0.0,5.0,0.0,6.0,13.0,46.2,17.0,20.0,85.0,26.0,26.0,100.0,-0.6,-0.5,0.8,-0.3,33.0,5.0,4.33,28.6
"Marte, Ketel",606466,2022,492,558,118,62,42,2,12,101,55,18.1,9.9,0.24,0.407,0.321,0.728,0.247,0.388,0.317,0.317,0.33,0.14,0.343,0.343,0.298,0.311,-0.007,0.019,0.0,,,,,,,,,,,,,90.1,13.5,31.6,24,6.1,5.8,28.0,27.3,29.5,3.0,41.9,101.202754619,94.845027056,65.7,16.3,28.1,30.1,69.9,95,316,52.1,1125,76.4,6.5,83.7,111,679,47.9,1034,43.9,947,20.7,46.1,417,1090,575,2159,42.7,35.6,21.7,396,59.7,43.2,171,25.3,100,24.5,97,7.1,28,,,,,,,,,,,,,,,,,,,,,,,,,,,,,,,,1.0,4.46,27.0
"Nimmo, Brandon",607043,2022,580,673,159,106,30,7,16,116,71,17.2,10.5,0.274,0.433,0.367,0.8,0.254,0.405,0.353,0.337,0.351,0.152,0.377,0.353,0.34,0.317,0.02,0.028,0.016,,,,,,,,,,,,,89.4,6.1,28.1,33,7.0,3.6,25.1,19.8,38.5,5.5,39.8,100.251301732,94.354698482,64.8,13.7,21.2,38.6,61.4,110,285,48.3,1342,78.6,7.6,86.3,128,932,51.7,1439,43.4,1208,19.6,43.8,308,1811,588,2781,29.6,41.5,28.9,470,61.1,51.7,243,20.6,97,21.7,102,6.0,28,,,,,,,,,,,6.0,1.0,23.0,4.3,1.0,2.0,50.0,11.0,14.0,78.6,12.0,12.0,100.0,36.0,37.0,97.3,-1.3,0.3,0.6,-0.4,34.4,30.0,4.18,28.6
"Turner, Trea",607208,2022,652,708,194,130,39,4,21,131,45,18.5,6.4,0.298,0.466,0.343,0.809,0.275,0.446,0.35,0.338,0.327,0.171,0.406,0.391,0.368,0.347,0.023,0.02,0.012,,,,,,,,,,,,,88.9,10.2,35.3,40,7.6,6.5,24.3,24.3,34.5,2.3,41.6,100.188198893,94.238854962,72.4,15.5,33.1,46.3,53.7,225,486,53.9,1467,82.4,6.9,84.5,141,907,46.1,1253,41.6,1132,26.3,51.2,317,1431,831,2720,41.4,34.7,23.9,527,63.6,43.5,229,26.2,138,24.7,130,5.7,30,,,,,,,,,,,,,,,,,,,,,,,,,,,,,,,,131.0,4.14,30.3
"Ramírez, José",608070,2022,601,685,168,90,44,5,29,82,69,12.0,10.1,0.28,0.514,0.355,0.869,0.254,0.427,0.363,0.325,0.336,0.173,0.385,0.337,0.318,0.294,0.026,0.087,0.038,,,,,,,,,,,,,87.7,20.7,33.7,35,6.6,6.4,22.3,37.3,21.8,5.3,36.9,98.871944811,93.503434175,66.4,9.7,28.7,26.7,73.3,112,420,53.4,1464,70.3,6.3,90.3,82,849,46.6,1278,43.8,1202,15.3,46.3,580,1397,654,2742,44.7,34.8,20.5,528,53.1,32.6,172,28.6,151,24.6,130,14.2,75,,,,,,,,,,,,,,,,,,,,,,,,,,,,,,,,6.0,4.22,28.5
"Bregman, Alex",608324,2022,548,656,142,81,38,0,23,77,87,11.7,13.3,0.259,0.454,0.366,0.82,0.256,0.442,0.358,0.357,0.368,0.186,0.348,0.347,0.295,0.298,0.003,0.012,0.001,,,,,,,,,,,,,88.9,19.5,36.2,35,7.3,9.4,24.3,32.6,23.3,2.9,37.8,98.378645333,93.364139021,65.8,9.4,17.8,32.6,67.4,78,239,53.2,1341,76.4,7.1,90.6,73,776,46.8,1180,42.7,1076,14.9,40.3,282,1449,631,2521,45.1,34.7,20.2,481,55.7,33.5,161,32.6,157,24.5,118,9.4,45,,,,,,,,,,,,,,,,,,,,,,,,,,,,,,,,,4.6,26.6
"Seager, Corey",608369,2022,593,663,145,87,24,1,33,103,58,15.5,8.7,0.245,0.455,0.317,0.772,0.278,0.524,0.331,0.373,0.349,0.246,0.358,0.413,0.293,0.336,-0.033,-0.069,-0.042,,,,,,,,,,,,,91.1,13.6,38.4,52,10.5,9.9,24.2,25.1,28.1,1.8,45.5,101.598305628,95.219542252,80.7,14.9,30.5,54.8,45.2,198,361,52.2,1184,92.4,7.5,85.1,130,875,47.8,1084,42.9,973,26.5,54.5,423,1049,666,2268,39.6,35.6,24.8,495,65.1,40.2,199,30.3,150,25.9,128,3.6,18,,,,,,,,,,,,,,,,,,,,,,,,,,,,,,,,,4.66,26.2
"Winker, Jesse",608385,2022,456,547,100,71,15,0,14,103,84,18.8,15.4,0.219,0.344,0.344,0.688,0.247,0.411,0.313,0.346,0.368,0.164,0.311,0.362,0.281,0.318,-0.028,-0.067,-0.033,,,,,,,,,,,,,87.7,16.8,32.0,27,7.6,3.1,26.1,31.5,28.1,3.4,34.3,98.674499266,93.339254492,68.1,14.2,18.8,40.3,59.7,85,211,50.2,1120,78.1,6.8,85.8,107,755,49.8,1109,44.3,988,19.9,43.3,277,1306,530,2229,36.5,37.4,26.1,356,54.3,38.8,138,28.9,103,22.5,80,9.8,35,,,,,,,,,,,-9.0,0.0,22.0,0.0,0.0,7.0,0.0,1.0,8.0,12.5,8.0,12.0,66.7,25.0,25.0,100.0,-1.9,-2.4,0.9,-3.5,28.4,,4.67,25.6
"Swanson, Dansby",621020,2022,640,696,177,119,32,1,25,182,49,26.1,7.0,0.277,0.447,0.329,0.776,0.256,0.479,0.337,0.342,0.312,0.223,0.431,0.437,0.383,0.358,0.021,-0.032,-0.005,,,,,,,,,,,,,90.2,15.7,37.0,50,10.8,8.0,27.1,25.3,26.4,2.2,46.3,100.839209567,94.810341952,72.4,23.8,26.4,49.7,50.3,180,362,49.9,1373,84.2,8.1,76.2,237,997,50.1,1378,44.1,1212,30.7,49.4,287,1504,799,2751,38.7,36.4,24.9,462,67.5,38.3,177,29.4,136,26.8,124,5.4,25,,,,,,,,,,,,,,,,,,,,,,,,,,,,,,,,9.0,4.33,28.4
"Correa, Carlos",621043,2022,522,590,152,105,24,1,22,121,61,20.5,10.3,0.291,0.467,0.366,0.833,0.268,0.49,0.362,0.361,0.347,0.222,0.42,0.418,0.375,0.347,0.023,-0.023,0.001,,,,,,,,,,,,,89.9,11.6,35.3,46,11.4,5.7,25.4,23.7,29.4,4.4,44.7,101.992873251,95.284200765,63.3,15.3,26.9,36.6,63.4,124,339,52.1,1260,70.6,7.0,84.7,112,734,47.9,1159,42.4,1025,22.0,44.4,238,1373,706,2419,38.5,39.5,22.0,405,58.2,42.0,170,25.9,105,25.7,104,6.4,26,,,,,,,,,,,,,,,,,,,,,,,,,,,,,,,,1.0,4.57,27.1
"Ward, Taylor",621493,2022,495,564,139,92,22,2,23,120,60,21.3,10.6,0.281,0.473,0.36,0.833,0.265,0.488,0.362,0.363,0.349,0.224,0.421,0.423,0.366,0.35,0.016,-0.015,-0.001,,,,,,,,,,,,,90.0,15.8,41.8,47,12.4,7.4,26.3,25.3,25.0,3.4,42.9,100.184571947,94.439550026,62.3,16.1,20.6,41.1,58.9,97,236,49.9,1147,78.9,7.0,83.9,115,716,50.1,1150,44.3,1018,22.3,41.4,199,1328,616,2297,38.4,36.1,25.5,380,58.7,35.5,135,31.3,119,27.1,103,6.1,23,,,,,,,,,,,1.0,0.0,25.0,0.0,1.0,4.0,25.0,9.0,12.0,75.0,14.0,17.0,82.4,22.0,22.0,100.0,0.2,0.9,0.4,1.4,34.4,6.0,4.4,28.4
"Wisdom, Patrick",621550,2022,469,534,97,44,28,0,25,183,53,34.3,9.9,0.207,0.426,0.298,0.724,0.187,0.395,0.316,0.298,0.283,0.208,0.438,0.406,0.337,0.309,0.02,0.031,0.018,,,,,,,,,,,,,90.7,21.0,29.8,41,14.2,6.2,15.6,33.2,24.6,4.8,46.3,102.164032394,95.695873993,70.5,26.3,26.4,61.9,38.1,182,294,50.6,1114,83.6,8.0,73.7,202,768,49.4,1089,43.9,968,36.5,48.1,196,1195,716,2233,48.1,32.2,19.7,289,64.8,34.9,101,31.8,92,20.4,59,12.8,37,,,,,,,,,,,-2.0,0.0,2.0,0.0,1.0,1.0,100.0,0.0,2.0,0.0,1.0,3.0,33.3,2.0,2.0,100.0,-0.7,-4.0,-0.7,-5.5,28.0,,4.5,27.8
"Olson, Matt",621566,2022,616,699,148,70,44,0,34,170,75,24.3,10.7,0.24,0.477,0.325,0.802,0.243,0.481,0.344,0.347,0.329,0.238,0.417,0.423,0.329,0.336,-0.003,-0.004,-0.003,,,,,,,,,,,,,92.9,16.1,33.8,61,13.6,7.6,22.0,27.6,27.1,2.0,50.9,103.665099911,96.545680491,73.9,23.3,28.5,41.4,58.6,183,442,53.6,1551,80.4,6.7,76.7,231,991,46.4,1341,41.7,1205,28.9,49.5,380,1628,772,2893,38.7,39.3,22.0,450,62.6,39.6,178,28.4,128,22.0,99,10.0,45,,,,,,,,,,,,,,,,,,,,,,,,,,,,,,,,,4.65,26.3
"Mateo, Jorge",622761,2022,494,533,109,64,25,7,13,147,27,27.6,5.1,0.221,0.379,0.267,0.646,0.222,0.356,0.281,0.276,0.269,0.134,0.362,0.354,0.312,0.316,-0.001,0.023,0.005,,,,,,,,,,,,,86.8,14.8,35.5,21,6.0,5.7,21.6,29.5,30.7,6.3,32.7,98.63578407,93.337279593,72.6,20.3,36.6,50.8,49.2,191,376,51.8,1027,79.5,7.4,79.7,141,693,48.2,955,41.1,815,31.1,53.9,193,1043,599,1982,34.9,36.1,29.0,352,67.9,38.6,136,25.9,91,26.7,94,8.8,31,,,,,,,,,,,,,,,,,,,,,,,,,,,,,,,,69.0,4.2,30.1
"Santander, Anthony",623993,2022,574,647,138,81,24,0,33,122,55,18.9,8.5,0.24,0.455,0.318,0.773,0.255,0.492,0.336,0.356,0.333,0.237,0.373,0.401,0.302,0.322,-0.015,-0.037,-0.02,,,,,,,,,,,,,90.1,21.4,33.5,53,11.6,8.1,21.7,31.9,23.0,3.7,43.3,101.330998114,94.979132939,65.5,14.0,32.5,34.4,65.6,157,457,53.8,1406,70.7,6.9,86.0,111,792,46.2,1209,43.1,1128,21.5,47.7,505,1473,552,2618,43.1,35.7,21.2,457,59.8,32.2,147,28.7,131,23.4,107,15.8,72,,,,,,,,,,,-4.0,0.0,25.0,0.0,1.0,4.0,25.0,6.0,12.0,50.0,12.0,16.0,75.0,18.0,20.0,90.0,-0.8,-0.7,0.7,-0.8,31.8,,4.66,26.6
"Alonso, Pete",624413,2022,597,685,162,95,27,0,40,128,67,18.7,9.8,0.271,0.518,0.352,0.87,0.258,0.506,0.366,0.357,0.342,0.248,0.42,0.407,0.339,0.325,0.013,0.012,0.009,,,,,,,,,,,,,89.8,18.2,34.5,59,12.3,4.8,23.8,30.1,24.1,4.8,44.8,102.849215397,95.616516548,70.9,15.7,33.5,38.1,61.9,180,472,56.2,1409,84.7,5.5,84.3,122,778,43.8,1098,44.4,1112,24.2,49.9,233,1483,644,2507,41.4,34.1,24.5,478,56.4,36.4,174,30.5,146,23.0,110,10.0,48,,,,,,,,,,,,,,,,,,,,,,,,,,,,,,,,,4.67,25.7
"Frazier, Adam",624428,2022,541,602,129,100,22,4,3,73,46,12.1,7.6,0.238,0.311,0.301,0.612,0.262,0.347,0.274,0.3,0.324,0.085,0.272,0.305,0.272,0.302,-0.024,-0.036,-0.026,,,,,,,,,,,,,85.1,13.6,37.7,7,1.5,4.0,28.9,28.5,32.8,4.2,24.5,95.048135872,91.524067936,68.4,9.1,28.8,27.2,72.8,85,312,49.5,1085,79.4,8.6,90.9,69,756,50.5,1106,42.8,937,14.4,48.7,273,1307,500,2191,35.1,38.1,26.8,478,61.7,41.8,200,23.8,114,27.8,133,6.5,31,,,,,,,,,,,-1.0,0.0,2.0,0.0,0.0,0.0,,1.0,2.0,50.0,7.0,10.0,70.0,5.0,5.0,100.0,-0.7,-1.0,-0.4,-2.1,32.1,,4.4,26.8
"Cronenworth, Jake",630105,2022,587,684,140,89,30,4,17,131,70,19.2,10.2,0.239,0.39,0.332,0.722,0.218,0.366,0.318,0.304,0.316,0.148,0.341,0.32,0.302,0.279,0.021,0.024,0.014,,,,,,,,,,,,,87.6,18.2,32.3,26,5.6,6.9,20.0,37.1,25.2,4.7,34.1,97.917362826,93.091918039,60.0,11.3,21.6,38.3,61.3,105,274,47.5,1266,71.2,7.2,88.7,95,840,52.5,1399,43.4,1156,18.0,41.8,327,1713,556,2665,34.3,36.2,29.5,464,62.4,36.2,168,34.1,158,21.1,98,8.6,40,,,,,,,,,,,,,,,,,,,,,,,,,,,,,,,,1.0,4.34,28.2
"Bellinger, Cody",641355,2022,504,550,106,57,27,3,19,150,38,27.3,6.9,0.21,0.389,0.265,0.654,0.213,0.37,0.284,0.284,0.272,0.156,0.357,0.357,0.294,0.304,-0.003,0.019,0.0,,,,,,,,,,,,,89.4,20.3,34.4,30,8.3,5.8,25.3,35.8,23.3,1.1,38.1,98.149983833,93.243694234,68.2,22.4,31.7,37.4,62.6,137,366,50.2,1154,83.2,7.3,77.6,175,782,49.8,1147,44.5,1025,27.2,49.9,324,1338,556,2301,45.8,33.1,21.1,360,60.2,35.6,128,32.8,118,22.2,80,9.4,34,,,,,,,,,,,6.0,1.0,24.0,4.2,3.0,4.0,75.0,6.0,11.0,54.5,20.0,20.0,100.0,33.0,35.0,94.3,0.0,0.6,0.4,1.0,34.8,2.0,4.23,28.1
"Crawford, J.P.",641487,2022,518,603,126,93,24,3,6,80,68,13.3,11.3,0.243,0.336,0.339,0.675,0.256,0.346,0.306,0.318,0.353,0.09,0.293,0.31,0.284,0.303,-0.013,-0.01,-0.012,,,,,,,,,,,,,85.1,8.9,32.4,9,2.0,4.7,24.3,24.3,37.3,6.5,29.7,96.663647706,92.35483867,61.9,9.2,20.5,29.6,70.4,75,253,49.8,1233,73.9,6.7,90.8,71,770,50.2,1244,43.7,1082,14.3,41.3,338,1496,541,2477,33.7,39.3,27.0,445,55.2,46.5,207,18.2,81,27.2,121,8.1,36,,,,,,,,,,,,,,,,,,,,,,,,,,,,,,,,,4.44,26.9
"Mancini, Trey",641820,2022,519,587,124,82,23,1,18,135,53,23.0,9.0,0.239,0.391,0.319,0.71,0.244,0.438,0.312,0.335,0.327,0.194,0.361,0.394,0.319,0.331,-0.005,-0.047,-0.023,,,,,,,,,,,,,89.5,12.7,39.6,38,9.8,10.3,23.7,23.4,30.6,2.1,40.4,100.078586134,94.256654381,67.3,18.7,30.1,45.5,54.5,168,369,51.7,1224,77.3,7.4,81.3,144,770,48.3,1144,42.4,1003,27.4,48.1,286,1249,697,2368,40.9,35.7,23.4,389,63.0,40.6,158,27.8,108,25.4,99,6.2,24,,,,,,,,,,,-1.0,0.0,2.0,0.0,0.0,1.0,0.0,1.0,3.0,33.3,2.0,3.0,66.7,7.0,7.0,100.0,0.0,-2.5,0.1,-2.5,31.4,,4.76,25.6
"McMahon, Ryan",641857,2022,529,597,130,84,23,3,20,158,60,26.5,10.1,0.246,0.414,0.327,0.741,0.244,0.435,0.326,0.333,0.326,0.191,0.4,0.411,0.348,0.347,0.002,-0.021,-0.007,,,,,,,,,,,,,91.7,10.8,36.4,39,10.4,6.7,27.0,21.1,30.2,4.3,46.5,102.094383676,95.689199432,63.4,20.9,25.4,47.9,52.1,150,313,48.1,1230,77.0,7.5,79.1,176,843,51.9,1329,44.4,1137,28.2,45.2,379,1601,523,2559,35.3,36.4,28.3,374,64.8,44.7,167,27.5,103,26.2,98,1.6,6,,,,,,,,,,,,,,,,,,,,,,,,,,,,,,,,,4.59,25.8
"Tellez, Rowdy",642133,2022,529,599,116,58,23,0,35,121,62,20.2,10.4,0.219,0.461,0.306,0.767,0.249,0.492,0.327,0.351,0.334,0.243,0.372,0.406,0.282,0.323,-0.03,-0.031,-0.024,,,,,,,,,,,,,91.1,15.3,31.4,53,12.9,7.3,21.4,26.0,28.7,3.2,46.0,102.553838927,95.690567213,61.1,16.4,27.0,39.5,60.5,132,334,51.7,1237,67.8,7.1,83.6,116,706,48.3,1155,41.9,1002,23.8,43.5,397,1274,633,2392,37.7,43.6,18.7,411,57.2,39.7,163,29.9,123,20.4,84,10.0,41,,,,,,,,,,,,,,,,,,,,,,,,,,,,,,,,,4.83,24.0
"Rosario, Amed",642708,2022,637,670,180,134,26,9,11,111,25,16.6,3.7,0.283,0.403,0.312,0.715,0.274,0.402,0.311,0.311,0.306,0.128,0.356,0.356,0.34,0.333,0.009,0.001,0.0,,,,,,,,,,,,,88.4,5.0,31.1,24,4.5,5.5,24.5,18.1,42.6,4.5,38.3,99.690201132,93.991990529,67.0,15.4,40.0,29.8,70.2,147,493,51.4,1231,70.1,7.4,84.6,120,779,48.6,1163,42.6,1021,21.0,53.1,195,1321,707,2395,30.4,40.6,29.1,530,64.9,52.5,278,16.8,89,25.7,136,5.1,27,,,,,,,,,,,,,,,,,,,,,,,,,,,,,,,,91.0,4.17,29.4
"Adames, Willy",642715,2022,563,617,134,72,31,0,31,166,49,26.9,7.9,0.238,0.458,0.298,0.756,0.237,0.469,0.325,0.329,0.298,0.233,0.416,0.423,0.334,0.334,0.001,-0.011,-0.004,,,,,,,,,,,,,88.9,18.9,36.4,52,13.0,6.5,22.2,29.2,25.2,4.0,43.6,100.099002736,94.300793591,71.2,20.1,29.8,46.0,54.0,177,385,52.3,1290,81.1,7.3,79.9,168,837,47.7,1176,42.8,1056,28.2,49.6,306,1348,695,2466,37.7,36.7,25.7,401,59.8,34.2,137,33.4,134,22.7,91,9.7,39,,,,,,,,,,,,,,,,,,,,,,,,,,,,,,,,1.0,4.41,27.8
"Estrada, Thairo",642731,2022,488,541,127,89,22,2,14,89,33,16.5,6.1,0.26,0.4,0.322,0.722,0.246,0.362,0.317,0.302,0.313,0.116,0.343,0.323,0.314,0.302,0.014,0.038,0.015,,,,,,,,,,,,,86.2,8.1,31.6,18,4.4,4.7,24.2,21.0,38.5,6.7,31.1,97.092146345,92.54814231,67.2,12.0,32.3,36.4,63.6,118,324,51.6,1003,87.4,6.5,88.0,76,633,48.4,942,45.7,888,20.3,49.2,203,1136,504,1945,40.0,37.5,22.5,405,63.4,51.4,208,20.5,83,21.0,85,7.2,29,,,,,,,,,,,-1.0,0.0,3.0,0.0,0.0,0.0,,0.0,1.0,0.0,0.0,1.0,0.0,2.0,2.0,100.0,-0.1,-3.0,-0.1,-3.1,26.1,6.0,4.3,28.2
"Benintendi, Andrew",643217,2022,461,521,140,109,23,3,5,77,52,14.8,10.0,0.304,0.399,0.373,0.772,0.273,0.423,0.342,0.34,0.348,0.151,0.361,0.359,0.36,0.326,0.031,-0.024,0.002,,,,,,,,,,,,,89.2,12.6,39.2,20,5.1,6.2,30.0,25.1,30.8,2.8,38.7,98.21078057,93.391636347,73.2,18.0,22.7,29.5,70.5,64,217,49.6,955,83.1,8.0,82.0,128,711,50.4,971,42.2,813,20.7,48.2,269,1133,457,1926,29.0,41.0,30.0,390,58.0,43.8,171,26.7,104,25.9,101,3.6,14,,,,,,,,,,,-1.0,1.0,18.0,5.6,1.0,2.0,50.0,8.0,13.0,61.5,13.0,18.0,72.2,22.0,22.0,100.0,0.0,0.2,0.2,0.4,33.5,1.0,4.38,27.6
"Kemp, Tony",643393,2022,497,558,117,84,24,2,7,69,45,12.4,8.1,0.235,0.334,0.307,0.641,0.222,0.306,0.287,0.273,0.296,0.084,0.284,0.265,0.271,0.257,0.013,0.028,0.014,,,,,,,,,,,,,84.4,15.0,33.9,7,1.6,4.1,23.6,30.0,33.0,7.3,14.9,93.050155144,90.545713639,68.4,9.4,29.4,22.7,77.3,68,300,49.8,1020,75.7,8.5,90.6,66,702,50.2,1027,44.3,907,13.4,48.9,283,1242,457,2047,39.0,38.1,22.9,436,60.2,43.3,189,24.3,106,22.9,100,9.4,41,,,,,,,,,,,-2.0,0.0,6.0,0.0,0.0,3.0,0.0,0.0,4.0,0.0,12.0,13.0,92.3,12.0,12.0,100.0,-0.5,-2.3,-0.3,-3.1,30.1,,4.45,26.3
"Kiner-Falefa, Isiah",643396,2022,483,531,126,102,20,0,4,72,35,13.6,6.6,0.261,0.327,0.314,0.641,0.261,0.339,0.285,0.292,0.317,0.078,0.297,0.306,0.303,0.306,0.0,-0.012,-0.007,,,,,,,,,,,,,86.2,4.3,29.6,5,1.2,4.3,26.5,18.1,43.2,6.4,30.1,96.614692718,92.355143236,58.0,6.1,30.8,21.6,78.4,63,291,48.7,944,69.8,8.9,93.9,35,577,51.3,995,45.2,876,11.3,44.7,208,1155,472,1940,31.5,38.9,29.6,419,62.5,55.8,234,14.8,62,23.6,99,5.7,24,,,,,,,,,,,,,,,,,,,,,,,,,,,,,,,,,4.27,28.4
"McNeil, Jeff",643446,2022,533,589,174,125,39,1,9,61,40,10.4,6.8,0.326,0.454,0.382,0.836,0.279,0.399,0.365,0.326,0.34,0.12,0.377,0.329,0.365,0.313,0.047,0.055,0.039,,,,,,,,,,,,,86.9,12.8,39.0,13,2.7,5.2,29.8,27.5,31.2,3.6,30.2,96.275278692,92.172015654,77.6,12.3,29.2,25.9,74.1,77,297,49.2,1017,86.2,7.4,87.7,100,813,50.8,1048,42.2,872,15.9,53.8,274,1284,432,2065,33.3,39.8,26.8,477,59.5,41.3,197,22.9,109,30.0,143,5.9,28,,,,,,,,,,,0.0,0.0,1.0,0.0,1.0,1.0,100.0,4.0,7.0,57.1,4.0,4.0,100.0,11.0,11.0,100.0,0.3,-0.2,-0.1,0.0,34.4,,4.16,27.4
"Devers, Rafael",646240,2022,555,614,164,94,42,1,27,114,50,18.6,8.1,0.295,0.521,0.358,0.879,0.28,0.514,0.373,0.365,0.346,0.234,0.436,0.426,0.369,0.352,0.015,0.007,0.008,,,,,,,,,,,,,93.1,11.3,33.1,51,11.5,7.7,23.9,22.5,32.0,2.0,50.9,103.784239231,96.704402472,76.3,22.2,36.2,39.0,61.0,171,438,54.2,1209,88.0,7.4,77.8,173,781,45.8,1023,41.5,926,28.2,54.6,394,1317,456,2232,28.2,44.8,27.0,444,62.0,42.3,188,23.9,106,26.4,117,7.4,33,,,,,,,,,,,,,,,,,,,,,,,,,,,,,,,,,4.56,25.6
"Arraez, Luis",650333,2022,547,603,173,133,31,1,8,43,50,7.1,8.3,0.316,0.42,0.375,0.795,0.289,0.429,0.35,0.341,0.351,0.14,0.345,0.335,0.341,0.313,0.027,-0.009,0.009,,,,,,,,,,,,,88.9,12.9,38.7,18,3.6,5.7,30.6,27.6,31.0,1.4,30.2,96.195004348,92.276757036,63.2,5.6,24.1,10.6,89.4,32,303,52.1,1257,68.1,6.8,94.4,41,731,47.9,1156,44.0,1062,7.1,42.9,339,1485,541,2413,28.4,41.2,30.4,507,51.3,41.2,209,25.4,129,29.8,151,3.6,18,,,,,,,,,,,,,,,,,,,,,,,,,,,,,,,,,4.48,26.9
"Torres, Gleyber",650402,2022,526,572,135,82,28,1,24,129,39,22.6,6.8,0.257,0.451,0.31,0.761,0.242,0.46,0.328,0.325,0.297,0.218,0.398,0.393,0.338,0.319,0.015,-0.009,0.003,,,,,,,,,,,,,90.4,17.5,36.2,43,10.7,8.5,23.7,30.4,23.7,3.0,45.3,100.5348042,94.660057845,71.9,22.2,27.7,40.1,59.9,125,312,50.7,1127,75.8,7.4,77.8,175,790,49.3,1098,41.3,918,27.2,49.6,244,1166,621,2226,35.9,35.4,28.7,401,64.4,35.9,144,32.7,131,24.2,97,7.2,29,,,,,,,,,,,,,,,,,,,,,,,,,,,,,,,,,4.51,26.9
"Díaz, Yandy",650490,2022,473,558,140,98,33,0,9,60,78,10.8,14.0,0.296,0.423,0.401,0.824,0.284,0.432,0.366,0.365,0.392,0.148,0.355,0.353,0.338,0.325,0.012,-0.009,0.001,,,,,,,,,,,,,92.2,7.7,30.7,20,4.8,8.9,26.1,20.5,36.7,1.7,49.0,103.107838195,96.208559878,63.6,9.6,19.6,29.0,71.0,62,214,50.7,1093,73.4,8.2,90.4,65,677,49.3,1064,42.2,910,14.3,41.3,204,1324,478,2157,29.0,37.9,33.1,414,52.2,50.0,207,19.6,81,24.4,101,6.0,25,,,,,,,,,,,,,,,,,,,,,,,,,,,,,,,,,4.52,27.1
"Rengifo, Luis",650859,2022,489,511,129,86,22,4,17,79,17,15.5,3.3,0.264,0.429,0.294,0.723,0.254,0.403,0.314,0.299,0.284,0.149,0.355,0.337,0.315,0.302,0.01,0.026,0.015,,,,,,,,,,,,,86.9,9.9,31.1,22,5.4,4.9,23.1,23.8,37.7,5.1,33.6,98.09743639,93.096324743,77.3,14.1,34.9,37.5,62.5,121,323,50.9,925,87.7,7.2,85.9,97,690,49.1,893,41.5,754,21.5,55.7,351,886,521,1818,38.7,44.8,16.5,411,62.6,48.2,198,23.6,97,21.2,87,7.1,29,,,,,,,,,,,,,,,,,,,,,,,,,,,,,,,,,4.31,27.9
"Chapman, Matt",656305,2022,538,621,123,68,27,1,27,170,68,27.4,11.0,0.229,0.433,0.324,0.757,0.233,0.456,0.331,0.345,0.331,0.223,0.407,0.431,0.33,0.342,-0.004,-0.023,-0.014,,,,,,,,,,,,,92.2,19.0,34.0,48,12.9,8.8,24.1,28.7,22.5,2.7,51.2,102.906606237,96.223630699,64.2,24.0,19.2,44.7,55.3,113,253,50.0,1318,77.4,7.9,76.0,203,847,50.0,1319,43.6,1150,28.7,41.7,233,1623,633,2637,44.8,36.5,18.8,373,57.1,34.6,129,30.0,112,22.3,83,13.1,49,,,,,,,,,,,,,,,,,,,,,,,,,,,,,,,,,4.44,28.4
"Hoskins, Rhys",656555,2022,589,672,145,80,33,2,30,169,72,25.1,10.7,0.246,0.462,0.332,0.794,0.238,0.465,0.345,0.342,0.326,0.227,0.419,0.415,0.342,0.332,0.008,-0.003,0.003,,,,,,,,,,,,,90.1,18.1,37.3,47,11.1,5.9,25.5,30.0,24.8,2.6,44.3,100.842284953,94.804616643,60.7,17.2,23.2,47.8,52.2,161,337,50.2,1455,73.6,6.9,82.8,151,876,49.8,1442,44.0,1274,25.7,41.9,269,1668,823,2897,45.0,32.3,22.6,424,57.3,36.3,154,33.0,140,22.9,97,7.8,33,,,,,,,,,,,,,,,,,,,,,,,,,,,,,,,,,4.73,25.9
"Mullins, Cedric",656775,2022,608,672,157,105,32,4,16,126,47,18.8,7.0,0.258,0.403,0.318,0.721,0.233,0.363,0.315,0.292,0.297,0.13,0.355,0.324,0.322,0.294,0.025,0.04,0.023,,,,,,,,,,,,,88.8,17.4,29.3,24,4.9,5.9,23.0,32.4,28.7,4.5,37.3,98.895231356,93.569582691,71.2,16.7,29.9,36.4,63.6,129,354,48.1,1184,80.3,8.9,83.3,152,909,51.9,1276,43.7,1074,22.2,51.3,341,1477,524,2460,41.8,33.2,25.0,488,59.9,41.0,200,26.4,129,21.1,103,11.5,56,,,,,,,,,,,10.0,4.0,36.0,11.1,6.0,11.0,54.5,14.0,16.0,87.5,30.0,34.0,88.2,27.0,28.0,96.4,-0.5,1.0,0.6,1.1,34.8,18.0,4.16,28.5
"Schwarber, Kyle",656941,2022,577,669,126,56,21,3,46,200,86,29.9,12.9,0.218,0.504,0.323,0.827,0.236,0.561,0.355,0.381,0.34,0.325,0.465,0.512,0.332,0.363,-0.018,-0.057,-0.026,,,,,,,,,,,,,93.3,19.2,35.4,76,20.1,8.7,17.4,27.7,21.4,4.5,54.4,104.793857287,97.247555372,60.6,22.7,21.7,47.0,53.0,151,321,51.5,1481,70.2,6.3,77.3,192,847,48.5,1397,44.1,1269,29.4,40.6,413,1606,780,2878,42.5,37.7,19.8,379,59.7,34.3,130,33.8,128,20.6,78,11.3,43,,,,,,,,,,,-12.0,0.0,26.0,0.0,1.0,6.0,16.7,2.0,9.0,22.2,12.0,14.0,85.7,13.0,16.0,81.3,-1.1,-1.7,0.7,-2.1,30.4,,4.51,26.4
"Thomas, Lane",657041,2022,498,548,120,75,26,2,17,132,41,24.1,7.5,0.241,0.404,0.301,0.705,0.222,0.371,0.308,0.291,0.287,0.148,0.371,0.346,0.323,0.302,0.019,0.033,0.017,,,,,,,,,,,,,86.4,12.5,32.6,24,6.5,5.7,22.4,26.4,33.2,4.9,34.5,98.449522283,93.255458474,61.4,14.6,26.1,37.0,63.0,104,281,48.9,1077,76.0,7.6,85.4,101,692,51.1,1127,43.0,947,21.1,44.1,192,1379,535,2204,41.8,34.8,23.5,371,59.5,45.3,168,21.3,79,21.0,78,12.4,46,,,,,,,,,,,-3.0,0.0,21.0,0.0,0.0,3.0,0.0,3.0,9.0,33.3,19.0,22.0,86.4,29.0,31.0,93.5,-0.8,-0.7,0.1,-1.4,32.4,39.0,4.38,29.4
"Verdugo, Alex",657077,2022,593,644,166,115,39,1,11,86,42,13.4,6.5,0.28,0.405,0.328,0.733,0.275,0.443,0.319,0.332,0.325,0.168,0.342,0.358,0.324,0.32,0.005,-0.038,-0.013,,,,,,,,,,,,,89.1,8.4,37.8,31,6.0,7.6,27.3,22.8,33.9,2.3,38.2,99.112574241,93.706486823,64.0,9.6,24.9,32.0,68.0,95,297,48.0,1194,75.5,7.7,90.4,80,830,52.0,1296,44.3,1102,15.5,45.3,427,1430,528,2490,30.4,41.5,28.1,513,59.8,46.2,237,23.0,118,26.5,136,4.3,22,,,,,,,,,,,-4.0,3.0,32.0,9.4,1.0,6.0,16.7,8.0,17.0,47.1,22.0,25.0,88.0,30.0,32.0,93.8,0.3,-0.6,-0.3,-0.6,31.7,,4.38,26.8
"Ohtani, Shohei",660271,2022,586,666,160,90,30,6,34,161,72,24.2,10.8,0.273,0.519,0.356,0.875,0.274,0.569,0.37,0.387,0.357,0.296,0.461,0.488,0.374,0.375,-0.001,-0.05,-0.017,,,,,,,,,,,,,92.9,12.1,35.0,72,16.8,5.6,24.5,19.9,29.9,3.0,49.8,103.823624272,96.520363788,72.1,23.1,28.4,39.8,60.2,150,377,52.2,1329,86.8,6.8,76.9,203,877,47.8,1217,44.6,1135,28.1,49.3,535,1318,577,2546,36.0,36.2,27.8,428,60.4,43.0,184,30.1,129,23.6,101,3.3,14,,,,,,,,,,,,,,,,,,,,,,,,,,,,,,,,9.0,4.09,28.2
"Acuña Jr., Ronald",660670,2022,467,533,124,85,24,0,15,126,53,23.6,9.9,0.266,0.413,0.351,0.764,0.27,0.496,0.335,0.368,0.356,0.227,0.397,0.448,0.36,0.369,-0.004,-0.083,-0.033,,,,,,,,,,,,,91.2,10.8,32.8,44,12.8,6.1,21.8,20.3,32.3,5.8,49.7,103.759318129,96.440064282,73.5,19.4,24.3,40.1,59.9,110,274,52.1,1127,82.0,7.7,80.6,148,761,47.9,1035,42.7,924,24.9,47.9,265,1288,546,2162,40.4,39.5,20.1,344,60.8,47.7,164,24.7,85,21.2,73,6.4,22,,,,,,,,,,,-7.0,0.0,10.0,0.0,1.0,4.0,25.0,0.0,3.0,0.0,11.0,19.0,57.9,12.0,14.0,85.7,-1.1,-1.0,0.8,-1.3,31.6,25.0,4.26,28.5
"Varsho, Daulton",662139,2022,531,592,125,72,23,3,27,145,46,24.5,7.8,0.235,0.443,0.302,0.745,0.213,0.401,0.323,0.301,0.284,0.189,0.392,0.36,0.32,0.292,0.022,0.042,0.022,,,,,,,,,,,,,87.7,14.9,33.6,40,10.2,8.4,16.8,26.0,30.3,7.1,35.6,99.211725904,93.6867316,69.1,20.6,30.5,36.8,63.2,125,340,48.0,1114,78.1,6.9,79.4,172,834,52.0,1207,44.1,1024,25.3,50.6,370,1197,664,2321,50.9,32.1,17.0,393,62.8,42.7,168,29.8,117,19.6,77,7.9,31,12.0,1.96,1.96,1.96,0.0,,,,0.68,78.9,17.0,6.0,21.0,28.6,6.0,7.0,85.7,19.0,22.0,86.4,12.0,14.0,85.7,21.0,21.0,100.0,1.2,2.3,0.2,3.7,37.0,,4.27,28.0
"Hoerner, Nico",663538,2022,481,517,135,98,22,5,10,57,28,11.0,5.4,0.281,0.41,0.327,0.737,0.273,0.384,0.32,0.309,0.321,0.111,0.336,0.323,0.317,0.31,0.008,0.026,0.011,,,,,,,,,,,,,87.2,10.6,32.4,11,2.6,4.7,26.3,24.2,35.9,4.0,33.5,97.678971875,92.920531108,65.1,7.3,33.8,27.0,73.0,84,311,50.9,919,69.1,7.5,92.7,42,578,49.1,888,42.8,773,14.2,49.2,246,917,561,1831,33.6,35.2,31.2,426,64.7,46.5,198,24.2,103,23.5,100,5.9,25,,,,,,,,,,,,,,,,,,,,,,,,,,,,,,,,12.0,4.28,29.1
"Riley, Austin",663586,2022,615,693,168,89,39,2,38,168,57,24.2,8.2,0.273,0.528,0.349,0.877,0.271,0.558,0.377,0.385,0.348,0.287,0.465,0.479,0.373,0.371,0.002,-0.03,-0.008,,,,,,,,,,,,,92.5,12.9,37.7,71,15.7,8.4,20.2,22.8,29.7,2.9,50.8,104.398300222,96.785171533,75.3,18.7,30.1,47.7,52.3,200,419,52.6,1390,84.5,7.1,81.3,176,942,47.4,1251,41.5,1096,27.6,51.5,302,1483,744,2641,39.2,36.4,24.4,451,63.2,39.0,176,28.8,130,26.2,118,6.0,27,,,,,,,,,,,,,,,,,,,,,,,,,,,,,,,,,4.5,27.8
"Mountcastle, Ryan",663624,2022,555,609,139,88,28,1,22,154,43,25.3,7.1,0.25,0.423,0.305,0.728,0.274,0.522,0.316,0.363,0.329,0.248,0.393,0.464,0.341,0.376,-0.024,-0.099,-0.047,,,,,,,,,,,,,91.3,15.9,39.5,61,15.0,4.7,27.0,24.3,26.5,1.7,46.3,101.941494208,95.335163391,79.1,22.0,37.8,42.9,57.1,210,490,55.5,1298,90.9,6.1,78.0,181,824,44.5,1042,41.3,966,29.8,56.2,226,1253,706,2340,32.1,37.5,30.4,408,63.3,37.3,152,32.1,131,25.7,105,4.9,20,,,,,,,,,,,,,,,,,,,,,,,,,,,,,,,,,4.51,27.5
"Hayes, Ke'Bryan",663647,2022,505,560,123,89,24,3,7,122,48,21.8,8.6,0.244,0.345,0.314,0.659,0.246,0.363,0.294,0.304,0.318,0.117,0.333,0.348,0.319,0.325,-0.002,-0.018,-0.01,,,,,,,,,,,,,91.0,5.2,30.6,15,3.9,6.2,27.5,21.0,38.4,1.8,46.8,102.263213822,95.477046745,61.2,10.7,27.1,41.3,58.7,131,317,52.5,1170,70.1,7.0,89.3,69,647,47.5,1057,42.3,943,20.7,43.3,205,1265,674,2227,26.0,40.8,33.2,385,58.6,49.6,191,17.7,68,27.0,104,5.7,22,,,,,,,,,,,,,,,,,,,,,,,,,,,,,,,,,4.41,27.9
"Tucker, Kyle",663656,2022,544,609,140,81,28,1,30,95,59,15.6,9.7,0.257,0.478,0.33,0.808,0.263,0.51,0.348,0.362,0.337,0.247,0.378,0.397,0.31,0.32,-0.006,-0.032,-0.014,,,,,,,,,,,,,90.0,19.0,34.4,46,10.2,10.2,21.7,30.2,25.3,2.2,42.4,100.332560357,94.468288036,80.2,13.4,26.1,39.7,60.3,119,300,50.8,1148,90.6,6.1,86.6,120,893,49.2,1114,43.3,980,20.0,52.7,369,1216,562,2262,41.9,34.8,23.3,451,61.1,34.4,155,37.7,170,22.0,99,6.0,27,,,,,,,,,,,5.0,0.0,22.0,0.0,1.0,5.0,20.0,7.0,8.0,87.5,23.0,26.0,88.5,38.0,39.0,97.4,0.1,-0.8,0.2,-0.6,31.7,,4.5,26.7
"Grisham, Trent",663757,2022,451,524,83,48,16,2,17,150,57,28.6,10.9,0.184,0.341,0.284,0.625,0.203,0.37,0.28,0.298,0.301,0.167,0.333,0.364,0.274,0.302,-0.019,-0.029,-0.018,,,,,,,,,,,,,88.3,15.1,25.5,25,8.1,5.8,19.0,28.1,28.4,10.3,35.5,99.46593125,93.84436934,56.1,19.6,20.7,44.7,55.3,101,226,49.1,1090,65.0,8.0,80.4,124,633,50.9,1129,44.9,996,26.2,38.7,319,1402,435,2219,43.5,31.6,24.8,310,58.9,46.1,143,30.0,93,14.8,46,9.0,28,,,,,,,,,,,16.0,8.0,27.0,29.6,7.0,8.0,87.5,11.0,17.0,64.7,29.0,32.0,90.6,33.0,34.0,97.1,2.3,0.7,-1.7,1.3,35.2,8.0,4.35,28.8
"Rodgers, Brendan",663898,2022,527,581,140,94,30,3,13,101,46,17.4,7.9,0.266,0.408,0.325,0.733,0.262,0.413,0.321,0.326,0.326,0.152,0.354,0.361,0.325,0.326,0.004,-0.005,-0.005,,,,,,,,,,,,,90.0,4.6,31.3,31,7.2,5.6,26.2,17.9,39.0,3.5,45.9,101.127645047,94.882864603,72.1,15.4,27.2,41.6,58.4,121,291,50.6,1068,82.4,7.2,84.6,116,753,49.4,1044,41.9,884,22.7,49.4,282,1225,519,2112,27.4,38.5,34.1,431,61.1,52.0,224,19.7,85,25.5,110,2.8,12,,,,,,,,,,,,,,,,,,,,,,,,,,,,,,,,,4.51,26.7
"Lowe, Nathaniel",663993,2022,593,645,179,123,26,3,27,147,48,22.8,7.4,0.302,0.492,0.358,0.85,0.273,0.47,0.368,0.346,0.332,0.197,0.453,0.422,0.401,0.363,0.029,0.022,0.022,,,,,,,,,,,,,90.2,8.2,34.1,44,9.9,5.2,28.0,18.4,35.0,3.4,44.8,101.963916216,95.317229707,74.0,17.9,29.2,43.6,56.4,156,358,48.6,1227,83.7,7.5,82.1,172,961,51.4,1298,44.5,1124,24.9,52.2,228,1600,610,2525,30.7,40.8,28.5,446,62.7,48.2,215,21.5,96,26.0,116,4.3,19,,,,,,,,,,,,,,,,,,,,,,,,,,,,,,,,,4.39,27.1
"Happ, Ian",664023,2022,573,641,155,94,42,2,17,149,58,23.2,9.0,0.271,0.44,0.342,0.782,0.239,0.396,0.339,0.312,0.315,0.157,0.408,0.368,0.362,0.322,0.032,0.044,0.027,,,,,,,,,,,,,89.7,10.9,29.2,28,6.5,6.5,24.1,23.8,35.3,2.8,40.4,100.312408396,94.405566288,71.8,20.5,26.6,44.6,55.4,153,343,50.6,1290,83.4,7.6,79.5,185,904,49.4,1259,45.1,1149,27.2,49.0,490,1408,581,2572,40.0,34.6,25.5,428,57.7,47.4,203,24.8,106,22.0,94,5.8,25,,,,,,,,,,,2.0,1.0,26.0,3.8,4.0,7.0,57.1,11.0,14.0,78.6,30.0,34.0,88.2,28.0,28.0,100.0,1.4,-0.6,-1.0,-0.2,32.8,,4.32,27.9
"France, Ty",664034,2022,551,613,151,103,27,1,20,94,35,15.3,5.7,0.274,0.436,0.338,0.774,0.26,0.409,0.337,0.323,0.328,0.149,0.364,0.345,0.327,0.313,0.014,0.027,0.014,,,,,,,,,,,,,87.6,10.0,34.8,25,5.4,5.0,27.5,21.9,35.3,3.9,36.8,99.035163319,93.565264683,75.8,9.8,31.9,39.3,60.7,147,374,53.1,1174,81.7,6.4,90.2,77,786,46.9,1037,41.9,926,19.3,52.5,215,1291,587,2211,35.5,35.1,29.4,462,57.5,47.8,221,21.2,98,25.5,118,5.4,25,,,,,,,,,,,,,,,,,,,,,,,,,,,,,,,,,4.88,24.8
"Straw, Myles",664702,2022,535,596,118,93,22,3,0,87,54,14.6,9.1,0.221,0.273,0.291,0.564,0.239,0.316,0.257,0.281,0.309,0.077,0.254,0.286,0.261,0.284,-0.018,-0.043,-0.024,,,,,,,,,,,,,87.0,9.8,34.1,3,0.7,4.8,25.1,28.6,35.9,4.4,26.5,95.486124533,91.784236481,57.9,8.1,19.6,28.4,71.6,60,211,45.6,1075,69.3,9.2,91.9,60,742,54.4,1282,42.0,989,12.6,40.5,126,1532,582,2360,24.0,39.4,36.6,454,62.2,47.6,216,22.5,102,26.2,119,3.7,17,,,,,,,,,,,14.0,3.0,30.0,10.0,6.0,11.0,54.5,12.0,17.0,70.6,33.0,33.0,100.0,25.0,25.0,100.0,0.1,0.2,-0.1,0.1,33.9,50.0,4.14,29.3
"Bohm, Alec",664761,2022,586,631,164,124,24,3,13,110,31,17.4,4.9,0.28,0.398,0.315,0.713,0.287,0.445,0.31,0.334,0.325,0.158,0.353,0.385,0.337,0.35,-0.007,-0.047,-0.024,,,,,,,,,,,,,90.2,10.4,37.7,33,6.8,6.0,29.8,21.6,33.3,2.5,43.0,100.649873374,94.552579815,72.0,16.1,31.4,31.8,68.2,118,371,51.4,1182,80.0,7.8,83.9,130,806,48.6,1119,43.7,1006,21.1,51.2,181,1384,593,2301,30.2,39.1,30.7,486,62.7,46.3,225,21.0,102,27.2,132,5.6,27,,,,,,,,,,,,,,,,,,,,,,,,,,,,,,,,,4.59,27.0
"Brown, Seth",664913,2022,500,555,115,61,26,3,25,146,51,26.3,9.2,0.23,0.444,0.305,0.749,0.249,0.472,0.323,0.342,0.322,0.222,0.404,0.433,0.324,0.352,-0.019,-0.028,-0.019,,,,,,,,,,,,,89.2,15.8,34.9,46,13.0,5.4,23.4,29.6,24.8,3.7,41.4,101.723429266,95.001222068,69.7,18.0,29.1,54.5,45.5,183,336,52.6,1156,77.2,7.2,82.0,131,726,47.4,1042,42.6,937,29.6,48.3,456,986,641,2198,40.3,36.1,23.7,355,61.2,36.6,130,30.4,108,24.5,87,8.5,30,,,,,,,,,,,-5.0,0.0,5.0,0.0,0.0,3.0,0.0,2.0,7.0,28.6,7.0,10.0,70.0,15.0,16.0,93.8,0.3,-2.0,-0.1,-1.8,30.9,,4.51,27.8
"Peña, Jeremy",665161,2022,521,558,132,88,20,2,22,135,22,24.2,3.9,0.253,0.426,0.289,0.715,0.251,0.418,0.309,0.307,0.288,0.167,0.388,0.386,0.338,0.337,0.002,0.008,0.002,,,,,,,,,,,,,88.1,8.7,32.9,38,9.7,5.4,25.0,19.9,33.7,5.9,36.7,99.803563646,93.99255276,75.3,15.3,37.8,54.7,45.3,222,406,53.5,1073,83.3,6.6,84.7,107,701,46.5,931,41.1,823,29.7,55.2,274,973,621,2004,42.6,33.2,24.2,392,68.5,47.7,187,22.4,88,25.3,99,4.6,18,,,,,,,,,,,,,,,,,,,,,,,,,,,,,,,,38.0,4.28,29.4
"Guerrero Jr., Vladimir",665489,2022,638,706,175,108,35,0,32,116,58,16.4,8.2,0.274,0.48,0.339,0.819,0.276,0.482,0.351,0.354,0.341,0.206,0.391,0.395,0.333,0.336,-0.002,-0.002,-0.003,,,,,,,,,,,,,92.8,4.3,27.9,59,11.2,6.8,20.2,17.1,41.6,2.1,50.4,105.507038582,97.328619789,71.5,16.2,30.5,41.4,58.6,174,420,53.0,1377,81.2,6.5,83.8,141,871,47.0,1219,42.1,1092,24.4,49.7,377,1394,645,2596,37.8,39.9,22.2,526,59.3,52.3,275,17.1,90,24.5,129,6.1,32,,,,,,,,,,,,,,,,,,,,,,,,,,,,,,,,,4.56,26.7
"Soto, Juan",665742,2022,524,664,127,73,25,2,27,96,135,14.5,20.3,0.242,0.452,0.401,0.853,0.263,0.516,0.376,0.403,0.418,0.253,0.363,0.405,0.297,0.322,-0.021,-0.064,-0.027,,,,,,,,,,,,,91.0,9.1,28.5,53,12.4,7.2,18.2,22.2,36.0,4.0,47.4,102.236934112,95.653888852,56.3,13.8,17.2,35.4,64.6,90,254,53.3,1474,72.8,6.7,86.2,100,727,46.7,1291,41.3,1141,19.4,35.5,499,1488,688,2765,33.6,42.1,24.3,428,53.9,47.4,203,27.1,116,19.2,82,6.3,27,,,,,,,,,,,-15.0,1.0,24.0,4.2,0.0,7.0,0.0,3.0,15.0,20.0,29.0,35.0,82.9,25.0,27.0,92.6,0.4,-1.5,-0.2,-1.3,31.5,,4.39,26.6
"Giménez, Andrés",665926,2022,491,557,146,100,26,3,17,112,34,20.1,6.1,0.297,0.466,0.371,0.837,0.259,0.415,0.364,0.332,0.338,0.156,0.422,0.375,0.382,0.335,0.038,0.051,0.032,,,,,,,,,,,,,87.8,11.7,31.3,24,6.2,6.5,25.6,20.7,32.4,8.5,37.8,99.022592,93.615976351,70.9,18.8,38.4,39.0,61.0,162,415,52.9,1082,70.4,6.9,81.2,128,682,47.1,962,41.5,849,26.4,53.7,269,1142,542,2044,37.8,40.4,21.8,386,63.5,48.2,186,19.4,75,24.4,94,8.0,31,,,,,,,,,,,,,,,,,,,,,,,,,,,,,,,,44.0,4.13,29.3
"Bichette, Bo",666182,2022,652,697,189,121,43,1,24,155,41,22.2,5.9,0.29,0.469,0.333,0.802,0.271,0.456,0.347,0.334,0.315,0.185,0.426,0.407,0.379,0.355,0.019,0.013,0.013,,,,,,,,,,,,,91.9,8.5,33.3,48,9.6,7.2,27.1,17.2,35.5,2.4,50.3,102.743171296,96.003278846,77.6,14.8,35.2,40.3,59.7,183,454,51.1,1289,84.5,7.4,85.2,142,957,48.9,1233,42.6,1075,23.0,55.9,274,1489,614,2522,29.3,35.9,34.9,499,66.1,49.1,245,22.0,110,24.6,123,4.2,21,,,,,,,,,,,,,,,,,,,,,,,,,,,,,,,,,4.5,27.5
"García, Adolis",666969,2022,605,657,151,85,34,5,27,183,40,27.9,6.1,0.25,0.456,0.3,0.756,0.242,0.467,0.324,0.326,0.294,0.225,0.425,0.429,0.353,0.345,0.008,-0.011,-0.002,,,,,,,,,,,,,92.1,13.2,36.9,55,12.9,9.3,22.9,22.9,28.7,2.8,47.4,102.368780141,95.786867388,73.5,26.6,37.3,44.6,55.4,233,523,55.3,1402,76.2,6.6,73.4,222,834,44.7,1135,41.2,1044,33.5,53.5,262,1509,637,2537,39.3,37.9,22.9,428,62.9,41.1,176,25.0,107,24.5,105,9.3,40,,,,,,,,,,,1.0,2.0,24.0,8.3,1.0,5.0,20.0,13.0,14.0,92.9,17.0,21.0,81.0,30.0,32.0,93.8,0.7,0.3,-0.2,0.8,33.7,12.0,4.35,27.9
"Arozarena, Randy",668227,2022,586,645,154,90,41,3,20,156,46,24.2,7.1,0.263,0.445,0.327,0.772,0.228,0.386,0.336,0.299,0.296,0.158,0.411,0.357,0.356,0.309,0.035,0.059,0.037,,,,,,,,,,,,,89.9,8.8,28.2,34,7.9,5.8,20.1,22.7,40.5,2.5,41.0,101.17822,94.772195116,64.0,21.5,30.9,41.3,58.7,175,424,54.2,1370,74.4,6.8,78.5,159,741,45.8,1157,42.4,1072,28.7,46.1,282,1316,767,2527,32.4,44.2,23.4,432,60.5,50.2,217,19.7,85,20.8,90,9.3,40,,,,,,,,,,,-1.0,1.0,20.0,5.0,2.0,6.0,33.3,5.0,9.0,55.6,13.0,17.0,76.5,19.0,21.0,90.5,-0.2,-0.5,-0.2,-0.9,31.1,13.0,4.27,28.8
"Reynolds, Bryan",668804,2022,542,614,142,92,19,4,27,141,56,23.0,9.1,0.262,0.461,0.345,0.806,0.249,0.43,0.349,0.332,0.334,0.181,0.416,0.391,0.352,0.336,0.013,0.031,0.017,,,,,,,,,,,,,90.2,12.0,35.5,32,7.9,6.0,24.8,25.8,31.5,4.0,42.9,100.882578564,94.722792556,73.0,15.9,31.5,51.0,49.0,201,394,54.4,1252,84.8,6.6,84.1,122,767,45.6,1051,43.4,1000,27.8,50.4,458,1243,542,2303,39.2,37.5,23.3,403,62.6,43.7,176,27.8,112,24.6,99,4.0,16,,,,,,,,,,,-6.0,0.0,24.0,0.0,1.0,7.0,14.3,3.0,5.0,60.0,13.0,17.0,76.5,18.0,22.0,81.8,-1.4,-0.1,0.7,-0.8,33.4,1.0,4.34,28.2
"Rojas, Josh",668942,2022,443,510,119,84,25,1,9,98,55,19.2,10.8,0.269,0.391,0.349,0.74,0.239,0.373,0.326,0.308,0.324,0.135,0.36,0.335,0.34,0.304,0.03,0.018,0.018,,,,,,,,,,,,,88.8,11.9,33.5,16,4.5,4.8,27.3,26.5,31.3,5.4,36.1,98.050444128,93.265048338,62.5,16.3,19.9,40.7,59.3,83,204,50.4,1025,78.1,7.4,83.7,103,630,49.6,1008,42.9,873,22.3,41.0,302,1131,515,2033,32.7,36.1,31.3,355,58.4,43.9,156,26.2,93,26.2,93,3.7,13,,,,,,,,,,,,,,,,,,,,,,,,,,,,,,,,,4.37,27.3
"Melendez, MJ",669004,2022,460,534,100,58,21,3,18,131,66,24.5,12.4,0.217,0.393,0.313,0.706,0.237,0.427,0.31,0.336,0.334,0.189,0.357,0.397,0.298,0.331,-0.02,-0.034,-0.026,,,,,,,,,,,,,90.7,15.1,31.0,35,10.4,6.8,23.2,27.1,29.2,2.7,43.5,100.595888323,94.716383713,66.0,20.7,24.1,46.3,53.7,125,270,51.1,1122,77.4,7.7,79.3,147,709,48.9,1074,41.4,910,27.8,44.6,372,1222,495,2196,43.5,33.6,22.9,336,55.8,39.6,133,32.7,110,20.8,70,6.8,23,20.0,1.97,1.99,1.94,1.0,1.62,1.62,,0.74,83.0,-1.0,0.0,4.0,0.0,0.0,1.0,0.0,2.0,3.0,66.7,3.0,5.0,60.0,9.0,9.0,100.0,-0.5,-0.1,0.4,-0.2,32.7,,4.21,27.8
"Murphy, Sean",669221,2022,537,612,134,77,37,2,18,124,56,20.3,9.2,0.25,0.426,0.332,0.758,0.252,0.453,0.331,0.346,0.337,0.202,0.371,0.393,0.321,0.328,-0.002,-0.027,-0.015,,,,,,,,,,,,,88.7,11.5,34.7,44,10.5,6.5,23.2,23.4,32.8,3.6,41.4,101.085158756,94.706891435,71.1,17.3,29.5,38.9,61.1,142,365,52.2,1239,79.5,7.8,82.7,139,805,47.8,1133,43.9,1042,24.0,49.3,263,1222,757,2372,39.7,36.6,23.7,418,62.5,42.1,176,23.4,98,27.0,113,7.4,31,33.0,1.89,1.88,1.91,1.0,1.4,,1.4,0.7,86.1,,,,,,,,,,,,,,,,,,,,,,,4.61,26.1
"Edman, Tommy",669242,2022,577,630,153,105,31,4,13,111,46,17.6,7.3,0.265,0.4,0.324,0.724,0.257,0.398,0.318,0.314,0.317,0.141,0.354,0.349,0.328,0.318,0.008,0.002,0.004,,,,,,,,,,,,,88.6,8.7,31.6,29,6.2,5.1,25.6,20.7,37.2,4.5,37.8,98.931648319,93.598664536,64.0,11.8,30.6,38.2,61.8,139,364,51.1,1189,69.1,6.4,88.2,86,729,48.9,1139,44.6,1039,20.6,47.0,443,1366,454,2328,37.8,38.7,23.5,468,61.4,49.4,231,20.5,96,23.5,110,6.6,31,,,,,,,,,,,,,,,,,,,,,,,,,,,,,,,,12.0,4.25,28.7
"Smith, Will",669257,2022,508,578,132,79,26,3,24,96,56,16.6,9.7,0.26,0.465,0.343,0.808,0.256,0.498,0.349,0.358,0.34,0.242,0.378,0.39,0.317,0.314,0.004,-0.033,-0.009,,,,,,,,,,,,,89.9,18.4,36.8,43,10.3,7.2,23.3,33.4,22.6,3.1,43.0,99.764565096,94.188464255,63.7,16.1,21.3,29.1,70.9,73,251,49.8,1181,73.1,8.3,83.9,122,759,50.2,1192,40.8,968,19.3,42.6,219,1305,721,2373,36.5,36.8,26.7,416,60.0,31.5,131,37.3,155,25.5,106,5.8,24,32.0,1.93,1.94,1.88,2.0,1.51,1.51,,0.71,83.6,,,,,,,,,,,,,,,,,,,,,,,4.5,27.5
"Hays, Austin",669720,2022,535,582,134,81,35,2,16,114,34,19.6,5.8,0.25,0.413,0.306,0.719,0.239,0.383,0.314,0.301,0.297,0.145,0.359,0.341,0.316,0.304,0.011,0.03,0.013,,,,,,,,,,,,,87.7,11.3,32.3,22,5.2,7.1,23.3,25.5,35.1,3.3,37.7,98.997922429,93.543165976,67.7,12.3,36.2,41.9,58.1,166,396,53.3,1093,75.6,6.2,87.7,80,649,46.7,958,42.2,866,23.5,51.0,211,1115,603,2051,40.8,36.3,22.9,424,65.3,43.6,185,22.4,95,23.6,100,10.4,44,,,,,,,,,,,-5.0,0.0,24.0,0.0,0.0,10.0,0.0,7.0,12.0,58.3,17.0,21.0,81.0,23.0,25.0,92.0,-0.7,-0.5,0.2,-0.9,32.1,,4.36,27.8
"Alvarez, Yordan",670541,2022,470,561,144,76,29,2,37,106,78,18.9,13.9,0.306,0.613,0.406,1.019,0.319,0.686,0.427,0.459,0.421,0.367,0.495,0.544,0.388,0.41,-0.013,-0.073,-0.032,,,,,,,,,,,,,95.2,12.3,40.7,78,21.0,7.5,23.2,18.1,29.1,0.8,59.8,105.676985081,98.195923324,63.7,12.6,24.8,47.3,52.7,139,294,54.0,1186,76.6,6.6,87.4,81,643,46.0,1009,40.9,898,23.5,42.7,315,1261,541,2195,39.1,38.8,22.1,371,54.4,39.9,148,30.5,113,27.0,100,2.7,10,,,,,,,,,,,-6.0,0.0,7.0,0.0,1.0,2.0,50.0,1.0,2.0,50.0,6.0,11.0,54.5,9.0,12.0,75.0,-0.9,-2.8,0.4,-3.2,29.1,,4.52,26.6
"Kirk, Alejandro",672386,2022,470,541,134,101,19,0,14,58,63,10.7,11.6,0.285,0.415,0.372,0.787,0.275,0.447,0.347,0.354,0.364,0.172,0.342,0.351,0.322,0.312,0.01,-0.032,-0.007,,,,,,,,,,,,,90.5,8.1,32.0,28,6.7,6.5,27.2,20.2,35.3,3.8,45.4,101.053304663,94.989537614,59.6,10.5,23.3,27.3,72.7,72,264,51.4,1131,70.4,6.9,89.5,67,637,48.6,1069,41.6,915,15.4,41.0,223,1297,561,2200,32.2,38.9,28.8,416,59.7,50.0,208,20.4,85,24.5,102,5.0,21,27.0,1.99,1.99,1.99,3.0,1.52,1.52,,0.72,80.3,,,,,,,,,,,,,,,,,,,,,,,4.89,24.2
"Kim, Ha-Seong",673490,2022,517,582,130,87,29,3,11,100,51,17.2,8.8,0.251,0.383,0.325,0.708,0.25,0.382,0.313,0.314,0.324,0.132,0.335,0.336,0.309,0.308,0.001,0.001,-0.001,,,,,,,,,,,,,86.7,16.1,34.0,18,4.2,6.1,24.8,28.5,29.5,6.1,32.4,97.647567656,92.869312734,60.4,14.1,24.9,32.3,67.7,91,282,48.1,1133,71.9,8.3,85.9,104,739,51.9,1223,43.1,1016,19.1,43.3,227,1405,640,2359,45.3,35.4,19.3,424,62.0,40.8,173,22.9,97,25.9,110,10.4,44,,,,,,,,,,,,,,,,,,,,,,,,,,,,,,,,1.0,4.39,28.4
"Rodríguez, Julio",677594,2022,511,560,145,89,25,3,28,145,40,25.9,7.1,0.284,0.509,0.345,0.854,0.252,0.478,0.366,0.342,0.317,0.226,0.471,0.436,0.395,0.354,0.032,0.031,0.024,,,,,,,,,,,,,92.0,10.1,32.7,48,13.1,8.4,19.3,19.1,36.5,2.5,50.7,103.718795769,96.379006446,70.5,19.9,33.5,48.6,51.4,186,383,54.9,1144,77.6,6.4,80.1,132,663,45.1,940,44.0,916,30.4,50.2,233,1058,617,2084,39.2,37.6,23.2,367,65.1,46.3,170,24.0,88,22.3,82,7.4,27,,,,,,,,,,,8.0,4.0,14.0,28.6,2.0,3.0,66.7,4.0,6.0,66.7,27.0,29.0,93.1,18.0,19.0,94.7,-0.3,0.3,0.1,0.0,34.0,74.0,4.24,29.7
"Witt Jr., Bobby",677951,2022,591,632,150,93,31,6,20,135,30,21.4,4.7,0.254,0.428,0.294,0.722,0.252,0.444,0.311,0.318,0.294,0.192,0.374,0.384,0.325,0.325,0.002,-0.016,-0.007,,,,,,,,,,,,,89.7,16.8,32.5,40,8.7,4.6,23.6,34.3,26.2,2.2,38.6,100.836506783,94.527115512,70.4,17.9,34.7,39.0,61.0,164,421,52.0,1212,78.1,7.6,82.1,141,788,48.0,1120,43.1,1006,25.2,51.8,215,1373,610,2332,33.2,39.3,27.5,461,64.0,36.2,167,33.4,154,22.6,104,7.8,36,,,,,,,,,,,,,,,,,,,,,,,,,,,,,,,,107.0,4.13,30.3
"Kwan, Steven",680757,2022,563,638,168,130,25,7,6,60,62,9.4,9.7,0.298,0.4,0.373,0.773,0.269,0.35,0.341,0.315,0.349,0.081,0.335,0.302,0.331,0.302,0.029,0.05,0.026,,,,,,,,,,,,,85.1,11.8,34.6,7,1.4,2.6,29.1,29.5,32.6,4.3,20.8,94.219058287,91.134248486,55.1,5.5,20.2,19.2,80.8,50,260,48.7,1288,63.9,8.2,94.5,41,746,51.3,1355,42.0,1110,9.0,38.1,343,1659,547,2643,28.3,37.7,34.0,509,59.0,42.6,217,23.6,120,27.9,142,5.9,30,,,,,,,,,,,9.0,2.0,26.0,7.7,5.0,6.0,83.3,17.0,21.0,81.0,23.0,25.0,92.0,31.0,31.0,100.0,0.1,1.7,-0.1,1.7,34.9,17.0,4.16,28.4
"Vaughn, Andrew",683734,2022,510,555,138,92,28,1,17,96,31,17.3,5.6,0.271,0.429,0.321,0.75,0.251,0.431,0.327,0.322,0.306,0.18,0.366,0.36,0.329,0.31,0.02,-0.002,0.005,,,,,,,,,,,,,90.8,7.5,34.1,33,7.9,10.0,22.4,17.9,37.2,2.9,48.6,101.162950291,95.12858284,61.4,12.2,32.8,37.3,62.7,128,343,50.2,1047,66.0,6.8,87.8,78,637,49.8,1038,44.1,919,21.0,47.0,196,1104,609,2087,31.0,39.4,29.6,419,62.0,48.0,201,22.2,93,25.1,105,4.8,20,,,,,,,,,,,-18.0,0.0,15.0,0.0,0.0,8.0,0.0,1.0,5.0,20.0,4.0,12.0,33.3,15.0,17.0,88.2,-1.5,-2.9,0.3,-4.1,28.7,,4.71,26.2
"Turner, Justin",457759,2023,558,626,154,100,31,0,23,110,51,17.6,8.1,0.276,0.455,0.345,0.8,0.257,0.452,0.346,0.338,0.329,0.195,0.381,0.37,0.339,0.317,0.019,0.003,0.008,66.4,0.5,10.1,8.7,38.7,33.3,6.5,4.0,10.8,-1.7,53.8,35.1,89.5,16.5,36.8,26,5.7,9.3,25.8,29.7,27.3,2.2,39.0,98.567368238,93.587032225,63.5,12.2,25.7,31.1,68.9,105,338,49.2,1313,74.3,8.3,87.8,105,863,50.8,1358,41.6,1112,17.5,45.0,226,1684,568,2670,37.9,34.8,27.3,454,60.7,35.7,162,33.0,150,25.1,114,6.2,28,,,,,,,,,,,,,,,,,,,,,,,,,,,,,,,,,4.83,25.2
"Santana, Carlos",467793,2023,550,619,132,75,33,1,23,104,65,16.8,10.5,0.24,0.429,0.318,0.747,0.237,0.382,0.323,0.309,0.317,0.145,0.344,0.324,0.293,0.291,0.003,0.047,0.014,71.4,14.0,14.0,11.3,32.3,26.0,7.5,3.0,11.2,-4.5,61.6,26.4,88.8,12.8,31.3,30,6.7,4.7,24.2,28.2,34.7,1.3,36.4,99.367236,93.791213073,68.2,17.2,24.0,34.9,65.1,107,307,51.9,1278,78.5,7.3,82.8,139,808,48.1,1185,41.4,1019,22.1,45.3,428,1359,569,2463,47.1,32.2,20.7,450,56.2,43.3,195,24.2,109,22.2,100,10.2,46,,,,,,,,,,,,,,,,,,,,,,,,,,,,,,,,,4.59,25.9
"Goldschmidt, Paul",502671,2023,593,687,159,103,31,0,25,161,87,23.4,12.7,0.268,0.447,0.363,0.81,0.264,0.491,0.35,0.365,0.36,0.228,0.413,0.436,0.366,0.361,0.004,-0.044,-0.015,72.1,18.7,15.8,12.0,29.1,22.1,7.5,3.0,8.4,6.0,47.1,32.7,91.3,12.8,35.6,52,12.0,8.5,25.1,22.1,28.7,3.7,50.8,102.40959555,95.767792759,61.8,23.2,26.5,37.2,62.8,142,382,50.6,1441,72.4,7.6,76.8,202,870,49.4,1407,41.3,1175,27.5,44.0,222,1679,754,2847,31.5,36.1,32.4,435,61.3,41.4,180,26.9,117,25.7,112,6.0,26,,,,,,,,,,,,,,,,,,,,,,,,,,,,,,,,,4.58,26.4
"Freeman, Freddie",518692,2023,637,730,211,121,59,2,29,121,72,16.6,9.9,0.331,0.567,0.41,0.977,0.315,0.567,0.411,0.406,0.396,0.252,0.463,0.457,0.405,0.386,0.016,0.0,0.005,70.5,11.4,13.5,11.3,30.2,25.2,6.7,7.0,7.5,2.3,41.0,43.7,90.0,15.2,46.6,58,11.1,8.8,29.6,21.7,25.7,2.7,42.2,100.590638269,94.617661541,76.1,14.3,26.9,36.9,63.1,139,377,51.0,1403,91.5,6.9,85.7,147,1027,49.0,1350,42.3,1165,20.4,51.0,386,1535,706,2753,35.3,36.5,28.2,521,62.0,35.9,187,29.6,154,30.9,161,3.6,19,,,,,,,,,,,,,,,,,,,,,,,,,,,,,,,,,4.53,26.7
"LeMahieu, DJ",518934,2023,497,562,121,81,22,3,15,125,60,22.2,10.7,0.243,0.39,0.327,0.717,0.252,0.394,0.315,0.323,0.336,0.142,0.357,0.37,0.324,0.336,-0.009,-0.004,-0.008,68.3,4.1,14.4,12.2,35.9,30.3,7.3,6.0,7.3,6.4,53.9,29.6,89.6,3.8,31.6,22,5.9,6.4,28.6,15.0,42.0,2.1,43.0,100.265359786,94.32212244,54.4,13.0,23.1,36.5,63.5,92,252,48.5,1093,63.8,7.9,87.0,82,632,51.5,1161,44.7,1007,19.7,39.2,185,1421,472,2254,31.8,40.6,27.5,374,60.6,55.6,208,17.4,65,22.5,84,4.5,17,,,,,,,,,,,,,,,,,,,,,,,,,,,,,,,,,4.83,25.7
"Perez, Salvador",521692,2023,538,580,137,93,21,0,23,135,19,23.3,3.3,0.255,0.422,0.292,0.714,0.262,0.465,0.302,0.326,0.302,0.203,0.375,0.409,0.333,0.348,-0.007,-0.043,-0.024,72.8,29.3,15.7,11.6,30.5,22.6,7.9,5.0,13.0,-4.7,55.9,34.5,90.1,15.6,38.0,36,8.8,9.7,25.8,28.2,23.8,3.4,44.0,101.357412537,94.955683293,77.5,19.7,47.0,43.5,56.5,239,550,56.8,1171,74.5,7.2,80.3,136,690,43.2,890,37.1,765,30.2,60.2,240,1019,601,2061,39.7,36.3,24.1,411,64.0,36.0,148,30.2,124,26.3,108,7.5,31,26.0,1.98,1.98,1.97,7.0,1.51,1.52,1.44,0.63,80.0,,,,,,,,,,,,,,,,,,,,,,,4.93,24.3
"Ozuna, Marcell",542303,2023,530,592,145,75,29,1,40,134,57,22.6,9.6,0.274,0.558,0.346,0.904,0.277,0.585,0.381,0.395,0.35,0.308,0.462,0.483,0.364,0.371,-0.003,-0.027,-0.014,75.0,53.2,20.4,15.7,34.9,26.8,7.5,7.0,13.0,-1.4,51.7,36.7,91.8,15.6,34.9,66,16.6,6.5,22.4,22.6,28.1,3.3,49.0,103.257673232,96.232240934,69.8,17.1,29.7,46.4,53.6,174,375,53.3,1262,84.8,6.7,82.9,132,771,46.7,1105,42.0,993,26.7,48.4,259,1231,706,2366,42.5,30.9,26.6,398,59.9,39.9,159,32.4,129,21.9,87,5.8,23,,,,,,,,,,,,,,,,,,,,,,,,,,,,,,,,,4.74,26.4
"Semien, Marcus",543760,2023,670,753,185,112,40,4,29,110,72,14.6,9.6,0.276,0.478,0.348,0.826,0.258,0.434,0.354,0.335,0.334,0.175,0.377,0.351,0.327,0.308,0.018,0.044,0.019,68.8,5.0,9.9,8.5,36.7,31.2,7.6,8.0,13.9,-4.2,60.1,33.4,88.4,19.1,37.5,37,6.5,6.9,23.5,36.1,24.1,2.7,37.0,98.08417844,93.189258191,72.9,11.6,21.4,40.0,60.0,120,300,50.1,1401,85.6,7.4,88.4,118,1019,49.9,1398,43.1,1205,18.0,47.1,360,1499,743,2799,46.9,32.9,20.2,565,60.9,34.0,192,35.4,200,23.5,133,7.1,40,,,,,,,,,,,,,,,,,,,,,,,,,,,,,,,,4.0,4.42,28.7
"Springer, George",543807,2023,613,683,158,111,25,1,21,125,60,18.3,8.8,0.258,0.405,0.327,0.732,0.258,0.421,0.32,0.33,0.33,0.163,0.352,0.367,0.322,0.325,0.0,-0.016,-0.01,72.7,24.7,11.5,9.0,26.8,21.0,7.5,7.0,10.0,-0.9,52.5,31.6,88.3,12.0,32.2,38,7.7,6.5,25.7,23.6,31.8,4.5,39.9,100.34851102,94.297792755,73.3,15.8,23.1,44.8,55.2,125,279,47.8,1209,87.4,7.8,84.2,153,967,52.2,1320,43.6,1102,22.3,49.3,303,1369,656,2528,37.5,38.1,24.4,491,61.6,44.8,220,25.9,127,22.4,110,6.9,34,,,,,,,,,,,1.0,1.0,25.0,4.0,1.0,6.0,16.7,9.0,11.0,81.8,26.0,28.0,92.9,18.0,21.0,85.7,-0.1,0.2,-0.2,-0.1,32.6,1.0,4.41,27.8
"Harper, Bryce",547180,2023,457,546,134,83,29,1,21,119,80,21.8,14.7,0.293,0.499,0.401,0.9,0.282,0.53,0.384,0.396,0.396,0.248,0.447,0.466,0.392,0.383,0.011,-0.031,-0.012,75.5,56.0,25.1,17.5,33.9,23.6,7.4,6.0,12.0,0.0,45.1,36.0,91.8,9.1,36.8,52,15.2,6.7,23.4,17.8,32.7,4.1,46.8,103.839812899,96.235486154,77.9,21.2,33.4,53.0,47.0,213,402,59.5,1203,91.2,6.2,78.8,135,637,40.5,818,42.3,854,33.5,51.4,341,998,557,2021,36.5,37.7,25.7,342,58.2,45.3,155,22.8,78,27.2,93,4.7,16,,,,,,,,,,,,,,,,,,,,,,,,,,,,,,,,,4.42,27.6
"Abreu, José",547989,2023,540,594,128,86,23,1,18,130,42,21.9,7.1,0.237,0.383,0.296,0.679,0.244,0.414,0.295,0.315,0.307,0.17,0.342,0.37,0.308,0.322,-0.007,-0.031,-0.02,74.1,42.1,16.5,12.0,28.7,20.9,7.4,4.0,8.0,-0.5,48.1,32.4,89.0,10.8,32.5,36,8.7,4.6,23.3,24.8,35.3,3.1,41.6,100.821833606,94.59770588,65.2,17.9,36.3,40.5,59.5,184,454,52.1,1251,73.3,6.7,82.1,134,749,47.9,1149,42.6,1022,26.4,50.1,196,1390,615,2400,32.7,39.4,27.9,416,59.2,45.0,187,21.9,91,26.0,108,7.2,30,,,,,,,,,,,,,,,,,,,,,,,,,,,,,,,,,4.76,25.5
"Díaz, Elias",553869,2023,486,526,130,90,25,1,14,118,34,22.4,6.5,0.267,0.409,0.316,0.725,0.242,0.379,0.314,0.296,0.294,0.138,0.377,0.351,0.349,0.319,0.025,0.03,0.018,73.6,33.5,13.6,9.6,27.6,19.5,7.0,7.0,6.3,-4.2,42.6,31.0,88.1,12.7,31.2,23,6.2,4.3,28.2,24.7,31.2,4.6,38.4,100.035107459,94.071648482,76.5,19.0,36.2,45.5,54.5,176,387,53.9,1069,81.4,8.1,81.0,133,700,46.1,915,41.2,817,28.4,54.8,279,1032,533,1984,40.3,38.2,21.5,372,62.7,46.5,173,19.9,74,25.3,94,8.3,31,51.0,1.93,1.93,1.93,8.0,1.5,1.46,1.62,0.66,83.4,,,,,,,,,,,,,,,,,,,,,,,4.8,25.0
"Suárez, Eugenio",553993,2023,598,694,139,88,29,0,22,214,70,30.8,10.1,0.232,0.391,0.323,0.714,0.218,0.421,0.313,0.323,0.314,0.204,0.4,0.417,0.352,0.336,0.014,-0.03,-0.01,72.3,22.2,12.6,8.6,30.3,20.5,7.8,14.0,17.9,-0.8,51.9,38.3,90.3,18.9,37.7,52,13.2,6.8,23.3,31.6,22.3,2.8,43.0,100.661115455,94.726665316,65.7,24.6,23.6,55.5,44.5,191,344,50.2,1459,77.5,8.4,75.4,233,949,49.8,1445,40.7,1182,32.8,44.5,296,1641,732,2903,46.3,32.7,21.0,395,60.1,34.2,135,34.4,136,25.1,99,6.3,25,,,,,,,,,,,,,,,,,,,,,,,,,,,,,,,,,4.71,26.4
"Arenado, Nolan",571448,2023,560,612,149,95,26,2,26,101,41,16.5,6.7,0.266,0.459,0.315,0.774,0.262,0.439,0.327,0.32,0.313,0.177,0.367,0.358,0.319,0.315,0.004,0.02,0.007,71.3,15.3,12.5,10.7,31.3,26.9,8.2,14.0,12.0,-5.7,54.5,34.5,88.8,16.9,33.0,34,7.3,6.0,25.5,29.8,28.9,2.6,38.1,99.311427863,93.760489679,65.5,10.6,34.1,35.9,64.1,151,421,54.1,1236,73.5,7.4,89.4,73,687,45.9,1049,42.5,971,20.2,48.5,226,1246,633,2285,46.9,32.1,21.0,467,58.3,38.8,181,25.7,120,24.0,112,11.6,54,,,,,,,,,,,,,,,,,,,,,,,,,,,,,,,,,4.77,24.9
"Hernández, Enrique",571771,2023,465,508,110,76,23,0,11,97,34,19.1,6.7,0.237,0.357,0.289,0.646,0.222,0.338,0.282,0.273,0.278,0.117,0.315,0.303,0.294,0.278,0.015,0.019,0.009,72.4,23.9,12.1,10.0,33.3,27.5,7.5,11.0,6.6,-4.3,43.2,28.3,87.8,17.0,31.0,17,4.5,5.1,23.0,34.8,29.4,3.2,33.7,97.831208503,92.980265241,66.0,15.9,27.9,41.4,58.6,115,278,50.6,995,79.9,7.6,84.1,102,640,49.4,970,43.1,847,23.6,46.7,247,1068,490,1964,35.0,38.2,26.7,374,61.6,37.4,140,28.1,105,24.3,91,10.2,38,,,,,,,,,,,-1.0,0.0,2.0,0.0,0.0,0.0,,2.0,2.0,100.0,4.0,6.0,66.7,8.0,8.0,100.0,3.4,0.1,-2.2,1.2,36.0,,4.59,26.9
"Muncy, Max",571970,2023,482,579,102,48,17,1,36,153,85,26.4,14.7,0.212,0.475,0.333,0.808,0.23,0.506,0.344,0.362,0.349,0.275,0.41,0.441,0.304,0.332,-0.018,-0.031,-0.018,71.4,15.2,14.7,10.9,34.1,25.4,7.1,4.0,15.9,-4.6,50.2,33.5,91.2,21.7,33.7,49,14.6,8.4,19.7,31.6,23.3,2.1,46.6,101.315308623,95.11269018,57.2,20.8,23.5,48.4,51.6,151,312,53.3,1326,65.9,7.0,79.2,138,664,46.7,1160,42.6,1059,29.6,39.3,351,1264,722,2485,51.3,30.7,17.9,335,58.7,33.4,112,38.5,129,18.5,62,9.6,32,,,,,,,,,,,,,,,,,,,,,,,,,,,,,,,,,4.51,26.9
"Walker, Christian",572233,2023,582,661,150,79,36,2,33,127,62,19.2,9.4,0.258,0.497,0.333,0.83,0.247,0.465,0.351,0.34,0.325,0.219,0.397,0.382,0.324,0.313,0.011,0.032,0.011,75.0,49.9,15.3,11.1,26.8,19.6,7.4,17.0,8.1,-4.5,46.2,30.9,88.0,15.8,32.6,53,11.4,6.0,19.2,29.2,28.9,5.2,40.4,100.601281422,94.397470475,71.3,18.9,26.1,46.7,53.3,164,351,50.4,1346,77.6,7.7,81.1,179,946,49.6,1327,42.9,1148,26.4,48.6,318,1513,635,2671,40.6,35.0,24.4,463,60.4,38.7,179,32.6,151,19.4,90,9.3,43,,,,,,,,,,,,,,,,,,,,,,,,,,,,,,,,1.0,4.72,26.4
"Canha, Mark",592192,2023,435,507,114,77,25,1,11,79,49,15.6,9.7,0.262,0.4,0.355,0.755,0.244,0.383,0.333,0.323,0.342,0.139,0.339,0.325,0.315,0.297,0.018,0.017,0.01,67.9,3.3,8.4,7.2,33.3,28.5,7.3,7.0,12.8,-3.6,53.6,30.9,87.9,13.1,30.9,17,4.7,6.6,22.4,28.5,32.6,5.0,36.7,98.959607624,93.632062936,58.9,11.3,23.9,36.2,63.8,89,246,49.4,1031,69.4,7.7,88.7,70,621,50.6,1054,41.5,866,18.3,41.6,219,1194,541,2085,42.5,35.9,21.5,362,64.6,43.9,159,25.4,92,21.8,79,8.8,32,,,,,,,,,,,-1.0,0.0,15.0,0.0,0.0,1.0,0.0,3.0,4.0,75.0,7.0,8.0,87.5,10.0,12.0,83.3,-0.2,-1.3,0.3,-1.2,32.1,,4.44,27.8
"Castellanos, Nick",592206,2023,626,671,170,102,37,2,29,185,36,27.6,5.4,0.272,0.476,0.311,0.787,0.255,0.449,0.335,0.322,0.298,0.194,0.441,0.423,0.38,0.36,0.017,0.027,0.013,72.5,28.2,13.7,9.1,31.6,21.1,7.7,9.0,15.5,-6.8,48.0,39.9,88.9,14.4,36.5,46,10.3,7.4,26.6,24.2,28.2,3.1,43.2,100.3894813,94.419143027,74.6,22.1,41.0,55.4,44.6,301,543,54.6,1326,86.8,6.2,77.9,182,822,45.4,1102,44.5,1080,35.4,56.2,359,1195,702,2427,46.5,30.6,22.8,447,69.0,41.8,187,28.9,129,24.4,109,4.9,22,,,,,,,,,,,-4.0,0.0,24.0,0.0,1.0,9.0,11.1,4.0,10.0,40.0,11.0,12.0,91.7,29.0,30.0,96.7,-0.5,-2.4,0.1,-2.7,29.7,,4.52,27.2
"Drury, Brandon",592273,2023,485,523,127,68,30,3,26,136,25,26.0,4.8,0.262,0.497,0.306,0.803,0.247,0.443,0.339,0.317,0.294,0.196,0.435,0.404,0.359,0.341,0.015,0.054,0.022,71.7,17.1,20.0,14.4,32.6,23.5,7.5,16.0,9.5,-1.2,56.7,31.0,89.9,11.8,35.0,39,11.0,7.6,22.6,22.3,31.9,4.0,46.3,101.80875267,95.132794574,69.2,20.2,34.9,49.0,51.0,172,351,51.3,1007,82.1,7.1,79.8,134,662,48.7,957,43.1,846,30.2,51.6,162,1089,553,1963,39.3,35.6,25.1,354,62.7,42.7,151,26.3,93,24.6,87,6.5,23,,,,,,,,,,,,,,,,,,,,,,,,,,,,,,,,,4.56,26.9
"Machado, Manny",592518,2023,543,601,140,89,21,0,30,109,50,18.1,8.3,0.258,0.462,0.319,0.781,0.25,0.465,0.334,0.334,0.314,0.216,0.375,0.375,0.318,0.311,0.008,-0.003,0.0,76.7,66.3,19.8,15.7,29.9,23.7,7.7,9.0,6.3,-2.9,50.6,25.3,91.0,15.0,30.2,46,10.5,7.7,19.5,30.0,28.9,3.2,45.9,102.375377,95.525381708,69.5,16.5,29.3,41.2,58.8,139,337,50.4,1150,77.6,6.8,83.5,130,788,49.6,1134,44.5,1017,23.9,49.3,212,1320,586,2284,35.5,39.3,25.2,440,62.3,40.2,177,28.9,127,22.0,97,8.9,39,,,,,,,,,,,,,,,,,,,,,,,,,,,,,,,,,4.67,26.3
"Realmuto, J.T.",592663,2023,489,540,123,70,28,5,20,138,35,25.6,6.5,0.252,0.452,0.31,0.762,0.249,0.467,0.324,0.334,0.31,0.218,0.406,0.421,0.346,0.346,0.003,-0.015,-0.01,73.5,36.0,14.1,10.5,27.9,20.7,7.7,2.0,16.4,2.3,48.7,37.5,89.8,16.7,36.2,40,11.2,7.0,24.2,27.5,27.0,3.1,43.3,101.30139764,94.961935393,70.7,18.5,30.6,43.7,56.3,141,323,50.4,1057,78.0,7.6,81.4,136,735,49.6,1039,42.2,885,26.2,50.5,227,1150,570,2096,42.1,32.6,25.3,356,59.8,37.6,134,28.9,103,24.2,86,9.3,33,50.0,1.83,1.84,1.83,5.0,1.4,1.41,1.36,0.59,86.6,,,,,,,,,,,,,,,,,,,,,,1.0,4.36,28.6
"Renfroe, Hunter",592669,2023,498,548,116,65,31,0,20,125,44,22.8,8.0,0.233,0.416,0.297,0.713,0.221,0.369,0.308,0.289,0.287,0.149,0.362,0.334,0.309,0.293,0.012,0.047,0.019,74.6,48.3,9.2,6.9,24.1,18.1,7.9,2.0,8.7,-9.5,57.5,27.0,88.3,15.0,29.5,23,6.1,6.9,21.3,29.5,31.6,3.7,39.1,100.508778984,94.37524563,70.6,18.1,33.5,42.3,57.7,157,371,53.0,1108,82.8,6.4,81.9,126,695,47.0,984,42.6,892,26.4,50.8,193,1057,641,2107,48.7,33.2,18.1,376,61.9,42.8,161,25.3,95,21.8,82,10.1,38,,,,,,,,,,,-4.0,0.0,31.0,0.0,0.0,6.0,0.0,6.0,8.0,75.0,9.0,11.0,81.8,14.0,15.0,93.3,0.7,-0.3,-0.5,-0.2,32.6,,4.65,26.8
"Rosario, Eddie",592696,2023,478,516,122,74,24,3,21,122,34,23.6,6.6,0.255,0.45,0.305,0.755,0.25,0.44,0.322,0.317,0.3,0.19,0.397,0.389,0.341,0.334,0.005,0.01,0.005,70.5,11.6,11.7,8.3,33.5,23.7,7.1,2.0,12.1,-0.5,58.8,31.5,88.6,14.5,35.9,34,9.5,5.6,26.7,26.2,29.2,2.8,35.4,98.60055257,93.424315434,73.6,22.8,43.5,39.8,60.2,178,447,53.9,1028,78.3,6.3,77.2,148,648,46.1,880,40.9,781,29.8,57.4,364,964,492,1908,42.3,39.0,18.7,359,64.9,39.8,143,28.4,102,25.6,92,6.1,22,,,,,,,,,,,3.0,3.0,29.0,10.3,2.0,7.0,28.6,8.0,14.0,57.1,19.0,21.0,90.5,22.0,23.0,95.7,0.0,-0.5,0.2,-0.4,33.5,,4.3,28.0
"Yelich, Christian",592885,2023,550,632,153,99,34,1,19,140,78,22.2,12.3,0.278,0.447,0.37,0.817,0.272,0.455,0.353,0.356,0.366,0.183,0.412,0.416,0.372,0.366,0.006,-0.008,-0.003,73.6,39.9,18.8,13.9,30.6,22.6,7.4,8.0,7.7,7.0,40.6,36.5,91.7,3.5,30.4,38,9.2,6.1,28.5,11.4,42.1,2.4,50.1,103.18368722,96.096251589,68.1,17.7,24.8,48.4,51.6,164,339,53.4,1366,84.4,6.5,82.3,144,812,46.6,1193,42.4,1085,26.8,45.0,346,1408,658,2559,35.0,34.1,30.9,411,58.0,57.4,236,17.3,71,22.4,92,2.9,12,,,,,,,,,,,3.0,1.0,17.0,5.9,1.0,4.0,25.0,7.0,7.0,100.0,19.0,20.0,95.0,22.0,23.0,95.7,0.2,-0.8,-0.1,-0.7,32.7,14.0,4.35,28.1
"Merrifield, Whit",593160,2023,547,592,149,111,27,0,11,101,36,17.1,6.1,0.272,0.382,0.318,0.7,0.241,0.34,0.304,0.278,0.29,0.099,0.34,0.306,0.33,0.294,0.031,0.042,0.026,64.8,1.2,4.6,3.8,35.5,28.9,6.9,3.0,11.5,-2.1,50.4,33.4,85.1,14.4,37.2,11,2.4,5.3,26.5,30.8,31.4,3.5,24.3,94.880835796,91.453019024,69.8,14.5,32.5,30.2,69.8,108,358,50.1,1103,74.1,8.8,85.5,111,766,49.9,1097,43.6,959,19.5,51.1,197,1235,561,2200,31.4,40.5,28.1,452,65.9,40.5,183,25.7,116,26.1,118,7.7,35,,,,,,,,,,,-5.0,0.0,11.0,0.0,4.0,6.0,66.7,4.0,11.0,36.4,11.0,15.0,73.3,12.0,12.0,100.0,-0.6,-0.8,0.5,-0.9,32.1,2.0,4.3,28.8
"Bogaerts, Xander",593428,2023,596,665,170,118,31,2,19,110,56,16.5,8.4,0.285,0.44,0.35,0.79,0.252,0.4,0.343,0.317,0.322,0.149,0.374,0.34,0.346,0.307,0.033,0.04,0.026,70.4,15.3,12.3,10.0,37.2,30.4,7.2,4.0,9.5,-4.7,52.9,32.5,87.6,7.9,28.3,30,6.1,4.5,23.0,23.0,38.4,4.7,34.6,98.476149796,93.284202061,59.1,13.8,25.2,36.7,63.3,119,324,48.6,1286,63.4,8.2,86.2,111,802,51.4,1358,42.2,1115,20.4,42.6,366,1466,635,2644,36.6,34.6,28.9,492,60.3,49.8,245,22.6,111,21.1,104,6.5,32,,,,,,,,,,,,,,,,,,,,,,,,,,,,,,,,,4.38,27.6
"Profar, Jurickson",595777,2023,459,521,111,73,27,2,9,90,50,17.3,9.6,0.242,0.368,0.321,0.689,0.245,0.352,0.304,0.307,0.327,0.107,0.319,0.322,0.297,0.305,-0.003,0.016,-0.003,71.1,20.0,11.3,9.4,34.0,28.2,7.3,2.0,9.1,-1.6,51.0,32.4,86.5,14.8,37.7,15,4.0,5.1,26.5,28.6,31.3,4.5,31.8,97.18982877,92.606877674,68.8,12.3,25.1,41.6,58.4,109,262,49.5,1043,82.7,7.1,87.7,90,731,50.5,1062,42.9,904,20.0,47.2,344,1215,449,2104,41.2,36.9,21.9,374,63.0,40.1,150,24.1,90,26.7,100,9.1,34,,,,,,,,,,,-14.0,0.0,18.0,0.0,1.0,4.0,25.0,1.0,8.0,12.5,8.0,14.0,57.1,13.0,16.0,81.3,-0.2,-3.0,-0.5,-3.7,29.5,,4.61,25.6
"Báez, Javier",595879,2023,510,547,113,82,18,4,9,125,24,22.9,4.4,0.222,0.325,0.267,0.592,0.232,0.36,0.261,0.281,0.279,0.128,0.307,0.336,0.291,0.307,-0.01,-0.035,-0.02,74.1,45.0,17.8,12.1,29.0,19.8,8.5,2.0,10.3,-1.5,53.7,29.1,88.0,9.4,28.9,20,5.2,7.0,21.9,21.9,39.9,3.1,39.7,100.19637776,94.157773958,68.2,21.5,44.0,46.5,53.5,223,480,55.7,1091,65.0,6.3,78.3,127,591,44.3,867,39.6,775,32.7,54.8,241,1012,566,1970,37.4,38.1,24.5,388,63.6,50.5,196,23.5,91,21.4,83,4.6,18,,,,,,,,,,,,,,,,,,,,,,,,,,,,,,,,,4.4,28.1
"Lindor, Francisco",596019,2023,602,687,153,87,33,2,31,137,66,19.9,9.6,0.254,0.47,0.336,0.806,0.25,0.462,0.346,0.346,0.335,0.212,0.388,0.388,0.324,0.323,0.004,0.008,0.0,71.0,14.8,14.9,11.9,35.4,28.3,7.6,2.0,10.8,-4.9,59.1,32.3,91.2,19.2,35.8,49,10.4,7.2,23.3,33.1,23.9,2.1,43.9,100.821281314,94.916417775,70.3,16.1,27.2,38.8,61.2,150,387,51.8,1421,76.5,7.4,83.9,150,929,48.2,1321,42.9,1177,22.8,48.0,402,1527,687,2741,44.7,35.4,19.9,472,60.5,34.1,161,31.4,148,24.2,114,10.4,49,,,,,,,,,,,,,,,,,,,,,,,,,,,,,,,,1.0,4.35,28.1
"Candelario, Jeimer",600869,2023,505,576,127,63,39,3,22,127,53,22.0,9.2,0.251,0.471,0.336,0.807,0.231,0.407,0.346,0.318,0.319,0.176,0.4,0.358,0.332,0.307,0.02,0.064,0.028,69.4,6.8,10.3,8.0,31.3,24.5,7.7,12.0,12.1,-2.2,50.8,34.9,88.3,14.1,36.9,30,7.9,7.3,21.7,27.7,29.6,5.2,36.4,99.185208,93.708029184,68.1,16.1,28.3,42.3,57.7,145,343,52.0,1214,76.6,5.9,83.9,123,763,48.0,1120,42.6,994,24.2,47.4,373,1190,644,2333,42.9,34.6,22.5,382,57.9,39.8,152,28.0,107,25.1,96,7.1,27,,,,,,,,,,,,,,,,,,,,,,,,,,,,,,,,,4.45,27.5
"Bell, Josh",605137,2023,547,617,135,85,28,0,22,134,63,21.7,10.2,0.247,0.419,0.325,0.744,0.257,0.459,0.323,0.343,0.335,0.203,0.37,0.4,0.325,0.339,-0.01,-0.04,-0.02,72.4,29.1,15.3,11.8,31.1,24.0,8.1,7.0,9.2,-0.4,59.4,34.0,90.1,9.3,31.3,42,10.1,5.3,23.1,22.6,36.3,1.7,43.0,101.611186796,94.955559951,70.8,17.2,27.8,44.8,55.2,162,362,53.7,1304,81.5,6.2,82.8,137,796,46.3,1125,44.5,1080,25.8,47.7,583,1235,528,2428,43.5,31.7,24.8,416,57.9,48.8,203,26.0,108,21.4,89,3.8,16,,,,,,,,,,,,,,,,,,,,,,,,,,,,,,,,,4.69,25.9
"Betts, Mookie",605141,2023,584,693,179,99,40,1,39,107,96,15.4,13.9,0.307,0.579,0.408,0.987,0.288,0.572,0.416,0.408,0.394,0.284,0.45,0.438,0.371,0.35,0.019,0.007,0.008,71.4,21.1,14.7,13.2,41.3,37.2,7.2,17.0,11.8,-6.8,57.0,36.3,92.4,20.6,42.5,60,12.4,11.2,24.7,29.7,20.5,1.5,48.5,100.865674689,95.28290971,60.3,8.2,16.6,46.1,53.9,106,230,50.9,1382,74.2,7.2,91.8,66,803,49.1,1331,41.2,1117,16.7,38.1,276,1640,620,2712,45.4,35.3,19.3,482,59.5,27.6,133,35.7,172,29.3,141,7.5,36,,,,,,,,,,,-1.0,0.0,15.0,0.0,1.0,5.0,20.0,3.0,6.0,50.0,10.0,11.0,90.9,8.0,8.0,100.0,-0.6,-0.3,0.6,-0.4,32.6,,4.47,27.2
"Davis, J.D.",605204,2023,480,546,119,77,23,1,18,152,52,27.8,9.5,0.248,0.412,0.325,0.737,0.239,0.414,0.321,0.323,0.32,0.176,0.402,0.405,0.356,0.347,0.009,-0.002,-0.002,72.2,18.8,13.3,8.8,33.3,22.0,7.3,11.0,7.7,9.9,41.7,35.2,91.1,7.8,33.5,32,9.6,6.3,26.0,16.5,37.7,3.9,45.2,101.437064311,95.258851108,79.1,26.8,26.5,56.2,43.8,154,274,49.4,1034,90.1,8.2,73.2,224,837,50.6,1058,42.5,890,34.0,53.1,162,1315,466,2092,38.9,33.5,27.5,334,65.2,53.3,178,20.4,68,23.1,77,3.3,11,,,,,,,,,,,,,,,,,,,,,,,,,,,,,,,,,4.8,25.8
"Arcia, Orlando",606115,2023,488,533,129,87,25,0,17,102,39,19.1,7.3,0.264,0.42,0.321,0.741,0.242,0.396,0.321,0.306,0.302,0.154,0.365,0.344,0.332,0.305,0.022,0.024,0.015,71.2,21.0,13.4,10.6,31.8,25.1,7.7,8.0,7.7,-4.1,61.9,26.8,88.2,5.4,30.6,27,6.9,4.6,21.9,19.8,41.6,4.4,41.1,99.189217927,93.735384508,65.4,17.7,26.4,41.2,58.8,114,277,49.2,1050,75.7,8.1,82.3,125,708,50.8,1082,43.0,917,24.3,46.2,200,1195,618,2132,39.8,35.5,24.7,389,63.2,53.5,208,20.8,81,19.5,76,6.2,24,,,,,,,,,,,,,,,,,,,,,,,,,,,,,,,,,4.67,25.9
"Hernández, Teoscar",606192,2023,625,678,161,104,29,2,26,211,38,31.1,5.6,0.258,0.435,0.305,0.74,0.251,0.478,0.317,0.334,0.302,0.227,0.435,0.463,0.382,0.378,0.007,-0.043,-0.017,74.0,44.1,20.5,13.5,32.3,21.2,7.9,18.0,12.6,-1.3,53.0,34.3,91.3,12.3,35.2,58,13.8,6.4,24.9,22.8,29.0,2.6,49.4,103.014681476,96.109592578,73.0,24.8,35.2,57.3,42.7,277,483,51.3,1371,80.0,6.7,75.2,236,951,48.7,1302,42.8,1144,35.8,53.6,292,1281,836,2673,36.6,37.5,25.9,421,65.3,42.8,180,26.8,113,24.9,105,5.5,23,,,,,,,,,,,0.0,2.0,28.0,7.1,1.0,7.0,14.3,6.0,9.0,66.7,20.0,23.0,87.0,28.0,30.0,93.3,-0.5,-0.6,0.8,-0.2,32.7,5.0,4.33,28.6
"Marte, Ketel",606466,2023,569,650,157,97,26,9,25,109,71,16.8,10.9,0.276,0.485,0.358,0.843,0.262,0.43,0.361,0.342,0.349,0.169,0.392,0.365,0.338,0.324,0.014,0.055,0.019,73.2,34.0,17.5,13.9,31.5,25.0,7.5,8.0,8.1,-7.6,52.5,32.8,91.1,10.7,30.8,37,8.0,6.0,23.4,24.5,36.3,1.7,42.8,101.585403319,95.10445528,67.2,14.1,24.5,37.7,62.3,116,308,50.7,1259,75.3,7.3,85.9,116,823,49.3,1225,44.5,1105,20.5,45.5,436,1342,591,2483,42.2,37.6,20.2,465,60.2,45.8,213,25.2,117,23.0,107,6.0,28,,,,,,,,,,,,,,,,,,,,,,,,,,,,,,,,3.0,4.37,27.7
"Nimmo, Brandon",607043,2023,592,682,162,102,30,6,24,146,74,21.4,10.9,0.274,0.466,0.363,0.829,0.257,0.457,0.359,0.352,0.35,0.2,0.411,0.4,0.36,0.341,0.017,0.009,0.007,72.7,27.3,17.6,14.4,36.6,30.0,7.2,6.0,5.6,0.6,45.5,28.4,91.8,12.2,33.5,43,9.5,6.4,23.7,25.9,31.3,3.1,47.9,101.50757,95.462726837,62.3,15.5,19.9,44.6,55.4,119,267,47.1,1341,73.0,8.3,84.5,146,939,52.9,1507,42.2,1203,22.0,42.4,316,1836,556,2847,31.0,37.0,31.9,451,62.5,41.2,186,26.4,119,25.5,115,6.9,31,,,,,,,,,,,0.0,1.0,20.0,5.0,3.0,9.0,33.3,5.0,11.0,45.5,28.0,31.0,90.3,28.0,29.0,96.6,-1.2,-0.7,0.8,-1.0,33.0,2.0,4.27,28.0
"Turner, Trea",607208,2023,639,691,170,104,35,5,26,150,45,21.7,6.5,0.266,0.459,0.32,0.779,0.263,0.453,0.333,0.331,0.317,0.19,0.399,0.396,0.347,0.343,0.003,0.006,0.002,72.5,27.5,15.5,11.1,34.8,24.9,7.6,5.0,12.5,-7.5,62.3,30.0,89.9,13.0,36.1,41,8.4,6.9,24.7,26.7,30.4,2.9,42.2,100.292342286,94.550003245,74.2,17.8,35.3,50.5,49.5,258,511,54.1,1448,83.2,6.5,82.2,162,910,45.9,1227,41.9,1122,29.6,53.1,336,1435,732,2675,35.9,40.6,23.5,490,64.9,40.2,197,30.6,150,23.7,116,5.5,27,,,,,,,,,,,,,,,,,,,,,,,,,,,,,,,,115.0,4.14,30.3
"Ramírez, José",608070,2023,611,691,172,107,36,5,24,73,73,10.6,10.6,0.282,0.475,0.356,0.831,0.296,0.485,0.346,0.36,0.371,0.189,0.359,0.377,0.316,0.335,-0.014,-0.01,-0.014,70.5,13.0,15.7,13.7,40.2,35.0,7.2,12.0,7.7,-7.5,53.2,28.6,90.0,18.0,36.8,38,7.0,6.3,26.8,31.3,26.5,2.2,40.4,100.07775,94.35370079,67.2,8.8,28.2,30.2,69.8,117,388,52.8,1377,71.3,7.7,91.2,73,829,47.2,1233,42.6,1113,15.6,46.6,575,1319,589,2610,49.6,30.5,19.9,544,54.6,34.9,190,28.5,155,26.3,143,10.3,56,,,,,,,,,,,,,,,,,,,,,,,,,,,,,,,,,4.38,27.8
"Bregman, Alex",608324,2023,622,724,163,106,28,4,25,87,92,12.0,12.7,0.262,0.441,0.363,0.804,0.263,0.44,0.351,0.353,0.365,0.178,0.344,0.347,0.304,0.305,-0.001,0.001,-0.002,70.2,5.6,12.9,11.6,43.2,38.8,6.9,6.0,12.1,-0.7,68.4,28.8,88.6,17.6,35.8,29,5.4,10.1,24.8,30.2,27.9,1.7,38.2,98.071537732,93.248960689,61.1,8.7,18.6,30.0,70.0,82,273,52.7,1469,73.3,7.0,91.3,70,807,47.3,1320,41.7,1163,14.1,38.7,287,1590,697,2789,40.8,37.1,22.2,537,60.7,35.4,190,31.1,167,25.0,134,8.6,46,,,,,,,,,,,,,,,,,,,,,,,,,,,,,,,,,4.57,26.3
"Seager, Corey",608369,2023,477,536,156,81,42,0,33,88,49,16.4,9.1,0.327,0.623,0.39,1.013,0.303,0.62,0.419,0.411,0.371,0.317,0.481,0.47,0.395,0.369,0.024,0.003,0.008,71.8,17.0,17.6,13.1,38.5,28.6,6.6,6.0,14.2,-3.0,53.7,33.7,93.3,13.0,38.0,60,15.2,11.4,20.8,21.3,27.6,3.8,53.2,103.543493485,96.785948962,83.6,14.1,28.1,56.0,44.0,149,266,51.3,947,95.9,6.6,85.9,106,752,48.7,899,43.4,802,25.0,55.1,348,895,467,1846,39.0,37.0,24.1,395,62.0,40.3,159,29.4,116,27.1,107,3.3,13,,,,,,,,,,,,,,,,,,,,,,,,,,,,,,,,,4.67,26.2
"Meneses, Joey",608841,2023,611,657,168,118,36,1,13,130,38,19.8,5.8,0.275,0.401,0.321,0.722,0.244,0.365,0.314,0.289,0.293,0.122,0.365,0.33,0.347,0.308,0.031,0.036,0.025,69.7,11.6,13.4,10.5,40.3,31.6,6.7,9.0,7.6,-0.5,45.6,35.2,89.4,9.4,32.9,26,5.4,5.0,26.2,23.6,36.8,3.1,41.7,99.929364091,94.237468244,64.7,14.2,31.5,42.0,58.0,173,412,51.5,1309,72.0,7.4,85.8,113,798,48.5,1234,41.5,1055,23.6,47.6,250,1375,740,2543,39.5,33.1,27.5,484,62.4,48.1,233,19.2,93,25.8,125,6.8,33,,,,,,,,,,,,,,,,,,,,,,,,,,,,,,,,,4.77,25.6
"Swanson, Dansby",621020,2023,565,638,138,88,25,3,22,154,66,24.1,10.3,0.244,0.416,0.328,0.744,0.249,0.461,0.325,0.344,0.333,0.212,0.381,0.412,0.334,0.342,-0.005,-0.045,-0.019,71.5,8.9,11.8,8.7,31.0,22.9,7.3,7.0,14.3,-1.5,59.5,35.8,89.3,13.0,35.1,45,10.9,7.3,23.0,22.8,32.9,2.7,39.7,99.817409223,94.10753236,71.3,23.6,23.6,43.6,56.4,133,305,50.4,1290,79.8,7.0,76.4,214,905,49.6,1269,42.6,1089,28.7,47.3,350,1334,688,2558,42.9,37.0,20.1,413,61.8,44.1,182,25.2,104,24.2,100,6.5,27,,,,,,,,,,,,,,,,,,,,,,,,,,,,,,,,9.0,4.29,28.4
"Correa, Carlos",621043,2023,514,580,118,69,29,2,18,131,59,22.6,10.2,0.23,0.399,0.312,0.711,0.245,0.42,0.309,0.327,0.328,0.176,0.353,0.38,0.306,0.329,-0.015,-0.021,-0.018,74.8,51.3,22.8,18.0,35.3,27.8,7.3,2.0,8.9,-1.5,47.0,33.2,90.4,10.6,31.1,37,9.6,7.0,23.6,22.8,30.8,5.2,45.9,102.481230628,95.635527984,62.1,16.6,26.7,43.0,57.0,136,316,52.4,1182,65.2,6.1,83.4,111,668,47.6,1075,41.0,925,25.1,43.6,252,1239,611,2257,35.5,37.3,27.2,386,60.4,46.4,179,21.5,83,24.9,96,7.3,28,,,,,,,,,,,,,,,,,,,,,,,,,,,,,,,,,4.61,26.6
"Olson, Matt",621566,2023,608,720,172,88,27,3,54,167,104,23.2,14.4,0.283,0.604,0.389,0.993,0.262,0.571,0.413,0.395,0.372,0.31,0.504,0.476,0.387,0.359,0.021,0.033,0.018,74.9,49.8,17.1,13.1,29.7,22.7,7.3,7.0,8.3,-0.7,47.6,35.3,93.7,16.1,31.0,73,16.4,9.2,19.1,26.1,27.2,1.8,55.5,104.825276757,97.314084392,71.5,24.4,26.0,37.6,62.4,164,436,54.2,1677,81.5,7.0,75.6,247,1012,45.8,1415,42.5,1313,28.4,46.8,451,1810,691,3092,36.0,40.2,23.8,445,55.9,38.7,172,34.4,153,20.9,93,6.1,27,,,,,,,,,,,,,,,,,,,,,,,,,,,,,,,,,4.64,26.2
"Santander, Anthony",623993,2023,591,656,152,82,41,1,28,152,55,23.2,8.4,0.257,0.472,0.325,0.797,0.232,0.431,0.34,0.32,0.305,0.199,0.409,0.378,0.343,0.313,0.025,0.041,0.02,73.0,31.9,17.3,13.9,28.8,23.2,7.2,2.0,7.3,-5.4,47.1,27.7,90.6,20.2,33.0,45,10.2,8.4,22.1,34.1,21.9,3.4,46.0,101.732013378,95.319994041,66.9,17.9,34.4,32.4,67.6,169,522,55.0,1519,72.2,6.4,82.1,149,833,45.0,1245,44.6,1234,23.5,49.0,495,1548,576,2764,46.0,33.0,21.0,443,62.7,35.0,155,32.5,144,19.6,87,12.9,57,,,,,,,,,,,-1.0,1.0,18.0,5.6,3.0,5.0,60.0,5.0,10.0,50.0,15.0,16.0,93.8,18.0,19.0,94.7,-0.6,-0.6,0.6,-0.6,32.1,,4.65,26.7
"Alonso, Pete",624413,2023,568,658,123,54,21,2,46,151,65,22.9,9.9,0.217,0.504,0.318,0.822,0.242,0.534,0.346,0.369,0.341,0.291,0.402,0.438,0.292,0.328,-0.025,-0.03,-0.023,75.7,56.3,16.8,12.6,25.6,19.3,7.4,6.0,13.4,-8.0,55.0,31.5,89.5,18.2,32.3,62,14.7,6.4,17.6,29.5,28.0,3.8,40.1,102.342134502,95.253955701,61.9,17.9,27.4,43.1,56.9,160,371,52.8,1356,67.4,6.8,82.1,134,750,47.2,1212,42.2,1083,26.2,43.7,307,1475,624,2567,43.7,32.8,23.5,421,58.8,36.3,153,35.4,149,19.0,80,9.3,39,,,,,,,,,,,,,,,,,,,,,,,,,,,,,,,,,4.64,26.0
"Soler, Jorge",624585,2023,504,580,126,66,24,0,36,141,66,24.3,11.4,0.25,0.512,0.341,0.853,0.258,0.539,0.361,0.375,0.349,0.281,0.437,0.459,0.343,0.356,-0.008,-0.027,-0.014,75.8,61.6,20.2,15.2,31.0,23.2,7.8,1.0,10.2,-5.8,58.5,34.1,91.3,17.8,36.5,55,15.0,10.4,18.0,27.2,26.7,2.7,48.0,103.053956467,95.950783079,66.7,19.5,25.6,44.9,55.1,146,325,54.9,1270,79.7,6.4,80.5,136,697,45.1,1045,41.7,966,27.6,44.1,207,1246,713,2315,46.6,35.7,17.7,367,56.7,36.2,133,31.6,116,24.0,88,8.2,30,,,,,,,,,,,-3.0,0.0,3.0,0.0,0.0,1.0,0.0,1.0,3.0,33.3,1.0,1.0,100.0,5.0,7.0,71.4,-0.4,-1.1,-0.3,-1.8,31.7,,4.76,26.6
"Cronenworth, Jake",630105,2023,458,522,105,64,24,7,10,97,46,18.6,8.8,0.229,0.378,0.312,0.69,0.234,0.374,0.301,0.306,0.317,0.139,0.321,0.327,0.287,0.295,-0.005,0.004,-0.005,68.3,4.3,10.2,8.9,31.1,27.2,6.8,4.0,5.9,2.4,33.5,32.6,87.4,15.2,35.7,16,4.4,8.4,22.9,29.7,28.3,5.4,33.2,97.73147257,92.917093417,67.1,9.4,26.4,34.1,65.9,89,261,47.9,987,67.5,7.6,90.6,68,720,52.1,1073,44.4,914,16.0,47.6,255,1257,442,2060,35.4,37.3,27.2,367,60.7,37.6,138,29.2,107,26.2,96,7.1,26,,,,,,,,,,,,,,,,,,,,,,,,,,,,,,,,1.0,4.32,28.3
"Anderson, Tim",641313,2023,493,524,121,100,18,2,1,122,26,23.3,5.0,0.245,0.296,0.286,0.582,0.25,0.337,0.26,0.28,0.292,0.087,0.31,0.339,0.324,0.333,-0.005,-0.041,-0.02,68.8,3.1,11.1,8.7,28.0,22.0,7.1,19.0,8.9,5.6,44.7,40.8,87.8,2.0,32.4,11,2.9,5.9,28.4,11.8,47.2,3.5,39.4,99.22965129,93.713640376,71.5,17.7,35.3,40.9,59.1,140,342,49.9,969,76.7,8.4,82.3,123,696,50.1,974,41.6,808,25.3,53.5,213,1063,496,1942,29.5,42.9,27.6,373,65.6,61.4,229,10.7,40,26.8,100,1.1,4,,,,,,,,,,,,,,,,,,,,,,,,,,,,,,,,11.0,4.52,27.2
"Bellinger, Cody",641355,2023,499,556,153,97,29,1,26,87,40,15.6,7.2,0.307,0.525,0.356,0.881,0.266,0.436,0.37,0.328,0.324,0.17,0.414,0.358,0.361,0.318,0.041,0.089,0.042,70.0,6.4,11.8,9.8,37.6,31.3,7.7,9.0,12.7,-1.8,62.0,32.7,87.9,17.2,38.0,26,6.1,5.4,26.7,34.0,25.5,2.1,31.4,97.661544057,92.874372388,67.8,15.0,31.0,31.6,68.4,103,326,48.7,1051,80.1,8.4,85.0,113,751,51.3,1107,44.4,958,20.1,49.9,253,1277,486,2158,43.2,35.6,21.2,424,62.3,35.8,152,29.2,124,26.4,112,8.5,36,,,,,,,,,,,2.0,1.0,10.0,10.0,1.0,2.0,50.0,5.0,6.0,83.3,9.0,12.0,75.0,20.0,21.0,95.2,0.4,0.0,0.0,0.3,33.7,1.0,4.14,28.3
"Crawford, J.P.",641487,2023,534,638,142,88,35,0,19,125,94,19.6,14.7,0.266,0.438,0.38,0.818,0.257,0.39,0.359,0.341,0.373,0.132,0.388,0.361,0.345,0.335,0.009,0.048,0.018,72.0,23.2,12.8,10.7,31.5,26.3,7.6,4.0,7.5,-4.1,44.8,33.0,88.3,15.1,35.3,20,4.8,6.5,29.7,26.6,27.3,4.8,36.2,99.143101569,93.649442623,58.4,12.7,18.6,37.4,62.6,91,243,49.8,1309,74.2,8.6,87.3,98,772,50.2,1321,41.9,1103,18.6,38.6,352,1548,582,2629,43.2,34.1,22.7,414,53.1,39.6,164,23.7,98,28.0,116,8.7,36,,,,,,,,,,,,,,,,,,,,,,,,,,,,,,,,,4.55,26.7
"McMahon, Ryan",641857,2023,555,627,133,76,31,3,23,198,68,31.6,10.8,0.24,0.431,0.322,0.753,0.241,0.445,0.325,0.334,0.325,0.204,0.435,0.449,0.369,0.374,-0.001,-0.014,-0.009,72.2,23.1,14.4,9.5,26.3,17.4,7.3,7.0,8.8,4.3,39.7,38.6,90.8,9.7,39.4,41,11.4,6.4,29.4,20.3,28.3,4.2,44.2,102.017798324,95.343043101,67.6,26.4,25.4,49.4,50.6,165,334,47.9,1313,80.7,7.4,73.6,255,966,52.1,1429,45.4,1246,32.3,47.4,363,1648,610,2742,33.9,38.6,27.5,360,61.8,44.2,159,28.1,101,26.1,94,1.7,6,,,,,,,,,,,,,,,,,,,,,,,,,,,,,,,,,4.62,25.8
"Smith, Dominic",642086,2023,527,586,134,100,21,1,12,91,47,15.5,8.0,0.254,0.366,0.326,0.692,0.254,0.403,0.306,0.321,0.327,0.149,0.32,0.34,0.306,0.307,0.0,-0.037,-0.015,68.6,5.9,12.5,10.3,36.4,29.9,7.0,5.0,11.7,-3.3,56.9,34.3,86.3,12.8,37.0,29,6.6,3.7,25.6,28.3,31.7,4.1,30.8,97.225088721,92.631850959,68.7,13.8,30.3,33.2,66.8,114,343,51.3,1133,74.8,6.5,86.2,102,740,48.7,1077,42.1,931,19.9,49.0,296,1290,524,2210,36.1,38.6,25.3,438,64.6,42.7,187,25.8,113,26.3,115,5.3,23,,,,,,,,,,,,,,,,,,,,,,,,,,,,,,,,,4.56,25.8
"Rosario, Amed",642708,2023,510,545,134,95,25,8,6,99,29,18.2,5.3,0.263,0.378,0.305,0.683,0.267,0.384,0.297,0.306,0.311,0.117,0.337,0.349,0.324,0.332,-0.004,-0.006,-0.009,71.3,15.2,12.3,9.8,31.4,25.0,7.2,2.0,4.0,-1.1,38.2,28.8,88.3,7.6,33.8,14,3.4,5.8,27.8,22.0,38.2,2.7,39.4,99.501582705,93.941784576,69.2,14.3,39.4,36.8,63.2,152,413,53.0,1049,75.0,6.7,85.7,92,644,47.0,930,42.2,836,23.1,53.4,171,1111,533,1979,30.4,40.6,29.0,414,67.2,48.1,199,18.1,75,27.1,112,6.8,28,,,,,,,,,,,,,,,,,,,,,,,,,,,,,,,,42.0,4.23,29.4
"Adames, Willy",642715,2023,553,638,120,65,29,2,24,165,71,25.9,11.1,0.217,0.407,0.31,0.717,0.234,0.435,0.311,0.333,0.327,0.2,0.367,0.402,0.305,0.332,-0.017,-0.028,-0.022,72.5,24.3,12.0,8.5,28.0,19.9,8.2,8.0,16.2,-4.3,47.6,34.3,87.4,18.2,35.0,49,12.4,4.1,23.1,30.2,23.9,6.3,36.5,99.086365635,93.664258959,71.5,20.7,31.8,50.6,49.4,226,447,54.2,1407,78.2,7.4,79.3,176,851,45.8,1191,41.8,1087,31.0,50.0,358,1319,696,2596,45.2,36.3,18.5,394,60.6,36.3,143,31.5,124,22.3,88,9.9,39,,,,,,,,,,,,,,,,,,,,,,,,,,,,,,,,,4.43,27.6
"Estrada, Thairo",642731,2023,495,530,134,92,26,2,14,120,22,22.6,4.2,0.271,0.416,0.315,0.731,0.246,0.373,0.316,0.293,0.294,0.127,0.384,0.351,0.355,0.326,0.025,0.043,0.023,70.3,13.3,11.8,9.5,34.3,27.7,7.3,12.0,10.3,-4.7,52.2,31.8,85.9,10.8,34.7,18,4.8,3.7,27.3,24.1,30.8,8.8,33.7,97.898139565,92.983630679,67.3,10.7,38.0,38.3,61.7,149,389,53.2,1023,73.6,6.5,89.3,65,606,46.8,900,43.2,830,21.5,51.7,207,1042,519,1923,44.3,32.9,22.8,377,65.8,45.4,171,22.3,84,25.5,96,6.9,26,,,,,,,,,,,,,,,,,,,,,,,,,,,,,,,,,4.33,28.1
"Benintendi, Andrew",643217,2023,562,621,147,106,34,2,5,89,52,14.3,8.4,0.262,0.356,0.326,0.682,0.27,0.383,0.299,0.314,0.334,0.113,0.313,0.332,0.309,0.32,-0.008,-0.027,-0.015,67.1,2.3,8.1,6.6,38.7,31.2,6.6,8.0,10.9,6.7,56.6,34.8,86.6,14.5,40.9,14,2.9,3.4,30.8,30.2,28.7,3.8,27.0,95.498075212,91.757391695,70.4,16.0,26.6,28.4,71.6,87,306,48.9,1151,76.7,8.0,84.0,135,845,51.1,1201,43.1,1014,19.3,49.0,348,1379,496,2351,29.8,41.3,28.9,477,61.9,39.6,189,26.6,127,28.5,136,5.2,25,,,,,,,,,,,-11.0,1.0,31.0,3.2,1.0,5.0,20.0,2.0,8.0,25.0,18.0,24.0,75.0,22.0,26.0,84.6,-0.3,-1.4,0.0,-1.6,31.0,,4.43,27.3
"McNeil, Jeff",643446,2023,585,648,158,119,25,4,10,65,39,10.0,6.0,0.27,0.378,0.333,0.711,0.249,0.346,0.314,0.296,0.315,0.097,0.311,0.288,0.302,0.279,0.021,0.032,0.018,68.2,2.6,4.5,4.1,37.5,34.3,6.9,11.0,7.4,-2.9,46.7,32.2,86.0,14.4,32.1,7,1.3,5.7,24.9,30.6,30.4,6.8,27.4,95.984354131,92.004150754,75.9,7.4,29.9,29.1,70.9,95,326,49.7,1091,85.1,7.0,92.6,62,836,50.3,1102,42.0,922,13.5,53.0,283,1343,468,2193,37.5,35.4,27.2,526,63.4,42.2,222,22.1,116,25.7,135,10.1,53,,,,,,,,,,,2.0,0.0,15.0,0.0,3.0,4.0,75.0,4.0,4.0,100.0,7.0,8.0,87.5,14.0,16.0,87.5,0.2,0.2,0.4,0.8,33.7,1.0,4.15,27.4
"Albies, Ozzie",645277,2023,596,660,167,99,30,5,33,107,46,16.2,7.0,0.28,0.513,0.336,0.849,0.263,0.474,0.358,0.341,0.323,0.211,0.4,0.377,0.336,0.318,0.017,0.039,0.017,70.0,11.0,11.2,9.2,30.3,24.8,7.3,7.0,13.8,-7.0,60.7,34.3,88.7,16.6,37.4,41,8.2,10.5,23.3,27.4,28.2,2.0,39.0,98.667615565,93.481568303,77.8,13.3,35.1,34.1,65.9,167,490,54.4,1396,88.3,6.3,86.6,121,910,45.6,1169,39.3,1007,20.6,54.6,501,1406,573,2563,51.7,31.6,16.7,497,56.8,36.8,183,33.8,168,23.7,118,5.6,28,,,,,,,,,,,,,,,,,,,,,,,,,,,,,,,,1.0,4.21,27.6
"Devers, Rafael",646240,2023,580,656,157,90,34,0,33,126,62,19.2,9.5,0.271,0.5,0.351,0.851,0.276,0.543,0.359,0.379,0.357,0.268,0.411,0.44,0.344,0.352,-0.005,-0.043,-0.02,73.4,34.5,20.2,15.3,31.5,23.8,7.5,6.0,9.8,0.2,62.1,26.8,93.1,12.4,30.0,58,12.7,8.5,19.9,24.1,32.4,2.2,55.1,104.483705833,97.182864659,77.1,23.8,32.5,30.7,69.3,141,460,54.9,1417,82.5,6.0,76.2,213,896,45.1,1162,42.3,1092,26.1,52.6,426,1539,479,2579,35.9,39.8,24.3,457,59.6,42.7,195,28.4,130,20.6,94,8.3,38,,,,,,,,,,,,,,,,,,,,,,,,,,,,,,,,,4.54,26.0
"Arraez, Luis",650333,2023,574,617,203,160,30,3,10,34,35,5.5,5.7,0.354,0.469,0.393,0.862,0.327,0.461,0.369,0.355,0.368,0.134,0.374,0.359,0.374,0.346,0.027,0.008,0.014,63.8,0.2,7.2,6.6,49.2,45.3,5.9,3.0,7.3,5.9,49.8,38.6,88.3,11.5,44.7,19,3.5,3.7,33.8,24.8,30.7,3.5,25.7,95.658900664,92.009454214,68.6,5.8,31.8,12.8,87.2,42,328,47.8,1033,77.2,8.9,94.2,45,774,52.2,1128,42.9,928,7.9,51.0,272,1387,417,2161,26.8,41.2,32.0,544,60.6,42.8,233,24.1,131,31.3,170,1.8,10,,,,,,,,,,,,,,,,,,,,,,,,,,,,,,,,,4.57,26.1
"Torres, Gleyber",650402,2023,596,672,163,108,28,2,25,98,67,14.6,10.0,0.273,0.453,0.347,0.8,0.28,0.484,0.346,0.363,0.355,0.204,0.364,0.387,0.323,0.334,-0.007,-0.031,-0.017,71.6,22.5,18.2,14.6,37.9,30.5,7.3,13.0,11.1,2.1,57.4,34.3,89.7,15.1,37.3,40,7.9,7.5,25.0,27.4,29.0,2.8,40.3,99.649800996,94.055057585,68.9,16.4,25.9,35.4,64.6,125,353,51.5,1364,76.5,7.6,83.7,145,885,48.5,1284,43.0,1139,21.8,46.8,301,1374,737,2647,33.9,39.3,26.6,504,62.1,38.9,196,30.6,154,24.8,125,5.6,28,,,,,,,,,,,,,,,,,,,,,,,,,,,,,,,,,4.61,26.4
"Díaz, Yandy",650490,2023,525,600,173,116,35,0,22,94,65,15.7,10.8,0.33,0.522,0.41,0.932,0.3,0.494,0.402,0.384,0.386,0.194,0.439,0.415,0.4,0.366,0.03,0.028,0.018,73.9,41.5,20.5,17.3,35.2,29.6,7.5,8.0,4.3,5.7,44.6,25.9,93.4,5.7,30.5,41,9.5,6.5,27.3,17.1,36.3,3.0,54.0,104.285177685,97.074568747,65.5,11.9,19.7,39.9,60.1,93,233,50.1,1180,80.4,8.9,88.1,92,771,49.9,1177,40.9,965,18.4,42.6,279,1412,521,2357,27.7,44.3,27.9,433,59.2,52.2,226,20.8,90,23.8,103,3.2,14,,,,,,,,,,,,,,,,,,,,,,,,,,,,,,,,,4.61,26.6
"De La Cruz, Bryan",650559,2023,579,626,149,98,32,0,19,142,40,22.7,6.4,0.257,0.411,0.304,0.715,0.267,0.446,0.309,0.33,0.316,0.179,0.372,0.403,0.337,0.355,-0.01,-0.035,-0.021,72.2,23.9,16.8,12.5,33.2,24.7,7.7,6.0,12.6,-0.6,55.1,38.1,89.9,11.8,41.0,39,8.8,7.2,27.4,23.1,30.5,2.3,42.5,100.272527091,94.400399818,68.2,21.7,34.3,40.6,59.4,184,453,53.6,1322,78.4,6.8,78.3,170,782,46.4,1146,42.3,1044,28.7,50.1,226,1347,724,2467,34.4,38.9,26.7,442,63.6,40.7,180,24.9,110,29.4,130,5.0,22,,,,,,,,,,,-8.0,0.0,36.0,0.0,0.0,4.0,0.0,3.0,10.0,30.0,21.0,25.0,84.0,26.0,28.0,92.9,-0.2,-0.7,0.3,-0.7,31.8,,4.47,27.7
"Chapman, Matt",656305,2023,509,581,122,64,39,2,17,165,62,28.4,10.7,0.24,0.424,0.33,0.754,0.222,0.461,0.328,0.336,0.316,0.239,0.411,0.424,0.353,0.329,0.018,-0.037,-0.008,75.6,57.1,16.9,11.7,31.2,21.6,7.6,1.0,8.8,-3.3,64.0,27.5,93.4,18.5,32.4,59,17.1,7.8,15.6,29.2,27.2,2.3,56.4,103.539639884,96.813201603,66.6,27.2,18.9,45.6,54.4,103,226,48.8,1197,78.5,8.2,72.8,227,836,51.2,1255,42.8,1049,31.1,43.3,174,1476,595,2451,36.7,37.9,25.4,346,60.5,35.0,121,30.6,106,23.1,80,11.3,39,,,,,,,,,,,,,,,,,,,,,,,,,,,,,,,,2.0,4.43,28.5
"McKinstry, Zach",656716,2023,464,518,107,73,21,4,9,113,44,21.8,8.5,0.231,0.351,0.302,0.653,0.243,0.401,0.289,0.312,0.314,0.158,0.324,0.359,0.302,0.319,-0.012,-0.05,-0.023,68.1,3.5,5.4,4.2,31.2,24.6,6.9,2.0,12.3,-0.2,40.4,38.4,87.2,17.8,37.1,27,7.6,5.9,23.9,31.2,26.1,4.8,33.5,97.726678239,92.940971652,68.1,11.9,27.1,40.3,59.7,116,288,50.8,1064,75.5,7.8,88.1,84,703,49.2,1032,40.8,856,20.5,47.3,321,1228,463,2114,30.6,40.4,28.9,356,57.5,35.7,127,34.0,121,26.1,93,4.2,15,,,,,,,,,,,1.0,1.0,10.0,10.0,2.0,3.0,66.7,2.0,5.0,40.0,10.0,10.0,100.0,6.0,7.0,85.7,0.5,0.8,-0.3,1.0,34.5,2.0,4.25,28.5
"Schwarber, Kyle",656941,2023,585,720,115,48,19,1,47,215,126,29.9,17.5,0.197,0.474,0.343,0.817,0.215,0.489,0.35,0.363,0.358,0.275,0.434,0.459,0.308,0.337,-0.018,-0.015,-0.013,77.1,74.7,20.8,15.4,29.4,21.7,7.9,7.0,13.0,-7.1,65.5,29.7,92.4,19.0,34.3,61,16.4,6.7,16.9,30.8,27.1,2.1,48.8,103.398490108,96.18179379,55.8,22.5,21.6,52.1,47.9,183,351,53.0,1627,64.5,6.4,77.5,181,805,47.0,1442,42.8,1314,31.5,37.7,417,1718,740,3068,52.5,32.7,14.7,373,57.1,34.6,129,33.8,126,20.1,75,11.5,43,,,,,,,,,,,-18.0,0.0,22.0,0.0,0.0,4.0,0.0,0.0,8.0,0.0,8.0,17.0,47.1,22.0,26.0,84.6,-1.8,-2.6,0.7,-3.7,28.8,,4.69,25.0
"Thomas, Lane",657041,2023,628,682,168,101,36,3,28,176,36,25.8,5.3,0.268,0.468,0.315,0.783,0.25,0.439,0.334,0.319,0.3,0.189,0.424,0.402,0.366,0.344,0.018,0.029,0.015,71.8,17.3,16.2,12.8,40.3,31.8,6.9,9.0,10.5,-4.0,66.8,29.2,88.5,10.8,36.8,44,9.6,6.5,24.4,22.9,31.2,5.4,40.7,100.191573957,94.319062004,61.1,12.6,27.2,44.7,55.3,165,369,51.6,1356,74.6,7.3,87.4,98,776,48.4,1271,41.1,1081,23.0,43.6,235,1553,657,2627,47.7,33.3,19.0,459,60.4,43.4,199,23.5,108,25.9,119,7.2,33,,,,,,,,,,,-4.0,0.0,33.0,0.0,1.0,5.0,20.0,14.0,22.0,63.6,20.0,24.0,83.3,26.0,29.0,89.7,-0.7,-0.1,0.5,-0.3,32.5,46.0,4.39,29.3
"Verdugo, Alex",657077,2023,546,602,144,89,37,5,13,93,45,15.4,7.5,0.264,0.421,0.324,0.745,0.274,0.42,0.322,0.331,0.337,0.146,0.346,0.359,0.314,0.331,-0.01,0.001,-0.009,67.6,2.9,15.9,13.0,43.5,35.5,6.2,4.0,6.3,-1.4,46.8,29.2,89.2,8.8,35.4,23,5.0,6.3,28.4,23.6,33.6,2.6,37.6,99.116993728,93.701176864,57.5,8.2,22.2,37.4,62.6,92,246,47.0,1110,69.3,8.5,91.8,59,721,53.0,1254,44.7,1056,15.6,40.9,361,1392,461,2364,34.9,39.5,25.5,458,58.4,44.8,205,23.1,106,27.1,124,5.0,23,,,,,,,,,,,1.0,2.0,24.0,8.3,1.0,2.0,50.0,9.0,12.0,75.0,11.0,14.0,78.6,20.0,20.0,100.0,0.5,0.6,-0.3,0.8,32.9,,4.34,27.3
"Ohtani, Shohei",660271,2023,497,599,151,73,26,8,44,143,91,23.9,15.2,0.304,0.654,0.412,1.066,0.29,0.646,0.433,0.428,0.402,0.356,0.553,0.545,0.423,0.405,0.014,0.008,0.005,77.4,74.4,22.8,15.3,28.8,19.4,7.9,5.0,12.9,-2.5,50.9,35.3,94.4,13.2,35.6,70,19.6,6.4,22.1,19.6,30.5,1.4,54.2,105.748559101,97.769057809,70.5,24.0,29.7,48.5,51.5,181,373,54.6,1258,73.9,6.6,76.0,177,737,45.4,1046,42.6,982,32.3,48.2,451,1141,596,2321,37.0,37.8,25.2,357,57.9,42.6,152,30.3,108,22.7,81,4.5,16,,,,,,,,,,,,,,,,,,,,,,,,,,,,,,,,,4.16,27.8
"Acuña Jr., Ronald",660670,2023,643,735,217,137,35,4,41,84,80,11.4,10.9,0.337,0.596,0.416,1.012,0.351,0.668,0.428,0.461,0.43,0.318,0.45,0.494,0.386,0.404,-0.014,-0.072,-0.033,77.3,70.3,25.3,21.3,34.8,29.3,7.4,10.0,6.9,5.0,48.8,34.6,94.7,7.4,33.6,86,15.3,9.1,23.5,14.9,34.3,2.5,55.2,106.368689571,98.157029125,70.7,14.4,22.6,31.8,68.2,102,321,51.0,1419,83.7,7.3,85.6,139,965,49.0,1364,40.8,1135,18.7,46.2,309,1631,697,2782,37.0,40.0,23.0,562,58.7,48.8,274,22.4,126,26.2,147,2.7,15,,,,,,,,,,,-7.0,0.0,23.0,0.0,0.0,5.0,0.0,8.0,15.0,53.3,18.0,20.0,90.0,29.0,31.0,93.5,-0.9,-0.9,0.7,-1.1,31.2,18.0,4.35,28.0
"Ruiz, Keibert",660688,2023,523,562,136,94,24,0,18,58,31,10.3,5.5,0.26,0.409,0.308,0.717,0.271,0.427,0.31,0.322,0.318,0.156,0.319,0.333,0.291,0.304,-0.011,-0.018,-0.012,66.4,2.3,5.8,4.9,37.3,31.7,7.1,4.0,9.7,-10.4,58.8,32.9,87.4,15.3,39.4,27,5.8,4.9,26.3,29.8,29.3,3.4,31.9,97.263733176,92.681495075,66.6,8.0,36.5,25.1,74.9,89,354,51.5,971,74.0,6.7,92.0,49,610,48.5,916,43.2,815,14.3,51.1,349,916,539,1887,45.2,36.2,18.6,467,60.1,38.8,181,24.6,115,26.1,122,10.5,49,64.0,2.06,2.06,2.05,5.0,1.56,1.56,1.56,0.68,77.8,,,,,,,,,,,,,,,,,,,,,,,4.78,25.1
"Contreras, William",661388,2023,540,611,156,100,38,1,17,126,63,20.6,10.3,0.289,0.457,0.367,0.824,0.251,0.439,0.357,0.336,0.334,0.188,0.411,0.381,0.375,0.327,0.038,0.018,0.021,73.8,45.0,22.2,15.9,38.0,27.3,7.3,14.0,9.7,2.2,64.3,27.5,91.3,4.7,27.1,39,9.4,6.2,21.3,16.8,41.5,3.6,48.7,103.241329369,96.097846496,62.6,21.0,24.7,44.6,55.4,137,307,51.3,1241,73.1,8.0,79.0,155,737,48.7,1178,42.7,1032,28.0,43.2,316,1295,634,2419,32.6,39.6,27.8,417,60.9,55.4,231,20.4,85,19.9,83,4.3,18,47.0,1.95,1.95,1.95,2.0,1.6,1.6,,0.65,81.9,,,,,,,,,,,,,,,,,,,,,,,4.49,26.5
"Varsho, Daulton",662139,2023,527,581,116,70,23,3,20,135,45,23.2,7.7,0.22,0.389,0.285,0.674,0.229,0.398,0.293,0.303,0.295,0.169,0.342,0.358,0.294,0.308,-0.009,-0.009,-0.01,74.7,47.4,11.7,8.9,24.7,19.0,7.8,4.0,10.3,-4.0,56.4,29.4,87.8,20.5,34.3,29,7.3,7.3,18.4,32.6,23.7,10.1,36.1,99.853027513,94.005486074,70.6,17.1,28.1,45.2,54.8,142,314,48.3,1118,80.8,7.2,82.9,144,844,51.7,1196,44.4,1027,24.7,50.1,368,1344,496,2313,48.0,30.6,21.5,396,61.3,35.9,142,31.1,123,21.5,85,11.6,46,,,,,,,,,,,10.0,1.0,15.0,6.7,3.0,4.0,75.0,11.0,14.0,78.6,29.0,29.0,100.0,35.0,35.0,100.0,0.8,1.0,0.1,1.9,35.6,2.0,4.33,28.1
"Nootbaar, Lars",663457,2023,426,503,111,73,23,1,14,99,72,19.7,14.3,0.261,0.418,0.367,0.785,0.262,0.442,0.344,0.357,0.369,0.18,0.372,0.391,0.336,0.34,-0.001,-0.024,-0.013,72.3,23.2,11.9,10.4,36.9,32.3,7.0,5.0,9.1,-1.9,63.3,30.3,89.1,7.2,30.8,29,8.8,5.4,26.0,19.3,36.9,3.6,37.8,100.334219085,94.369985457,53.4,13.5,17.1,34.3,65.7,60,175,49.3,1022,67.5,7.6,86.5,76,562,50.7,1052,45.3,939,18.5,35.5,353,1123,469,2074,32.0,42.9,25.1,331,55.3,50.5,167,23.0,76,22.4,74,4.2,14,,,,,,,,,,,3.0,1.0,30.0,3.3,2.0,4.0,50.0,9.0,13.0,69.2,16.0,18.0,88.9,24.0,24.0,100.0,0.1,-0.1,-0.2,-0.3,32.8,,4.3,27.8
"Hoerner, Nico",663538,2023,619,688,175,135,27,4,9,83,49,12.1,7.1,0.283,0.383,0.346,0.729,0.272,0.361,0.322,0.313,0.338,0.089,0.327,0.316,0.323,0.312,0.011,0.022,0.009,68.8,2.6,10.1,9.0,39.7,35.2,7.1,5.0,4.8,-0.5,43.5,32.8,86.6,10.5,33.2,10,1.8,4.2,24.9,25.8,38.4,4.6,33.4,97.320472852,92.695131651,60.5,6.8,30.5,24.0,76.0,92,383,49.5,1257,63.2,8.2,93.2,53,776,50.5,1282,41.4,1051,12.5,45.6,224,1482,655,2539,30.6,40.6,28.8,542,62.2,47.2,256,20.3,110,25.5,138,7.0,38,,,,,,,,,,,,,,,,,,,,,,,,,,,,,,,,4.0,4.31,28.5
"Riley, Austin",663586,2023,636,715,179,107,32,3,37,172,59,24.1,8.3,0.281,0.516,0.345,0.861,0.268,0.524,0.363,0.366,0.338,0.255,0.449,0.454,0.377,0.365,0.013,-0.008,-0.003,76.3,65.5,18.9,13.7,30.2,21.9,7.5,11.0,9.7,-2.7,47.9,33.9,92.3,13.5,35.2,66,13.9,7.8,23.6,24.0,28.6,1.9,49.2,103.384251814,96.274145591,69.9,20.9,27.3,44.6,55.4,178,399,51.1,1461,77.0,7.6,79.1,204,978,48.9,1399,41.0,1172,27.8,48.2,283,1708,659,2861,38.7,37.9,23.4,475,61.2,41.1,195,28.6,136,23.8,113,6.5,31,,,,,,,,,,,,,,,,,,,,,,,,,,,,,,,,,4.5,28.1
"Hayes, Ke'Bryan",663647,2023,494,525,134,81,31,7,15,104,28,19.8,5.3,0.271,0.453,0.309,0.762,0.265,0.442,0.324,0.322,0.305,0.177,0.384,0.382,0.341,0.336,0.006,0.011,0.002,72.4,21.0,20.7,15.9,42.3,32.5,6.9,4.0,6.2,-2.4,44.3,28.8,92.2,13.2,34.1,29,7.4,9.9,26.2,24.7,29.5,1.5,48.3,101.67326359,95.450846324,61.0,10.7,30.7,41.2,58.8,124,301,50.9,982,73.3,7.6,89.3,62,578,49.1,948,42.1,812,21.2,45.6,218,1093,456,1929,27.0,41.7,31.3,393,61.5,42.0,165,26.2,103,24.9,98,6.9,27,,,,,,,,,,,,,,,,,,,,,,,,,,,,,,,,,4.52,27.1
"Tucker, Kyle",663656,2023,574,674,163,92,37,5,29,92,80,13.6,11.9,0.284,0.517,0.369,0.886,0.287,0.533,0.372,0.386,0.376,0.246,0.393,0.411,0.331,0.341,-0.003,-0.016,-0.014,71.9,22.8,17.5,14.6,35.8,29.9,7.6,10.0,10.8,-8.6,46.8,37.0,90.2,14.8,35.4,52,10.6,8.1,24.8,27.0,25.4,3.9,45.9,100.798373008,94.831132546,71.8,12.6,21.6,38.7,61.3,106,274,49.4,1270,85.8,7.4,87.4,118,934,50.6,1300,43.1,1108,18.5,47.0,408,1411,614,2570,44.1,32.7,23.2,492,62.5,38.6,190,32.7,161,24.2,119,4.5,22,,,,,,,,,,,-5.0,0.0,37.0,0.0,2.0,6.0,33.3,11.0,21.0,52.4,22.0,29.0,75.9,37.0,38.0,97.4,-0.4,-1.0,0.4,-1.0,31.4,,4.51,26.6
"India, Jonathan",663697,2023,454,529,111,71,23,0,17,109,52,20.6,9.8,0.244,0.407,0.338,0.745,0.248,0.425,0.327,0.338,0.344,0.177,0.356,0.373,0.315,0.324,-0.004,-0.018,-0.011,71.3,25.1,12.4,9.6,33.3,25.7,7.3,6.0,10.3,-5.3,51.5,29.9,89.5,15.2,37.2,27,7.7,7.7,25.0,27.8,28.4,2.8,38.6,99.676934286,94.0396352,56.9,15.2,19.6,42.3,57.7,90,213,49.2,1085,67.9,7.5,84.8,97,638,50.8,1121,43.1,950,22.0,38.6,243,1280,528,2205,41.5,31.3,27.3,352,58.8,39.5,139,29.3,103,24.7,87,6.5,23,,,,,,,,,,,,,,,,,,,,,,,,,,,,,,,,,4.49,27.8
"Raleigh, Cal",663728,2023,513,569,119,65,23,1,30,158,54,27.8,9.5,0.232,0.456,0.306,0.762,0.229,0.468,0.326,0.329,0.303,0.239,0.415,0.42,0.334,0.33,0.003,-0.012,-0.003,75.0,49.9,13.4,9.6,27.1,19.4,7.8,6.0,16.3,-7.4,50.3,31.1,89.5,20.3,36.5,45,12.6,7.0,21.1,33.4,23.0,2.5,41.0,101.028271404,94.749354873,70.9,21.2,31.4,47.0,53.0,185,394,53.7,1256,78.8,6.8,78.8,163,768,46.3,1083,41.5,970,29.9,49.7,506,1206,523,2338,50.8,29.2,19.9,356,57.6,31.7,113,35.1,125,22.2,79,11.0,39,66.0,1.96,1.97,1.95,8.0,1.47,1.47,,0.68,84.8,,,,,,,,,,,,,,,,,,,,,,,4.56,27.0
"Grisham, Trent",663757,2023,469,555,93,48,31,1,13,154,75,27.7,13.5,0.198,0.352,0.315,0.667,0.211,0.404,0.299,0.322,0.326,0.193,0.343,0.385,0.294,0.315,-0.013,-0.052,-0.023,70.5,8.4,14.1,10.7,32.5,24.7,7.6,3.0,17.9,3.1,49.4,32.6,90.3,18.3,32.8,38,11.9,7.5,20.9,26.9,24.1,8.1,40.0,100.701927386,94.880503967,60.3,22.1,21.6,46.5,53.5,114,245,48.4,1133,79.2,7.8,77.9,161,728,51.6,1208,43.4,1017,28.3,41.6,318,1354,547,2341,43.8,33.8,22.5,320,55.1,38.1,122,28.1,90,23.8,76,10.0,32,,,,,,,,,,,7.0,2.0,21.0,9.5,4.0,5.0,80.0,16.0,24.0,66.7,22.0,24.0,91.7,22.0,22.0,100.0,1.6,0.3,-0.8,1.0,35.4,1.0,4.47,27.7
"Vierling, Matt",663837,2023,479,530,125,89,21,5,10,112,44,21.1,8.3,0.261,0.388,0.329,0.717,0.263,0.397,0.315,0.322,0.332,0.134,0.36,0.371,0.34,0.344,-0.002,-0.009,-0.007,71.3,12.7,16.4,13.2,28.9,23.3,7.5,5.0,4.5,1.4,41.0,30.4,89.1,9.1,32.2,17,4.6,5.1,26.0,21.7,38.2,3.0,42.8,100.577331105,94.490701519,59.1,13.2,28.5,33.4,66.6,98,293,48.5,1028,72.0,7.7,86.8,85,645,51.5,1092,42.7,905,19.4,44.3,203,1249,543,2133,32.0,34.4,33.6,369,64.3,49.1,181,20.3,75,23.8,88,6.8,25,,,,,,,,,,,-1.0,2.0,26.0,7.7,1.0,5.0,20.0,5.0,10.0,50.0,10.0,13.0,76.9,16.0,16.0,100.0,0.0,0.4,-0.1,0.3,33.3,8.0,4.39,29.1
"Stephenson, Tyler",663886,2023,465,517,113,78,20,2,13,135,47,26.1,9.1,0.243,0.378,0.317,0.695,0.24,0.401,0.305,0.314,0.315,0.162,0.371,0.386,0.341,0.338,0.003,-0.023,-0.009,70.4,2.3,20.1,15.6,42.7,33.2,7.5,9.0,11.0,1.7,51.2,37.6,89.4,8.9,33.5,25,7.6,9.4,27.8,17.2,34.4,3.3,43.5,100.030744788,94.357020636,61.8,19.7,24.1,50.0,50.0,126,252,51.0,1046,75.0,7.0,80.3,122,620,49.0,1004,43.4,890,28.4,42.5,226,1217,462,2051,36.6,35.6,27.8,331,63.8,48.9,162,23.3,77,24.5,81,3.3,11,36.0,2.01,2.02,1.96,4.0,1.58,1.53,1.71,0.7,82.1,,,,,,,,,,,,,,,,,,,,,,,4.62,26.9
"Lowe, Nathaniel",663993,2023,623,724,163,105,38,3,17,165,93,22.8,12.8,0.262,0.414,0.36,0.774,0.259,0.408,0.34,0.339,0.358,0.149,0.388,0.386,0.354,0.35,0.003,0.006,0.001,74.2,40.7,15.1,12.1,25.4,20.4,7.4,10.0,6.4,10.1,43.8,31.4,89.8,7.2,36.7,30,6.5,6.3,29.7,19.1,35.8,2.6,41.6,101.145951991,94.820277484,67.2,14.1,20.8,41.4,58.6,132,319,50.5,1536,78.6,7.2,85.9,143,1014,49.5,1508,43.6,1328,20.6,43.8,313,1876,690,3044,28.4,41.9,29.7,461,56.5,48.2,222,20.2,93,26.7,123,5.0,23,,,,,,,,,,,,,,,,,,,,,,,,,,,,,,,,,4.38,27.3
"Happ, Ian",664023,2023,580,691,144,84,35,4,21,153,99,22.1,14.3,0.248,0.431,0.36,0.791,0.249,0.427,0.345,0.349,0.364,0.178,0.383,0.389,0.333,0.338,-0.001,0.004,-0.004,71.8,19.7,13.2,10.3,35.0,27.1,6.9,7.0,9.7,-1.0,46.6,31.7,89.9,13.0,36.7,39,9.0,5.5,25.2,27.3,30.0,2.5,39.0,99.676936326,94.121891884,66.9,18.3,22.9,44.9,55.1,150,334,51.0,1460,80.6,6.5,81.7,172,938,49.0,1403,44.7,1279,25.3,44.4,530,1691,528,2862,37.2,36.7,26.1,433,59.5,41.8,181,25.6,111,25.6,111,6.9,30,,,,,,,,,,,-7.0,1.0,23.0,4.3,1.0,4.0,25.0,5.0,10.0,50.0,22.0,29.0,75.9,23.0,26.0,88.5,1.0,-0.6,-0.7,-0.3,33.0,,4.32,27.7
"France, Ty",664034,2023,587,665,147,103,32,0,12,117,43,17.6,6.5,0.25,0.366,0.337,0.703,0.264,0.421,0.315,0.34,0.35,0.156,0.329,0.365,0.312,0.33,-0.014,-0.055,-0.025,71.8,19.7,11.9,9.8,29.4,24.1,7.8,10.0,13.0,0.5,49.2,35.3,87.5,13.7,36.9,32,6.8,5.1,28.7,25.3,29.3,4.5,38.6,99.277871319,93.765945224,74.0,10.9,33.3,45.1,54.9,187,415,51.3,1245,80.9,7.5,89.1,95,875,48.7,1182,44.0,1069,21.9,53.2,249,1401,584,2425,39.7,38.6,21.7,471,60.6,41.8,197,23.1,109,26.5,125,8.5,40,,,,,,,,,,,,,,,,,,,,,,,,,,,,,,,,,4.87,25.0
"Straw, Myles",664702,2023,462,518,110,88,18,3,1,97,42,18.7,8.1,0.238,0.297,0.301,0.598,0.239,0.302,0.268,0.273,0.303,0.063,0.288,0.294,0.296,0.299,-0.001,-0.005,-0.005,66.1,1.1,2.8,2.5,36.0,31.3,6.7,2.0,2.1,4.4,32.4,33.8,86.3,9.4,34.0,2,0.5,2.4,27.1,28.4,35.3,5.3,23.3,95.141368287,91.593212265,60.0,11.5,23.9,22.4,77.6,47,210,44.2,880,75.1,9.7,88.5,77,667,55.8,1111,43.7,871,14.1,44.0,84,1334,422,1991,23.9,40.3,35.8,377,62.9,48.5,183,20.7,78,25.5,96,5.3,20,,,,,,,,,,,4.0,0.0,22.0,0.0,5.0,5.0,100.0,6.0,10.0,60.0,27.0,30.0,90.0,31.0,31.0,100.0,-0.4,0.2,0.4,0.2,34.0,38.0,4.14,29.2
"Bohm, Alec",664761,2023,558,611,153,102,31,0,20,94,42,15.4,6.9,0.274,0.437,0.327,0.764,0.286,0.456,0.329,0.344,0.339,0.17,0.359,0.377,0.326,0.341,-0.012,-0.019,-0.015,72.1,20.6,15.6,12.8,32.0,26.3,7.4,3.0,7.0,2.1,51.7,31.6,89.4,11.1,35.1,27,5.7,7.0,26.6,24.7,33.6,2.3,41.7,100.435445021,94.400147213,68.9,11.9,30.0,32.8,67.2,109,332,49.1,1106,75.8,7.9,88.1,94,790,50.9,1146,43.6,981,18.1,49.8,211,1378,509,2252,28.3,42.1,29.6,470,60.2,42.6,200,23.8,112,28.5,134,5.1,24,,,,,,,,,,,,,,,,,,,,,,,,,,,,,,,,,4.65,26.6
"Wade Jr., LaMonte",664774,2023,429,519,110,77,14,2,17,95,76,18.3,14.6,0.256,0.417,0.373,0.79,0.258,0.456,0.347,0.361,0.374,0.198,0.363,0.384,0.325,0.328,-0.002,-0.039,-0.014,72.8,26.3,16.2,13.0,34.5,27.7,7.0,8.0,10.7,-6.7,44.9,32.1,88.4,17.4,33.6,31,9.1,5.8,25.1,28.1,24.3,7.3,39.8,99.530093174,93.945744444,62.0,12.4,17.9,49.0,51.0,94,192,51.0,1071,71.4,8.0,87.6,79,639,49.0,1030,41.3,867,20.8,39.5,384,1197,427,2102,43.0,30.7,26.3,342,59.1,39.5,135,28.7,98,23.7,81,8.2,28,,,,,,,,,,,-1.0,0.0,2.0,0.0,0.0,1.0,0.0,0.0,1.0,0.0,0.0,0.0,,1.0,1.0,100.0,,,,,,,4.62,26.0
"Peña, Jeremy",665161,2023,577,634,152,107,32,3,10,129,43,20.3,6.8,0.263,0.381,0.324,0.705,0.261,0.377,0.31,0.31,0.322,0.116,0.354,0.354,0.339,0.336,0.002,0.004,0.0,71.7,16.2,14.1,10.2,32.8,23.8,8.0,4.0,10.8,-3.0,49.8,33.3,88.0,5.5,32.4,18,4.0,5.3,28.0,18.9,39.1,4.2,35.8,99.143524796,93.690137489,73.2,13.3,35.9,55.1,44.9,244,443,53.6,1233,79.2,6.9,86.7,104,781,46.4,1067,41.4,953,28.4,53.2,299,1112,644,2299,41.8,35.6,22.7,450,64.1,54.4,245,18.9,85,22.9,103,3.8,17,,,,,,,,,,,,,,,,,,,,,,,,,,,,,,,,62.0,4.28,29.4
"Tatis Jr., Fernando",665487,2023,575,635,148,89,33,1,25,141,53,22.2,8.3,0.257,0.449,0.322,0.771,0.276,0.513,0.332,0.364,0.339,0.237,0.392,0.439,0.339,0.364,-0.019,-0.064,-0.032,72.9,30.1,18.2,12.9,35.4,25.0,7.4,24.0,11.9,-0.5,63.6,30.5,91.9,11.0,31.5,48,11.0,7.8,25.1,20.8,32.4,2.7,49.3,102.94128633,96.024566651,78.7,22.5,32.3,47.9,52.1,191,399,53.0,1237,93.0,7.3,77.5,195,865,47.0,1099,43.9,1026,30.5,54.1,312,1263,595,2335,39.5,42.7,17.8,438,63.1,47.7,209,25.1,110,21.2,93,5.9,26,,,,,,,,,,,8.0,5.0,23.0,21.7,5.0,7.0,71.4,10.0,11.0,90.9,23.0,25.0,92.0,24.0,27.0,88.9,0.0,1.2,0.4,1.6,34.9,32.0,4.32,29.3
"Guerrero Jr., Vladimir",665489,2023,602,682,159,103,30,0,26,100,67,14.7,9.8,0.264,0.444,0.345,0.789,0.295,0.509,0.34,0.38,0.374,0.215,0.356,0.41,0.314,0.354,-0.031,-0.065,-0.04,75.5,52.2,18.8,14.7,30.5,23.9,7.6,3.0,2.0,-5.6,29.5,27.5,92.1,10.5,32.4,56,11.1,6.1,23.3,22.1,33.6,3.8,49.2,104.050992964,96.528144743,74.2,15.3,28.8,41.1,58.9,151,367,52.1,1273,78.1,7.3,84.7,133,867,47.9,1169,41.5,1014,23.0,50.6,289,1353,598,2441,38.3,39.9,21.7,506,62.1,45.3,229,21.7,110,26.1,132,6.9,35,,,,,,,,,,,,,,,,,,,,,,,,,,,,,,,,,4.62,26.4
"Soto, Juan",665742,2023,568,708,156,88,32,1,35,129,132,18.2,18.6,0.275,0.519,0.41,0.929,0.279,0.539,0.395,0.407,0.416,0.26,0.426,0.445,0.351,0.361,-0.004,-0.02,-0.012,74.6,48.3,23.3,19.7,37.5,31.7,7.3,15.0,9.3,4.2,57.2,26.6,93.2,6.7,28.5,58,13.0,7.6,23.4,17.1,35.5,3.1,55.3,104.484350409,97.215905977,57.8,14.2,16.6,39.8,60.2,102,256,53.3,1546,73.8,7.0,85.8,111,782,46.7,1353,41.9,1214,20.5,35.8,494,1555,699,2897,35.5,43.1,21.3,445,55.5,51.9,231,25.2,112,18.9,84,4.0,18,,,,,,,,,,,-7.0,1.0,35.0,2.9,3.0,8.0,37.5,6.0,11.0,54.5,15.0,20.0,75.0,19.0,21.0,90.5,0.9,0.2,-0.8,0.3,33.1,,4.39,26.8
"Taveras, Leody",665750,2023,511,554,136,88,31,3,14,117,35,21.1,6.3,0.266,0.421,0.312,0.733,0.266,0.412,0.316,0.32,0.316,0.146,0.374,0.38,0.342,0.346,0.0,0.009,-0.004,71.3,15.1,16.7,12.7,36.5,27.9,7.4,4.0,4.4,-2.5,36.3,31.6,90.1,10.2,35.2,29,7.2,5.5,28.7,21.4,34.4,2.7,43.1,100.592817638,94.514120854,70.9,16.0,28.2,44.5,55.5,133,299,50.3,1059,85.2,7.4,84.0,119,742,49.7,1047,41.8,881,24.2,49.4,416,1126,465,2106,28.7,42.1,29.2,401,62.6,45.9,184,22.7,91,26.4,106,5.0,20,,,,,,,,,,,7.0,3.0,29.0,10.3,1.0,6.0,16.7,17.0,22.0,77.3,24.0,26.0,92.3,24.0,24.0,100.0,1.9,1.4,-1.2,2.1,36.2,43.0,4.24,29.1
"Giménez, Andrés",665926,2023,557,616,140,93,27,5,15,112,32,18.2,5.2,0.251,0.399,0.314,0.713,0.241,0.371,0.309,0.297,0.305,0.13,0.343,0.327,0.313,0.301,0.01,0.028,0.012,68.8,5.9,9.9,7.6,29.7,22.7,7.0,7.0,10.7,-1.2,49.8,32.3,84.8,13.1,29.9,25,5.5,4.2,21.0,27.2,31.6,10.0,27.0,96.663934128,92.344201908,71.0,18.4,40.0,36.5,63.5,182,499,53.1,1246,76.8,7.2,81.6,144,782,46.9,1101,42.3,993,25.4,54.6,315,1296,579,2346,40.0,36.1,23.9,452,59.8,46.7,211,22.1,100,21.9,99,9.3,42,,,,,,,,,,,,,,,,,,,,,,,,,,,,,,,,40.0,4.18,29.2
"Bichette, Bo",666182,2023,571,601,175,122,30,3,20,115,27,19.1,4.5,0.306,0.475,0.339,0.814,0.301,0.496,0.349,0.356,0.335,0.195,0.415,0.425,0.383,0.377,0.005,-0.021,-0.007,70.3,16.3,14.4,11.0,30.0,23.0,7.2,6.0,4.8,4.2,36.8,38.8,90.2,6.2,38.3,44,9.6,6.1,31.5,14.0,32.6,5.3,44.9,101.736681894,95.184330552,77.1,13.0,36.4,38.0,62.0,155,408,50.4,1121,85.6,8.4,87.0,111,851,49.6,1104,42.1,937,21.1,56.6,170,1348,515,2225,25.8,33.7,40.5,457,62.9,46.4,212,18.8,86,30.9,141,3.9,18,,,,,,,,,,,,,,,,,,,,,,,,,,,,,,,,,4.52,27.1
"García, Adolis",666969,2023,555,632,136,68,29,0,39,175,65,27.7,10.3,0.245,0.508,0.328,0.836,0.245,0.529,0.354,0.365,0.33,0.284,0.451,0.47,0.352,0.356,0.0,-0.021,-0.011,73.7,39.2,15.3,10.1,26.9,17.8,7.9,4.0,12.0,-1.4,60.1,31.2,92.1,15.7,36.0,62,16.1,8.5,19.9,25.4,28.0,2.1,49.7,102.949539534,96.163808523,71.5,23.5,29.3,48.3,51.7,197,408,54.3,1391,79.1,7.7,76.5,197,837,45.7,1171,42.2,1082,31.6,48.6,274,1493,611,2562,39.6,35.5,24.9,386,57.6,37.8,146,36.0,139,20.5,79,5.7,22,,,,,,,,,,,3.0,0.0,30.0,0.0,4.0,8.0,50.0,11.0,18.0,61.1,25.0,28.0,89.3,26.0,27.0,96.3,0.6,0.6,-0.1,1.1,34.6,2.0,4.46,27.3
"Gurriel Jr., Lourdes",666971,2023,551,592,144,83,35,2,24,103,33,17.4,5.6,0.261,0.463,0.309,0.772,0.259,0.444,0.329,0.325,0.309,0.185,0.373,0.368,0.32,0.319,0.002,0.019,0.004,69.9,4.8,16.1,13.4,40.9,34.1,7.3,6.0,8.6,-1.2,49.2,34.9,89.7,10.6,35.3,38,8.4,6.9,24.4,23.6,33.6,2.9,46.0,99.859212133,94.368560668,67.5,11.8,30.3,34.2,65.8,114,333,49.6,1100,77.1,7.7,88.2,89,755,50.4,1118,43.8,971,18.7,49.1,265,1298,494,2216,39.1,34.2,26.7,450,62.1,43.3,195,24.4,110,26.7,120,5.6,25,,,,,,,,,,,1.0,0.0,15.0,0.0,0.0,3.0,0.0,9.0,11.0,81.8,12.0,14.0,85.7,29.0,30.0,96.7,0.5,-0.2,-0.2,0.1,33.0,,4.5,27.1
"Rooker, Brent",667670,2023,463,526,114,63,20,1,30,172,49,32.7,9.3,0.246,0.488,0.329,0.817,0.233,0.479,0.348,0.342,0.319,0.246,0.482,0.471,0.386,0.369,0.013,0.009,0.006,73.6,34.2,19.3,13.1,32.9,22.4,7.2,22.0,12.9,-4.2,43.7,37.4,91.6,17.6,37.3,46,15.6,7.1,22.4,28.5,23.1,3.4,49.5,102.653891351,95.962225864,66.1,26.6,27.3,64.5,35.5,196,304,51.7,1113,72.6,7.3,73.4,183,687,48.3,1039,42.1,905,38.2,46.1,295,1185,508,2152,35.3,40.0,24.7,295,59.7,33.2,98,36.9,109,24.7,73,5.1,15,,,,,,,,,,,-5.0,0.0,7.0,0.0,0.0,2.0,0.0,0.0,3.0,0.0,7.0,10.0,70.0,6.0,7.0,85.7,-0.7,-1.4,-0.8,-2.8,29.8,,4.62,27.1
"Arozarena, Randy",668227,2023,551,654,140,95,19,3,23,156,80,23.9,12.2,0.254,0.425,0.364,0.789,0.234,0.434,0.347,0.347,0.351,0.2,0.396,0.397,0.35,0.329,0.02,-0.009,0.0,72.9,32.4,16.6,12.2,31.6,23.2,7.5,7.0,10.5,0.7,66.0,25.7,91.7,11.3,31.8,49,12.3,7.8,19.8,24.3,32.8,3.0,48.4,102.055211709,95.651873174,61.0,23.5,27.5,40.0,60.0,158,395,53.7,1438,72.9,6.8,76.5,178,757,46.3,1241,41.7,1117,29.1,43.0,308,1416,761,2679,33.8,43.5,22.8,400,60.6,43.3,173,25.3,101,23.3,93,8.3,33,,,,,,,,,,,-4.0,0.0,26.0,0.0,1.0,7.0,14.3,8.0,13.0,61.5,22.0,27.0,81.5,20.0,21.0,95.2,-0.5,-1.2,-0.1,-1.9,30.9,11.0,4.25,28.4
"Steer, Spencer",668715,2023,582,665,158,95,37,3,23,139,68,20.9,10.2,0.271,0.464,0.356,0.82,0.248,0.417,0.355,0.332,0.338,0.169,0.404,0.371,0.353,0.325,0.023,0.047,0.023,71.5,11.6,11.2,8.6,30.0,23.2,7.4,12.0,10.5,-6.1,52.6,29.7,88.7,15.3,35.3,30,6.7,6.5,25.3,29.5,28.0,3.1,37.1,99.167567432,93.741896795,63.1,17.2,23.9,43.0,57.0,136,316,49.3,1322,73.5,8.2,82.8,148,860,50.7,1362,42.1,1131,24.1,43.8,267,1655,591,2684,40.5,33.8,25.7,447,59.4,38.0,170,27.5,123,24.6,110,9.8,44,,,,,,,,,,,-4.0,0.0,13.0,0.0,1.0,3.0,33.3,1.0,3.0,33.3,5.0,6.0,83.3,2.0,2.0,100.0,-0.2,0.2,-0.1,-0.1,32.0,,4.44,28.4
"Reynolds, Bryan",668804,2023,574,640,151,91,31,5,24,138,53,21.6,8.3,0.263,0.46,0.33,0.79,0.275,0.493,0.338,0.359,0.342,0.219,0.395,0.426,0.342,0.36,-0.012,-0.033,-0.021,70.2,10.9,14.3,10.5,36.8,27.1,6.9,23.0,13.3,0.5,47.8,38.5,90.9,10.9,36.9,49,11.1,6.6,28.7,19.5,32.4,1.6,47.3,101.022834344,94.957065034,73.1,17.9,25.8,52.7,47.3,186,353,54.3,1370,86.7,6.9,82.1,151,843,45.7,1154,42.5,1072,28.2,47.4,524,1374,518,2524,37.8,34.8,27.4,442,56.9,44.1,195,28.7,127,24.0,106,3.2,14,,,,,,,,,,,-4.0,1.0,20.0,5.0,0.0,3.0,0.0,3.0,8.0,37.5,15.0,17.0,88.2,19.0,20.0,95.0,-0.8,-0.4,0.4,-0.8,31.7,,4.44,27.8
"Rutschman, Adley",668939,2023,588,687,163,111,31,1,20,101,92,14.7,13.4,0.277,0.435,0.374,0.809,0.289,0.473,0.352,0.374,0.387,0.184,0.362,0.393,0.331,0.349,-0.012,-0.038,-0.022,70.3,9.7,14.5,12.6,34.7,30.2,6.9,6.0,9.2,1.7,49.7,37.6,88.4,12.6,37.0,37,7.5,6.5,28.7,23.8,30.3,3.3,38.6,99.614450772,93.937278476,60.7,10.7,23.4,27.1,72.9,97,358,52.7,1530,65.3,6.9,89.3,89,834,47.3,1375,44.9,1304,15.6,41.0,552,1572,638,2904,37.2,31.3,31.5,492,56.5,42.9,211,26.0,128,26.4,130,4.7,23,51.0,1.91,1.91,1.92,4.0,1.46,1.46,,0.65,85.3,,,,,,,,,,,,,,,,,,,,,,,4.41,27.0
"Melendez, MJ",669004,2023,533,602,125,75,29,5,16,170,62,28.2,10.3,0.235,0.398,0.316,0.714,0.231,0.439,0.31,0.326,0.314,0.209,0.387,0.413,0.341,0.338,0.004,-0.041,-0.016,72.1,21.2,17.9,12.7,38.2,27.2,7.7,8.0,14.2,1.4,48.9,32.1,93.2,16.9,34.6,42,11.4,8.2,25.9,29.4,24.0,1.1,49.6,101.434950217,95.609327411,69.3,27.4,26.8,52.1,47.9,172,330,50.4,1231,86.7,7.4,72.6,230,839,49.6,1210,43.5,1063,34.4,47.9,362,1327,590,2440,42.0,37.1,21.0,367,64.8,35.4,130,34.6,127,25.3,93,4.6,17,3.0,2.1,2.1,,1.0,1.6,1.6,,0.75,79.7,-10.0,0.0,26.0,0.0,0.0,9.0,0.0,7.0,10.0,70.0,12.0,16.0,75.0,24.0,28.0,85.7,-1.2,-1.1,0.0,-2.0,30.9,,4.25,27.6
"Edman, Tommy",669242,2023,479,528,119,77,25,4,13,84,35,15.9,6.6,0.248,0.399,0.307,0.706,0.259,0.393,0.306,0.312,0.318,0.134,0.329,0.338,0.298,0.313,-0.011,0.006,-0.006,70.9,16.1,15.1,13.1,37.4,32.5,6.9,2.0,7.4,-0.5,55.1,24.3,89.1,7.5,27.9,20,5.0,5.7,23.9,23.1,38.1,3.7,38.8,99.456717727,93.865892803,61.9,7.9,28.6,34.8,65.2,88,253,48.9,885,76.9,8.8,92.1,45,573,51.1,926,43.3,784,16.1,45.7,269,1053,399,1809,41.0,37.1,21.9,402,61.9,51.7,208,21.4,86,20.1,81,6.7,27,,,,,,,,,,,7.0,2.0,9.0,22.2,3.0,5.0,60.0,9.0,11.0,81.8,11.0,12.0,91.7,10.0,10.0,100.0,-0.2,0.5,-0.2,0.1,34.0,7.0,4.24,28.8
"Smith, Will",669257,2023,464,554,121,79,21,2,19,89,63,16.1,11.4,0.261,0.438,0.359,0.797,0.255,0.436,0.345,0.35,0.359,0.181,0.354,0.362,0.313,0.313,0.006,0.002,-0.005,68.6,3.0,9.9,8.0,32.0,25.9,7.2,9.0,8.9,1.6,61.3,35.2,89.3,15.6,37.5,26,6.7,9.3,24.8,29.5,27.1,2.3,41.6,99.645654456,94.001340492,67.9,16.2,25.0,27.6,72.4,82,297,51.8,1187,79.4,7.4,83.8,122,751,48.2,1106,43.6,999,19.5,45.7,202,1392,536,2292,34.9,36.2,28.9,387,58.9,37.7,146,32.3,125,24.0,93,5.9,23,56.0,1.91,1.9,1.97,7.0,1.51,1.52,1.49,0.61,82.8,,,,,,,,,,,,,,,,,,,,,,,4.49,27.2
"Suwinski, Jack",669261,2023,447,534,100,51,21,2,26,172,75,32.2,14.0,0.224,0.454,0.339,0.793,0.214,0.465,0.341,0.346,0.334,0.25,0.45,0.46,0.356,0.347,0.01,-0.011,-0.005,73.8,36.2,10.2,7.3,23.8,17.1,7.3,13.0,11.5,-5.0,48.9,34.3,90.5,22.4,34.2,44,15.7,7.5,17.8,34.2,20.6,3.6,43.4,102.173377122,95.316292734,61.1,22.2,18.2,55.1,44.9,118,214,51.6,1178,75.2,6.9,77.8,150,675,48.4,1105,45.2,1032,30.1,39.0,410,1243,470,2281,40.2,36.7,23.1,281,53.8,28.1,79,36.3,102,23.1,65,12.5,35,,,,,,,,,,,1.0,0.0,23.0,0.0,2.0,8.0,25.0,5.0,8.0,62.5,26.0,28.0,92.9,34.0,35.0,97.1,-1.1,-0.8,0.3,-1.6,32.3,2.0,4.28,28.6
"Burger, Jake",669394,2023,492,540,123,60,28,1,34,149,32,27.6,5.9,0.25,0.518,0.309,0.827,0.264,0.517,0.349,0.359,0.324,0.253,0.454,0.469,0.354,0.377,-0.014,0.001,-0.01,76.1,65.2,23.6,16.5,32.7,22.8,7.7,8.0,9.4,-8.6,59.9,24.3,91.9,12.3,33.4,58,16.7,6.9,21.9,20.7,30.8,2.9,49.6,105.009725862,96.989580029,70.8,21.5,38.5,55.5,44.5,227,409,51.9,1063,82.5,7.0,78.5,150,697,48.1,985,42.5,870,34.1,54.0,294,1042,560,2048,45.8,36.3,17.9,347,62.6,42.9,149,21.9,76,25.1,87,10.1,35,,,,,,,,,,,,,,,,,,,,,,,,,,,,,,,,,4.44,28.0
"Hays, Austin",669720,2023,520,566,143,89,36,2,16,141,38,24.9,6.7,0.275,0.444,0.325,0.769,0.238,0.425,0.33,0.309,0.293,0.187,0.413,0.382,0.372,0.325,0.037,0.019,0.021,71.8,14.0,12.2,8.9,28.0,20.4,7.1,13.0,11.5,-1.4,60.3,28.6,89.4,10.4,31.0,34,8.9,7.6,23.4,25.5,32.3,2.1,40.1,100.462787656,94.411352037,63.8,17.4,30.9,49.1,50.9,169,344,52.5,1113,72.0,7.6,82.6,112,644,47.5,1009,42.1,893,28.4,46.6,259,1126,587,2122,37.0,38.5,24.5,384,62.8,44.8,172,29.7,114,20.3,78,5.2,20,,,,,,,,,,,3.0,0.0,23.0,0.0,0.0,2.0,0.0,6.0,7.0,85.7,18.0,19.0,94.7,18.0,18.0,100.0,-0.9,-0.7,0.5,-1.2,31.9,,4.42,27.4
"Paredes, Isaac",670623,2023,492,571,123,68,24,0,31,104,58,18.2,10.2,0.25,0.488,0.352,0.84,0.228,0.374,0.362,0.316,0.333,0.146,0.391,0.323,0.316,0.288,0.022,0.114,0.046,68.1,4.5,7.3,6.1,31.9,26.6,8.1,5.0,15.8,-17.1,56.5,33.0,86.9,22.2,32.4,23,5.9,5.9,24.7,35.5,24.2,3.3,28.5,96.372683866,92.205361059,66.0,10.8,28.3,33.0,67.0,119,361,53.9,1276,71.3,6.8,89.2,78,719,46.1,1090,42.5,1006,18.2,45.6,259,1287,647,2366,52.7,28.0,19.3,389,58.7,31.6,123,28.5,111,24.9,97,14.9,58,,,,,,,,,,,,,,,,,,,,,,,,,,,,,,,,,4.74,26.1
"Friedl, TJ",670770,2023,488,556,136,88,22,8,18,90,47,16.2,8.5,0.279,0.467,0.352,0.819,0.238,0.325,0.353,0.29,0.317,0.087,0.383,0.298,0.339,0.291,0.041,0.142,0.063,68.6,3.6,8.4,6.7,35.3,28.2,6.7,5.0,8.4,-9.7,58.0,28.5,86.7,16.1,32.0,13,3.2,2.2,26.9,30.6,26.9,10.3,27.6,96.368739947,92.196228515,59.0,11.4,24.6,35.8,64.2,95,265,49.1,1077,68.9,8.2,88.6,75,660,50.9,1118,42.8,940,18.4,42.2,380,1268,439,2194,42.3,36.7,21.0,409,60.7,42.8,175,25.9,106,22.0,90,9.3,38,,,,,,,,,,,6.0,1.0,23.0,4.3,1.0,2.0,50.0,11.0,12.0,91.7,20.0,22.0,90.9,24.0,24.0,100.0,1.4,0.8,-2.0,0.2,33.2,6.0,4.27,28.3
"Casas, Triston",671213,2023,429,502,113,66,21,2,24,126,70,25.1,13.9,0.263,0.49,0.367,0.857,0.249,0.502,0.367,0.37,0.356,0.253,0.445,0.449,0.37,0.353,0.014,-0.012,-0.003,75.8,61.6,18.9,13.7,28.6,20.7,7.8,6.0,13.5,-2.2,50.9,38.3,91.1,15.7,36.1,40,13.1,7.5,21.3,28.5,27.2,2.3,46.6,102.616692288,95.686960262,66.5,22.7,22.1,43.6,56.4,102,234,51.4,1060,80.8,7.1,77.3,151,666,48.6,1002,44.3,914,28.1,43.6,370,1059,519,2062,40.0,39.0,21.0,305,53.8,36.4,111,31.5,96,25.6,78,6.6,20,,,,,,,,,,,,,,,,,,,,,,,,,,,,,,,,,4.71,24.9
"Harris II, Michael",671739,2023,505,539,148,94,33,3,18,101,25,18.7,4.6,0.293,0.477,0.331,0.808,0.298,0.494,0.345,0.356,0.337,0.196,0.405,0.421,0.364,0.372,-0.005,-0.017,-0.011,73.7,34.0,23.2,18.1,35.1,27.3,7.9,5.0,5.6,0.7,44.5,29.5,90.9,7.6,34.6,41,10.0,5.9,25.7,18.1,35.5,4.4,48.5,103.586789505,96.131496609,68.2,17.8,38.1,35.8,64.2,135,377,50.7,990,75.5,7.5,82.2,117,657,49.3,964,44.5,869,24.4,52.9,283,1163,429,1954,33.3,38.7,27.9,408,62.5,48.0,196,17.4,71,28.2,115,6.4,26,,,,,,,,,,,6.0,0.0,30.0,0.0,5.0,8.0,62.5,12.0,12.0,100.0,18.0,19.0,94.7,30.0,31.0,96.8,-0.2,1.5,0.4,1.7,35.6,14.0,4.24,28.8
"Garcia, Maikel",672580,2023,464,515,126,98,20,4,4,115,38,22.3,7.4,0.272,0.358,0.323,0.681,0.27,0.397,0.299,0.32,0.327,0.127,0.35,0.381,0.351,0.357,0.002,-0.039,-0.021,69.8,5.0,18.9,15.7,42.4,35.2,7.1,6.0,7.3,8.2,58.8,28.6,91.8,6.1,36.9,14,3.9,9.4,31.7,16.1,35.3,2.8,50.6,101.538604663,95.500565408,63.6,15.6,20.6,32.8,67.2,64,195,47.7,948,74.3,8.4,84.4,103,662,52.3,1041,42.6,848,19.5,43.1,159,1205,495,1989,29.4,42.8,27.8,360,64.5,48.3,174,18.3,66,29.2,105,4.2,15,,,,,,,,,,,,,,,,,,,,,,,,,,,,,,,,6.0,4.44,28.2
"Robert Jr., Luis",673357,2023,546,595,144,69,36,1,38,172,30,28.9,5.0,0.264,0.542,0.315,0.857,0.256,0.516,0.358,0.347,0.309,0.26,0.488,0.47,0.383,0.373,0.008,0.026,0.011,75.9,62.7,15.2,10.7,24.6,17.3,7.9,12.0,11.9,-6.2,51.8,35.2,89.1,16.1,38.0,58,15.4,5.6,22.9,25.8,25.3,4.8,42.3,101.844478191,95.05043424,78.1,21.4,40.5,54.3,45.7,255,470,52.7,1160,89.7,6.6,78.6,174,812,47.3,1040,41.5,914,33.5,58.3,266,1090,580,2200,45.2,30.9,23.9,376,69.4,36.4,137,30.3,114,24.7,93,8.5,32,,,,,,,,,,,12.0,4.0,26.0,15.4,5.0,6.0,83.3,13.0,18.0,72.2,21.0,22.0,95.5,37.0,37.0,100.0,-0.2,0.3,0.5,0.6,34.9,22.0,4.37,28.7
"Kim, Ha-Seong",673490,2023,538,626,140,100,23,0,17,124,75,19.8,12.0,0.26,0.398,0.351,0.749,0.242,0.362,0.33,0.313,0.337,0.119,0.36,0.335,0.334,0.313,0.018,0.036,0.017,67.6,3.7,7.4,6.4,35.1,30.1,6.9,7.0,6.2,-1.8,53.9,25.2,86.2,13.6,36.1,18,4.2,5.7,25.5,29.5,30.2,4.7,26.7,96.561670433,92.283861587,55.1,14.8,20.4,27.2,72.8,71,261,46.9,1278,62.4,8.6,85.2,118,799,53.1,1449,45.2,1233,17.8,38.9,220,1669,670,2727,42.0,37.3,20.8,424,57.8,41.3,175,25.2,107,24.3,103,9.2,39,,,,,,,,,,,,,,,,,,,,,,,,,,,,,,,,1.0,4.33,28.5
"Suzuki, Seiya",673548,2023,515,583,147,90,31,6,20,130,59,22.3,10.1,0.285,0.485,0.357,0.842,0.278,0.475,0.358,0.357,0.354,0.197,0.427,0.426,0.375,0.37,0.007,0.01,0.001,72.5,31.1,19.0,15.3,35.8,28.8,7.1,8.0,4.8,1.2,42.1,31.5,91.4,10.8,36.5,41,10.5,8.2,27.3,20.2,30.6,3.1,48.0,102.157061122,95.610201816,60.5,15.8,19.8,39.3,60.7,92,234,48.2,1179,73.2,7.9,84.2,121,766,51.8,1266,42.5,1040,21.3,40.9,275,1409,578,2445,37.0,41.3,21.7,392,60.0,43.6,171,24.0,94,28.6,112,3.8,15,,,,,,,,,,,1.0,0.0,17.0,0.0,2.0,2.0,100.0,13.0,16.0,81.3,11.0,15.0,73.3,17.0,17.0,100.0,0.6,1.3,-0.4,1.5,34.1,5.0,4.34,28.5
"Jung, Josh",673962,2023,478,515,127,78,25,1,23,151,30,29.3,5.8,0.266,0.467,0.315,0.782,0.254,0.481,0.334,0.334,0.304,0.227,0.449,0.449,0.386,0.369,0.012,-0.014,0.0,71.4,13.1,16.5,11.0,32.9,22.0,7.0,6.0,12.5,1.8,45.3,38.9,91.8,15.0,41.9,39,11.9,7.9,27.1,25.5,25.5,1.8,47.4,101.620526098,95.373200793,72.7,20.6,32.9,47.9,52.1,163,340,52.4,1035,77.6,7.4,79.4,141,684,47.6,941,41.1,813,29.7,51.8,173,1043,590,1976,36.8,39.2,24.0,329,66.8,37.4,123,29.5,97,29.5,97,3.6,12,,,,,,,,,,,,,,,,,,,,,,,,,,,,,,,,,4.59,26.8
"Rodríguez, Julio",677594,2023,654,714,180,109,37,2,32,175,47,24.5,6.6,0.275,0.485,0.333,0.818,0.268,0.475,0.347,0.343,0.327,0.208,0.436,0.429,0.374,0.364,0.007,0.01,0.004,77.2,70.4,21.3,15.9,31.8,23.7,8.0,10.0,7.9,-4.8,49.4,33.4,92.7,8.5,31.8,57,11.9,7.3,21.0,20.0,36.4,3.3,52.0,104.082287708,96.812366417,72.1,16.7,37.4,48.6,51.4,239,492,52.4,1316,78.9,7.6,83.3,144,861,47.6,1195,41.5,1042,28.3,53.9,326,1347,634,2511,39.5,36.6,23.9,481,63.4,47.6,229,24.5,118,23.3,112,4.6,22,,,,,,,,,,,11.0,4.0,23.0,17.4,2.0,5.0,40.0,14.0,18.0,77.8,28.0,29.0,96.6,28.0,28.0,100.0,-0.2,1.7,0.2,1.6,36.1,81.0,4.28,29.6
"Witt Jr., Bobby",677951,2023,641,694,177,108,28,11,30,121,40,17.4,5.8,0.276,0.495,0.319,0.814,0.289,0.534,0.343,0.368,0.332,0.246,0.393,0.425,0.335,0.353,-0.013,-0.039,-0.025,75.1,53.6,18.8,15.5,32.9,27.1,7.0,7.0,5.9,-0.6,50.0,30.8,90.7,15.7,34.4,61,11.5,7.2,22.1,25.9,30.1,3.0,45.6,102.080606768,95.411820457,71.0,16.7,30.6,36.5,63.5,154,422,50.9,1377,83.6,7.7,83.3,157,941,49.1,1326,41.5,1122,22.8,50.5,277,1558,628,2701,35.0,33.5,31.6,529,62.3,37.6,199,28.4,150,25.9,137,8.1,43,,,,,,,,,,,,,,,,,,,,,,,,,,,,,,,,149.0,4.12,30.5
"Tovar, Ezequiel",678662,2023,581,615,147,91,37,4,15,166,25,27.0,4.1,0.253,0.408,0.287,0.695,0.243,0.389,0.298,0.29,0.279,0.145,0.389,0.377,0.352,0.341,0.01,0.019,0.008,72.0,21.5,12.7,8.7,29.3,20.0,7.5,8.0,9.1,-2.6,39.0,37.5,88.0,12.6,36.4,34,8.1,3.6,29.8,24.5,28.8,4.8,36.2,99.019446394,93.628807036,79.8,19.2,42.0,51.6,48.4,264,512,53.3,1220,88.4,7.2,80.8,164,855,46.7,1071,42.3,969,31.3,59.7,227,1202,650,2290,31.2,39.5,29.3,420,66.3,43.1,181,26.4,111,26.2,110,4.3,18,,,,,,,,,,,,,,,,,,,,,,,,,,,,,,,,1.0,4.38,28.1
"Torkelson, Spencer",679529,2023,606,684,141,75,34,1,31,171,67,25.0,9.8,0.233,0.446,0.313,0.759,0.245,0.488,0.326,0.348,0.325,0.243,0.391,0.426,0.32,0.34,-0.012,-0.042,-0.022,75.1,50.5,17.8,13.7,29.9,23.0,7.6,9.0,10.9,-8.2,55.6,31.5,91.8,17.1,33.2,62,14.1,7.0,21.4,29.3,26.4,1.4,50.9,102.691928356,96.002045502,67.5,17.6,23.6,45.9,54.1,147,320,48.6,1357,77.3,8.3,82.4,171,970,51.4,1436,40.5,1130,24.7,46.2,374,1457,765,2814,46.1,30.7,23.2,440,60.6,33.9,149,31.6,139,24.5,108,10.0,44,,,,,,,,,,,,,,,,,,,,,,,,,,,,,,,,,4.6,27.4
"Kwan, Steven",680757,2023,638,718,171,123,36,7,5,75,70,10.4,9.7,0.268,0.37,0.34,0.71,0.281,0.362,0.313,0.319,0.353,0.081,0.306,0.314,0.301,0.316,-0.013,0.008,-0.006,64.1,0.2,4.7,4.3,44.9,41.0,6.4,10.0,2.0,0.0,31.0,34.9,86.0,10.7,37.7,6,1.1,2.8,29.3,26.3,38.1,2.5,18.8,94.063409324,91.031738203,59.0,6.0,21.3,27.3,72.7,78,286,47.3,1344,65.4,8.4,94.0,53,885,52.7,1499,42.5,1209,11.2,41.2,311,1860,562,2843,27.7,39.5,32.8,570,61.9,46.7,266,20.0,114,28.8,164,4.6,26,,,,,,,,,,,7.0,3.0,29.0,10.3,4.0,7.0,57.1,10.0,15.0,66.7,33.0,34.0,97.1,41.0,44.0,93.2,-0.6,0.5,0.9,0.8,33.1,3.0,4.22,28.1
"Stott, Bryson",681082,2023,585,640,164,115,32,2,15,100,39,15.6,6.1,0.28,0.419,0.329,0.748,0.265,0.393,0.323,0.312,0.317,0.127,0.354,0.34,0.333,0.318,0.015,0.026,0.011,68.0,0.7,9.9,8.7,39.0,34.1,7.0,5.0,6.3,6.5,48.7,32.2,88.1,10.1,36.4,23,4.7,5.3,26.5,25.1,35.6,2.8,35.2,97.379136163,92.802445092,59.1,11.3,29.5,23.9,76.1,90,376,47.8,1273,65.6,7.8,88.7,93,823,52.2,1392,45.1,1201,15.3,45.0,355,1705,509,2665,31.4,35.4,33.2,494,60.3,47.4,234,23.1,114,25.3,125,4.3,21,,,,,,,,,,,,,,,,,,,,,,,,,,,,,,,,18.0,4.23,28.8
"Outman, James",681546,2023,483,567,120,78,16,3,23,181,68,31.9,12.0,0.248,0.437,0.353,0.79,0.225,0.395,0.344,0.324,0.333,0.17,0.456,0.418,0.392,0.356,0.023,0.042,0.02,73.4,33.7,11.5,8.0,23.0,16.0,7.8,14.0,11.3,-2.4,46.3,35.3,87.9,15.7,38.2,34,11.1,3.9,27.8,25.5,25.5,6.2,39.9,99.962159145,94.027798454,68.6,26.7,25.3,61.3,38.7,190,310,52.1,1227,82.7,8.1,73.3,206,772,47.9,1126,42.2,992,36.6,46.0,298,1277,652,2352,45.8,32.4,21.9,306,57.5,39.2,120,30.4,93,23.2,71,7.2,22,,,,,,,,,,,9.0,3.0,23.0,13.0,4.0,4.0,100.0,6.0,10.0,60.0,38.0,40.0,95.0,23.0,24.0,95.8,-0.7,0.3,0.0,-0.4,33.3,7.0,4.24,28.9
"Abrams, CJ",682928,2023,563,614,138,86,28,6,18,118,32,19.2,5.2,0.245,0.412,0.3,0.712,0.243,0.402,0.306,0.304,0.297,0.16,0.349,0.345,0.308,0.305,0.002,0.01,0.002,71.6,20.7,13.3,10.6,30.4,24.2,7.3,7.0,10.0,0.2,52.0,28.5,87.4,13.5,32.6,31,6.9,7.5,21.7,26.2,31.0,6.7,35.9,98.814933243,93.426357297,71.9,15.7,35.1,36.2,63.8,141,389,50.1,1109,79.7,8.0,84.3,125,794,49.9,1105,44.3,980,22.5,53.5,279,1237,547,2212,35.9,39.9,24.2,451,64.4,44.8,202,25.1,113,20.6,93,9.5,43,,,,,,,,,,,,,,,,,,,,,,,,,,,,,,,,13.0,4.22,28.6
"Carroll, Corbin",682998,2023,565,645,161,96,30,10,25,125,57,19.4,8.8,0.285,0.506,0.362,0.868,0.264,0.445,0.37,0.345,0.345,0.181,0.423,0.387,0.363,0.339,0.021,0.061,0.025,73.3,30.1,13.9,10.7,35.8,27.7,6.8,8.0,5.5,1.7,46.2,26.2,90.0,11.0,32.7,34,7.6,7.8,22.0,22.7,34.2,5.3,40.9,100.972563211,94.780604736,65.3,14.4,28.0,37.2,62.8,132,355,52.2,1270,78.3,6.6,85.6,109,759,47.8,1162,43.4,1056,21.6,45.8,324,1369,573,2431,38.4,36.9,24.7,450,57.9,45.3,204,24.0,108,23.3,105,7.3,33,,,,,,,,,,,4.0,4.0,34.0,11.8,2.0,4.0,50.0,7.0,13.0,53.8,17.0,19.0,89.5,26.0,26.0,100.0,1.9,1.2,-1.4,1.7,34.0,133.0,4.08,30.1
"Henderson, Gunnar",683002,2023,560,622,143,77,29,9,28,159,56,25.6,9.0,0.255,0.489,0.325,0.814,0.257,0.479,0.346,0.347,0.327,0.223,0.431,0.433,0.354,0.358,-0.002,0.01,-0.001,75.5,57.6,20.4,16.2,32.7,26.0,7.3,4.0,10.3,2.5,49.4,32.9,92.0,11.4,32.9,46,11.4,7.9,23.3,20.8,32.9,3.5,52.0,102.730226238,96.062562903,66.7,20.5,26.5,41.5,58.5,131,316,49.6,1192,79.8,7.6,79.5,166,809,50.4,1213,43.8,1053,26.4,46.8,319,1323,561,2405,36.6,38.1,25.2,404,62.6,45.8,185,26.5,107,23.3,94,4.5,18,,,,,,,,,,,,,,,,,,,,,,,,,,,,,,,,9.0,4.23,28.8
"Volpe, Anthony",683011,2023,541,601,113,65,23,4,21,167,52,27.8,8.7,0.209,0.383,0.283,0.666,0.228,0.402,0.29,0.308,0.301,0.174,0.357,0.386,0.301,0.329,-0.019,-0.019,-0.018,70.9,9.1,10.5,8.2,30.3,23.6,7.1,8.0,12.5,-2.0,57.2,33.7,88.7,14.2,35.5,34,9.0,7.7,23.1,23.9,31.3,5.0,43.0,99.54617672,93.954577957,67.2,19.3,28.7,49.3,50.7,165,335,50.0,1168,75.0,7.9,80.7,151,784,50.0,1167,39.0,911,28.2,47.9,218,1264,660,2335,46.7,30.5,22.8,377,62.6,41.1,155,27.6,104,24.9,94,6.4,24,,,,,,,,,,,,,,,,,,,,,,,,,,,,,,,,,4.4,28.4
"Vaughn, Andrew",683734,2023,566,615,146,93,30,2,21,129,36,21.0,5.9,0.258,0.429,0.314,0.743,0.247,0.43,0.321,0.319,0.305,0.183,0.375,0.371,0.333,0.32,0.011,-0.001,0.002,70.2,10.5,18.3,14.8,33.9,27.3,7.6,6.0,9.7,-5.5,57.2,29.5,90.6,11.2,30.3,37,8.4,7.3,24.1,23.9,33.7,2.5,46.5,101.661403,95.348849294,64.8,13.4,31.7,44.0,56.0,169,384,52.3,1212,70.2,6.9,86.6,96,716,47.7,1105,41.8,968,24.1,47.5,277,1151,656,2317,37.4,35.1,27.6,439,62.8,44.4,195,23.7,104,24.4,107,7.5,33,,,,,,,,,,,,,,,,,,,,,,,,,,,,,,,,,4.79,25.5
"Yoshida, Masataka",807799,2023,537,580,155,104,33,3,15,81,34,14.0,5.9,0.289,0.445,0.338,0.783,0.268,0.428,0.339,0.325,0.319,0.16,0.366,0.349,0.338,0.315,0.021,0.017,0.014,71.4,19.8,13.7,11.5,39.9,33.4,7.3,5.0,5.9,0.5,40.4,31.1,89.0,3.9,29.5,30,6.6,3.9,25.8,17.2,41.9,3.9,40.6,100.123813246,94.28056556,58.6,13.5,27.3,29.0,71.0,85,293,48.8,1072,68.6,8.6,86.5,89,659,51.2,1125,42.8,940,18.3,43.3,339,1224,514,2197,35.4,35.2,29.5,458,59.5,55.0,252,19.4,89,21.4,98,4.1,19,,,,,,,,,,,-8.0,0.0,20.0,0.0,1.0,1.0,100.0,1.0,6.0,16.7,9.0,13.0,69.2,22.0,25.0,88.0,-0.1,-2.1,0.0,-2.2,31.1,,4.36,26.2
"McCutchen, Andrew",457705,2024,448,515,104,65,18,1,20,133,58,25.8,11.3,0.232,0.411,0.328,0.739,0.219,0.421,0.325,0.325,0.317,0.201,0.386,0.386,0.328,0.31,0.013,-0.01,0.0,72.7,25.3,14.9,11.1,31.2,23.2,7.6,11.0,12.7,-0.2,56.4,33.4,88.5,14.3,31.9,38,12.0,5.7,19.2,26.8,32.8,3.5,36.9,99.424962893,93.831123091,65.6,22.3,17.2,55.2,44.8,100,181,48.7,1054,80.2,8.2,77.7,162,727,51.3,1109,44.0,952,28.9,42.0,205,1232,547,2163,39.4,41.0,19.6,317,62.9,41.6,132,29.3,93,20.8,66,8.2,26,,,,,,,,,,,,,,,,,,,,,,,,,,,,,,,,,4.57,26.8
"Turner, Justin",457759,2024,460,539,119,84,24,0,11,95,59,17.6,10.9,0.259,0.383,0.354,0.737,0.251,0.394,0.327,0.333,0.351,0.143,0.341,0.35,0.32,0.315,0.008,-0.011,-0.006,65.1,0.8,5.0,4.3,32.5,27.9,6.3,16.0,9.3,-0.4,52.3,34.5,87.1,17.8,40.1,17,4.6,6.7,29.6,32.0,23.9,3.2,32.5,96.702342312,92.434680753,65.7,11.5,25.1,31.3,68.7,91,291,49.9,1158,77.5,7.3,88.5,88,763,50.1,1162,43.3,1005,17.0,45.4,164,1566,440,2320,38.7,36.8,24.5,372,57.7,32.5,121,30.6,114,29.8,111,7.0,26,,,,,,,,,,,,,,,,,,,,,,,,,,,,,,,,,4.82,25.4
"Santana, Carlos",467793,2024,521,594,124,75,26,0,23,99,65,16.7,10.9,0.238,0.42,0.328,0.748,0.244,0.424,0.326,0.333,0.334,0.18,0.344,0.353,0.292,0.3,-0.006,-0.004,-0.007,71.8,19.4,13.6,10.7,36.1,28.3,7.6,8.0,11.8,-5.0,63.3,27.1,89.2,16.1,30.9,31,7.3,6.6,23.1,32.3,27.8,2.6,39.9,99.506124387,94.004167778,64.9,16.6,23.4,40.3,59.7,119,295,52.1,1262,72.8,7.0,83.4,125,754,47.9,1162,42.9,1039,23.3,43.3,499,1232,574,2423,52.6,30.9,16.5,424,56.7,38.0,161,28.8,122,22.2,94,11.1,47,,,,,,,,,,,,,,,,,,,,,,,,,,,,,,,,,4.62,25.9
"Goldschmidt, Paul",502671,2024,599,654,147,91,33,1,22,173,47,26.5,7.2,0.245,0.414,0.302,0.716,0.252,0.462,0.31,0.332,0.308,0.21,0.393,0.428,0.343,0.354,-0.007,-0.048,-0.022,72.5,24.3,18.0,13.3,33.4,24.8,7.8,10.0,11.0,2.0,53.3,32.0,91.2,13.1,34.3,46,10.7,8.9,26.6,22.0,29.0,2.3,49.6,101.892583709,95.666428146,65.1,22.1,29.5,39.7,60.3,156,393,49.0,1330,71.5,8.9,77.9,200,903,51.0,1387,43.9,1192,27.4,47.7,321,1510,617,2719,39.0,34.6,26.4,428,64.0,43.7,187,26.9,115,23.8,102,5.6,24,,,,,,,,,,,,,,,,,,,,,,,,,,,,,,,,,4.58,26.3
"Altuve, Jose",514888,2024,628,682,185,134,31,0,20,119,47,17.4,6.9,0.295,0.439,0.35,0.789,0.261,0.406,0.344,0.319,0.319,0.145,0.389,0.356,0.363,0.322,0.034,0.033,0.025,69.4,13.0,9.0,7.1,33.2,26.1,7.8,10.0,16.5,-4.1,49.4,30.2,86.5,14.1,35.4,33,6.5,3.9,28.5,24.4,28.7,7.9,31.2,97.323672581,92.693762581,68.6,12.7,37.3,36.3,63.7,182,501,54.7,1343,76.1,7.5,87.3,97,762,45.3,1111,41.1,1009,22.1,51.5,358,1276,638,2454,51.3,34.6,14.1,509,64.6,43.0,219,25.9,132,25.9,132,5.1,26,,,,,,,,,,,,,,,,,,,,,,,,,,,,,,,,29.0,4.33,27.1
"Freeman, Freddie",518692,2024,542,638,153,94,35,2,22,100,78,15.7,12.2,0.282,0.476,0.378,0.854,0.272,0.475,0.365,0.369,0.372,0.203,0.389,0.394,0.34,0.332,0.01,0.001,-0.004,69.8,10.1,12.8,10.4,33.3,27.1,6.8,10.0,7.9,1.4,40.3,42.5,89.4,14.3,43.1,41,9.1,8.4,25.1,26.0,26.0,5.3,41.8,100.349133067,94.527301044,73.7,16.6,26.6,29.0,71.0,101,348,51.8,1307,83.6,6.8,83.4,149,896,48.2,1215,42.9,1083,20.2,49.4,326,1467,549,2522,34.2,34.9,30.9,450,60.3,38.7,174,31.1,140,27.6,124,2.7,12,,,,,,,,,,,,,,,,,,,,,,,,,,,,,,,,,4.63,25.8
"Perez, Salvador",521692,2024,590,652,160,105,28,0,27,129,44,19.8,6.7,0.271,0.456,0.33,0.786,0.271,0.53,0.335,0.361,0.331,0.259,0.392,0.429,0.343,0.343,0.0,-0.074,-0.026,73.2,33.4,17.6,13.0,33.6,25.0,7.9,15.0,13.7,-6.9,53.7,34.8,91.1,19.0,39.4,57,12.2,6.6,23.1,31.5,23.3,2.6,44.8,101.856275647,95.341857371,77.3,18.3,42.9,41.0,59.0,229,559,56.6,1303,81.2,5.8,81.7,141,771,43.4,998,40.6,934,27.8,57.8,279,1119,608,2301,46.7,30.0,23.3,467,65.7,33.8,158,33.8,158,24.4,114,7.9,37,24.0,2.01,2.0,2.03,4.0,1.54,1.58,1.43,0.63,80.1,,,,,,,,,,,,,,,,,,,,,,,4.93,24.5
"Ozuna, Marcell",542303,2024,606,688,183,113,31,0,39,170,74,24.7,10.8,0.302,0.546,0.378,0.924,0.283,0.583,0.395,0.404,0.365,0.3,0.496,0.512,0.416,0.395,0.019,-0.037,-0.009,74.0,42.5,20.3,14.0,33.9,23.3,7.4,4.0,15.4,-2.6,53.2,36.5,92.1,14.4,40.5,68,15.5,11.4,25.2,19.1,25.2,3.4,53.4,103.338991136,96.489686128,72.5,22.6,26.5,50.4,49.6,214,425,55.9,1606,81.1,6.6,77.4,208,920,44.1,1269,40.5,1165,31.4,46.8,344,1557,693,2875,46.8,32.0,21.1,440,57.6,38.0,167,31.6,139,27.3,120,3.2,14,,,,,,,,,,,,,,,,,,,,,,,,,,,,,,,,,4.84,25.7
"Semien, Marcus",543760,2024,650,718,154,102,27,2,23,105,64,14.6,8.9,0.237,0.391,0.308,0.699,0.251,0.406,0.306,0.32,0.321,0.155,0.319,0.337,0.282,0.299,-0.014,-0.015,-0.014,68.3,4.2,12.0,9.8,37.5,30.7,7.7,27.0,13.3,-6.7,57.4,32.0,87.4,17.0,33.0,36,6.6,4.8,25.5,31.1,26.7,4.8,35.2,97.806210919,93.005121934,75.9,11.9,25.2,44.0,56.0,149,339,51.1,1343,92.2,8.3,88.1,116,974,48.9,1283,43.1,1132,20.2,50.0,304,1420,665,2626,46.0,33.7,20.3,546,60.4,39.6,216,30.0,164,22.5,123,7.9,43,,,,,,,,,,,,,,,,,,,,,,,,,,,,,,,,2.0,4.4,28.5
"Springer, George",543807,2024,545,614,120,79,19,3,19,115,60,18.7,9.8,0.22,0.371,0.303,0.674,0.24,0.412,0.298,0.325,0.322,0.171,0.318,0.356,0.278,0.304,-0.02,-0.041,-0.027,71.9,22.4,15.2,11.7,33.0,25.4,7.4,24.0,10.8,1.0,52.2,33.8,87.5,9.4,29.2,40,9.3,4.4,21.5,21.3,36.3,6.5,37.4,99.896868,94.046929394,73.0,18.6,23.5,47.3,52.7,124,262,48.4,1113,87.6,6.7,81.4,161,866,51.6,1186,43.5,1000,25.3,49.1,233,1330,502,2304,37.0,40.7,22.2,432,65.3,49.8,215,22.2,96,22.2,96,5.8,25,,,,,,,,,,,-1.0,1.0,16.0,6.3,3.0,5.0,60.0,4.0,10.0,40.0,15.0,20.0,75.0,28.0,29.0,96.6,-0.1,-1.5,0.0,-1.7,31.8,1.0,4.45,28.1
"Harper, Bryce",547180,2024,550,631,157,85,42,0,30,138,76,21.9,12.0,0.285,0.525,0.373,0.898,0.264,0.486,0.38,0.361,0.356,0.222,0.457,0.428,0.379,0.353,0.021,0.039,0.019,74.0,41.0,17.4,13.1,28.0,21.0,7.3,13.0,11.4,-1.1,44.4,36.1,91.1,13.5,36.1,44,10.6,9.6,25.5,24.6,26.5,2.7,48.2,102.531835097,95.63882949,78.2,14.9,33.4,47.6,52.4,223,468,56.7,1400,86.3,6.2,85.1,125,837,43.3,1071,39.7,980,26.7,52.9,366,1305,620,2469,34.2,34.5,31.3,415,62.6,38.6,160,30.4,126,27.0,112,4.1,17,,,,,,,,,,,,,,,,,,,,,,,,,,,,,,,,,4.42,27.4
"Suárez, Eugenio",553993,2024,571,640,146,86,28,2,30,176,49,27.5,7.7,0.256,0.469,0.319,0.788,0.246,0.463,0.337,0.335,0.313,0.217,0.433,0.43,0.36,0.35,0.01,0.006,0.002,72.2,21.5,15.0,10.8,30.7,22.2,7.8,34.0,17.5,-3.8,50.2,38.6,89.1,19.5,40.4,46,11.3,8.9,25.6,28.8,20.4,4.7,42.4,100.570552315,94.463438988,66.9,18.8,27.0,55.2,44.8,187,339,49.4,1255,78.6,7.9,81.2,162,861,50.6,1287,42.3,1074,29.1,47.2,249,1483,583,2542,49.3,28.8,21.9,406,65.2,32.5,132,33.3,135,26.4,107,7.9,32,,,,,,,,,,,,,,,,,,,,,,,,,,,,,,,,,4.68,26.5
"Arenado, Nolan",571448,2024,578,635,157,118,23,0,16,92,44,14.5,6.9,0.272,0.394,0.325,0.719,0.253,0.361,0.314,0.299,0.311,0.108,0.336,0.317,0.318,0.3,0.019,0.033,0.015,70.7,12.8,9.2,7.8,32.3,27.6,8.2,29.0,11.3,-7.4,55.8,33.3,86.3,16.9,35.9,16,3.2,5.1,28.2,30.6,28.2,4.5,31.6,96.924147927,92.483246402,63.9,9.8,30.0,32.7,67.3,121,370,50.4,1235,72.4,7.8,90.2,76,778,49.6,1217,42.2,1035,17.2,46.8,293,1397,534,2452,44.2,37.3,18.5,493,61.6,39.4,194,23.5,116,27.8,137,9.3,46,,,,,,,,,,,,,,,,,,,,,,,,,,,,,,,,,4.72,25.3
"Walker, Christian",572233,2024,479,552,120,68,26,0,26,133,55,24.1,10.0,0.251,0.468,0.335,0.803,0.243,0.47,0.343,0.354,0.335,0.228,0.412,0.428,0.339,0.339,0.008,-0.002,-0.011,75.0,52.7,15.8,12.2,26.1,20.2,7.5,32.0,8.7,-3.7,46.9,30.3,91.2,16.6,35.0,47,13.3,7.1,23.2,28.0,25.1,3.1,48.0,103.127969548,96.011102521,73.1,17.5,24.3,48.8,51.2,141,289,51.4,1189,78.0,7.9,82.5,144,823,48.6,1126,41.6,962,25.6,48.0,272,1275,561,2315,41.0,34.7,24.3,354,57.4,37.9,134,31.9,113,22.3,79,7.9,28,,,,,,,,,,,,,,,,,,,,,,,,,,,,,,,,,4.68,26.2
"Castellanos, Nick",592206,2024,606,659,154,97,30,4,23,139,41,21.1,6.2,0.254,0.431,0.311,0.742,0.268,0.454,0.321,0.337,0.324,0.186,0.377,0.399,0.328,0.347,-0.014,-0.023,-0.016,71.9,22.8,12.4,8.7,33.3,23.5,7.6,12.0,12.7,-5.2,47.2,38.9,88.4,15.2,39.0,38,8.1,6.8,29.4,27.3,25.4,2.8,38.2,99.266703034,93.738511581,79.0,19.4,37.8,51.9,48.1,234,451,50.9,1194,86.5,6.6,80.6,176,909,49.1,1150,42.8,1003,30.1,58.0,268,1111,728,2344,37.5,37.7,24.7,469,69.9,38.4,180,30.5,143,26.9,126,4.3,20,,,,,,,,,,,-8.0,1.0,20.0,5.0,0.0,7.0,0.0,2.0,5.0,40.0,19.0,28.0,67.9,25.0,28.0,89.3,-0.7,-1.9,-0.1,-2.8,29.8,,4.49,27.4
"Judge, Aaron",592450,2024,559,704,180,85,36,1,58,171,133,24.3,18.9,0.322,0.701,0.458,1.159,0.304,0.739,0.476,0.48,0.445,0.435,0.617,0.625,0.462,0.437,0.018,-0.038,-0.004,77.1,74.8,25.8,18.4,33.8,24.2,8.2,14.0,14.4,-4.5,51.3,39.8,96.2,19.0,40.8,105,26.9,8.5,19.7,22.8,20.3,1.3,61.0,107.20043567,99.103701521,67.4,22.6,18.7,57.3,42.7,161,281,52.1,1502,81.1,7.0,77.3,210,930,47.9,1380,41.1,1185,30.7,42.0,390,1507,658,2885,40.3,34.1,25.6,390,52.6,31.5,123,38.7,151,25.9,101,4.1,16,,,,,,,,,,,-6.0,0.0,26.0,0.0,0.0,3.0,0.0,5.0,9.0,55.6,17.0,21.0,81.0,27.0,31.0,87.1,-1.3,-2.1,0.2,-3.3,31.0,,4.76,26.8
"Machado, Manny",592518,2024,593,643,163,104,30,0,29,124,45,19.3,7.0,0.275,0.472,0.325,0.797,0.266,0.467,0.34,0.34,0.32,0.202,0.399,0.4,0.345,0.338,0.009,0.005,0.0,75.2,52.6,20.8,16.4,31.9,25.1,7.8,23.0,6.8,-0.2,54.3,25.6,92.5,12.7,33.8,52,11.0,5.9,24.3,24.3,32.3,1.7,48.8,103.370494128,96.17209183,72.4,16.2,29.7,45.3,54.7,156,344,48.6,1160,80.5,6.9,83.8,144,888,51.4,1227,44.2,1056,24.4,51.6,241,1455,513,2387,35.1,42.5,22.4,473,63.3,43.3,205,22.0,104,26.6,126,8.0,38,,,,,,,,,,,,,,,,,,,,,,,,,,,,,,,,,4.71,25.8
"Profar, Jurickson",595777,2024,564,668,158,105,29,0,24,101,76,15.1,11.4,0.28,0.459,0.38,0.839,0.279,0.451,0.365,0.366,0.381,0.171,0.381,0.382,0.338,0.339,0.001,0.008,-0.001,71.7,22.7,12.9,10.8,32.4,27.1,7.3,12.0,8.9,-3.0,50.4,32.5,91.1,13.4,31.3,34,7.2,4.9,29.2,25.2,29.8,3.8,44.4,100.952441293,94.862553707,68.6,12.1,21.9,33.1,66.9,98,296,49.3,1349,81.9,7.4,87.9,115,954,50.7,1390,42.2,1156,17.0,45.6,417,1589,614,2739,39.3,35.9,24.7,473,60.2,43.1,204,25.6,121,23.5,111,7.8,37,,,,,,,,,,,-5.0,0.0,21.0,0.0,3.0,9.0,33.3,6.0,12.0,50.0,16.0,24.0,66.7,29.0,30.0,96.7,-0.3,-1.9,-0.4,-2.5,30.7,,4.42,26.5
"Lindor, Francisco",596019,2024,618,689,169,96,39,1,33,127,56,18.4,8.1,0.273,0.5,0.344,0.844,0.278,0.539,0.363,0.381,0.349,0.26,0.411,0.436,0.342,0.349,-0.005,-0.039,-0.018,72.4,23.6,18.2,14.0,37.3,28.7,7.6,13.0,13.0,-1.5,56.0,34.2,90.9,17.0,35.4,67,13.6,5.7,26.3,27.3,23.5,3.4,47.4,101.098117236,95.07615815,69.9,17.5,26.3,41.0,59.0,142,346,48.5,1317,82.4,8.2,82.5,171,976,51.5,1397,45.2,1227,23.7,48.7,422,1573,599,2713,42.9,36.0,21.1,494,60.2,34.8,172,31.4,155,26.1,129,7.7,38,,,,,,,,,,,,,,,,,,,,,,,,,,,,,,,,,4.44,27.6
"Bell, Josh",605137,2024,538,603,134,90,23,2,19,120,51,19.9,8.5,0.249,0.405,0.319,0.724,0.233,0.402,0.317,0.312,0.306,0.169,0.357,0.351,0.318,0.299,0.016,0.003,0.005,70.4,15.0,15.4,11.6,36.1,27.3,7.9,15.0,9.2,1.3,53.5,35.1,88.9,10.5,31.4,32,7.6,6.2,21.4,22.6,37.3,4.3,40.1,100.078711292,94.16958744,73.4,18.8,27.4,45.6,54.4,149,327,53.4,1194,82.7,6.2,81.2,144,766,46.6,1044,43.8,981,26.8,48.8,505,1237,388,2238,41.3,31.8,26.8,421,59.0,49.6,209,23.5,99,21.1,89,5.7,24,,,,,,,,,,,,,,,,,,,,,,,,,,,,,,,,,4.75,25.4
"Betts, Mookie",605141,2024,450,516,130,82,24,5,19,57,61,11.0,11.8,0.289,0.491,0.372,0.863,0.282,0.468,0.371,0.364,0.368,0.187,0.376,0.367,0.327,0.322,0.007,0.023,0.007,69.0,9.6,11.8,10.3,42.5,37.3,6.9,19.0,8.9,-4.2,52.8,34.0,89.9,21.4,39.3,24,6.0,10.1,28.2,35.0,19.1,1.5,39.5,98.50877402,93.575257103,60.8,6.1,21.1,38.7,61.3,86,222,51.4,1053,76.1,6.9,93.9,37,604,48.6,994,43.3,887,14.9,40.4,228,1214,435,2047,34.3,41.6,24.2,397,61.0,27.2,108,35.3,140,29.0,115,8.6,34,,,,,,,,,,,1.0,0.0,14.0,0.0,0.0,3.0,0.0,6.0,7.0,85.7,7.0,8.0,87.5,10.0,10.0,100.0,-0.5,-0.7,0.7,-0.5,32.2,,4.5,26.7
"Arcia, Orlando",606115,2024,551,602,120,79,24,0,17,128,41,21.3,6.8,0.218,0.354,0.271,0.625,0.204,0.332,0.273,0.266,0.261,0.128,0.313,0.304,0.279,0.265,0.014,0.022,0.007,70.9,13.5,12.3,9.3,34.2,25.8,7.9,25.0,8.4,-3.0,62.7,25.4,88.2,8.6,29.9,23,5.3,6.5,18.6,25.8,40.4,3.0,37.8,98.41985743,93.283896472,70.8,17.7,27.6,49.4,50.6,159,322,50.1,1168,74.1,7.3,82.3,146,824,49.9,1164,41.6,969,26.6,49.1,214,1297,598,2332,46.2,33.2,20.6,431,64.5,49.9,215,21.3,92,20.2,87,8.6,37,,,,,,,,,,,,,,,,,,,,,,,,,,,,,,,,,4.73,25.6
"Hernández, Teoscar",606192,2024,589,652,160,93,32,2,33,188,53,28.8,8.1,0.272,0.501,0.339,0.84,0.245,0.493,0.36,0.347,0.316,0.248,0.48,0.459,0.398,0.36,0.027,0.008,0.013,73.2,31.7,18.5,12.5,29.6,19.9,7.8,29.0,9.1,0.9,51.5,32.7,90.6,10.3,33.8,60,14.9,7.5,20.4,20.4,33.1,3.5,46.8,102.727395423,95.689116559,74.7,25.0,28.7,56.4,43.6,216,383,51.2,1336,80.7,7.9,75.0,238,951,48.8,1273,41.7,1087,34.0,51.2,248,1407,710,2608,33.8,38.1,28.1,402,64.7,46.5,187,26.6,107,22.1,89,4.7,19,,,,,,,,,,,-9.0,0.0,30.0,0.0,1.0,9.0,11.1,3.0,9.0,33.3,24.0,29.0,82.8,27.0,29.0,93.1,-1.3,-1.1,0.7,-1.7,31.8,5.0,4.37,28.6
"Marte, Ketel",606466,2024,504,583,147,86,23,2,36,106,65,18.2,11.1,0.292,0.56,0.372,0.932,0.289,0.545,0.391,0.394,0.374,0.256,0.446,0.45,0.361,0.364,0.003,0.015,-0.003,73.7,40.6,20.3,16.2,38.1,30.5,7.6,6.0,9.1,-4.9,53.6,33.7,94.0,9.4,33.7,50,12.3,7.4,24.6,18.2,35.4,2.0,53.8,103.991137178,96.920444406,71.3,14.1,26.0,40.0,60.0,114,285,51.0,1095,82.8,7.3,85.9,106,750,49.0,1052,42.5,912,21.3,48.2,500,1149,397,2146,47.4,35.9,16.7,407,58.8,48.9,199,24.8,101,21.4,87,4.9,20,,,,,,,,,,,,,,,,,,,,,,,,,,,,,,,,2.0,4.4,27.1
"Nimmo, Brandon",607043,2024,571,663,128,77,25,3,23,158,77,23.8,11.6,0.224,0.399,0.327,0.726,0.241,0.417,0.321,0.338,0.344,0.176,0.363,0.391,0.308,0.334,-0.017,-0.018,-0.017,73.3,34.8,15.5,12.1,30.9,24.2,7.3,15.0,6.6,-0.3,50.6,29.2,91.9,11.2,33.7,38,9.1,6.5,25.5,24.0,33.7,1.0,47.4,101.264982933,95.221659687,65.6,15.2,24.1,45.5,54.5,151,332,50.1,1375,79.0,8.3,84.8,137,900,49.9,1372,43.0,1180,23.4,44.8,294,1700,614,2747,37.0,36.3,26.7,416,59.0,42.8,178,27.2,113,25.0,104,5.0,21,,,,,,,,,,,1.0,0.0,28.0,0.0,1.0,5.0,20.0,8.0,12.0,66.7,16.0,19.0,84.2,23.0,24.0,95.8,-0.8,-0.6,0.4,-1.0,32.3,8.0,4.27,28.0
"Turner, Trea",607208,2024,505,539,149,103,25,0,21,98,27,18.2,5.0,0.295,0.469,0.338,0.807,0.263,0.43,0.349,0.323,0.307,0.167,0.405,0.37,0.365,0.325,0.032,0.039,0.026,71.6,17.1,13.4,10.1,34.1,25.6,7.6,15.0,11.0,-5.4,61.4,29.0,89.1,11.5,30.9,28,6.9,5.6,23.5,25.5,35.5,2.7,40.7,99.706063382,94.073107543,74.8,14.2,33.9,51.0,49.0,182,357,51.5,1052,82.5,7.8,85.8,105,741,48.5,991,41.4,846,26.1,53.7,262,1029,580,2043,43.6,33.8,22.5,408,66.6,47.1,192,26.5,108,21.3,87,5.1,21,,,,,,,,,,,,,,,,,,,,,,,,,,,,,,,,80.0,4.22,29.6
"Ramírez, José",608070,2024,620,682,173,93,39,2,39,82,54,12.0,7.9,0.279,0.537,0.335,0.872,0.256,0.467,0.364,0.333,0.317,0.21,0.393,0.355,0.318,0.296,0.023,0.07,0.031,71.6,18.9,14.2,12.4,32.6,28.5,7.3,17.0,9.9,-9.6,63.8,30.7,89.2,19.6,34.0,47,8.6,8.5,19.7,34.4,25.9,2.9,39.7,99.642954081,93.982319614,68.9,9.4,31.7,26.6,73.4,121,455,52.4,1435,77.0,6.8,90.6,84,897,47.6,1302,44.3,1213,15.2,49.4,597,1312,665,2735,51.3,30.1,18.6,544,55.3,34.2,186,31.1,169,22.6,123,12.1,66,,,,,,,,,,,,,,,,,,,,,,,,,,,,,,,,3.0,4.32,28.2
"Bregman, Alex",608324,2024,581,634,151,93,30,2,26,86,44,13.6,6.9,0.26,0.453,0.315,0.768,0.255,0.434,0.331,0.325,0.313,0.179,0.353,0.346,0.303,0.299,0.005,0.019,0.006,71.3,11.9,13.3,11.8,37.8,33.7,7.0,7.0,12.2,-2.9,68.7,28.5,89.1,18.2,34.9,32,6.4,7.4,24.8,33.1,25.7,2.4,40.5,98.986527952,93.684160984,65.6,8.7,23.6,24.7,75.3,69,279,49.3,1180,70.5,7.6,91.3,69,796,50.7,1213,42.2,1011,12.8,44.9,252,1432,530,2393,39.9,33.5,26.7,499,63.6,36.5,182,28.3,141,24.2,121,11.0,55,,,,,,,,,,,,,,,,,,,,,,,,,,,,,,,,,4.55,26.7
"Seager, Corey",608369,2024,475,533,132,81,21,0,30,96,53,18.0,9.9,0.278,0.512,0.353,0.865,0.28,0.573,0.365,0.391,0.356,0.293,0.418,0.454,0.346,0.352,-0.002,-0.061,-0.026,72.3,20.9,19.5,15.2,33.3,26.1,6.6,14.0,12.3,-0.7,51.3,34.0,92.1,13.5,38.6,58,15.2,9.7,22.6,22.0,28.1,1.8,50.7,103.274395474,96.157523456,79.5,13.5,27.8,50.2,49.8,134,267,51.2,959,90.2,7.1,86.5,98,726,48.8,913,43.8,819,23.4,53.0,364,955,442,1872,40.7,37.3,22.0,381,62.2,40.9,156,31.2,119,24.7,94,3.1,12,,,,,,,,,,,,,,,,,,,,,,,,,,,,,,,,,4.76,25.3
"Winker, Jesse",608385,2024,430,508,109,72,23,0,14,106,63,20.9,12.4,0.253,0.405,0.36,0.765,0.243,0.388,0.338,0.33,0.351,0.145,0.37,0.359,0.333,0.32,0.01,0.017,0.008,69.5,7.4,11.3,9.4,32.3,26.7,7.3,18.0,12.2,7.6,59.7,35.3,88.6,14.0,30.1,25,7.6,3.3,28.3,24.0,33.1,3.6,37.4,98.91091179,93.570274815,64.7,15.0,19.0,37.5,62.5,69,184,47.0,970,78.0,8.8,85.0,106,707,53.0,1093,43.7,902,19.6,43.2,288,1223,454,2063,35.0,35.3,29.8,329,61.9,45.9,151,22.2,73,22.8,75,9.1,30,,,,,,,,,,,-9.0,0.0,12.0,0.0,1.0,7.0,14.3,4.0,9.0,44.4,10.0,16.0,62.5,16.0,19.0,84.2,-1.5,-2.2,0.4,-3.3,30.0,,4.62,26.1
"Swanson, Dansby",621020,2024,534,593,129,84,27,2,16,144,54,24.3,9.1,0.242,0.39,0.312,0.702,0.241,0.423,0.307,0.324,0.313,0.181,0.366,0.392,0.328,0.33,0.001,-0.033,-0.017,71.7,12.8,15.4,11.3,33.4,24.4,7.4,22.0,14.8,0.2,55.9,35.2,89.4,10.4,32.6,36,9.2,7.9,22.4,21.1,36.1,3.3,42.7,100.210263655,94.404024529,71.0,22.7,24.0,48.7,51.3,130,267,47.3,1114,88.8,8.3,77.3,200,881,52.7,1241,43.9,1035,28.7,48.7,274,1236,620,2355,43.3,36.1,20.6,393,62.2,49.9,196,23.2,91,21.6,85,5.3,21,,,,,,,,,,,,,,,,,,,,,,,,,,,,,,,,2.0,4.38,27.8
"Ward, Taylor",621493,2024,585,663,144,91,26,2,25,163,63,24.6,9.5,0.246,0.426,0.323,0.749,0.246,0.466,0.325,0.345,0.326,0.22,0.389,0.42,0.335,0.34,0.0,-0.04,-0.02,69.8,8.4,14.8,11.4,38.4,29.6,7.1,23.0,9.4,0.0,51.4,31.4,90.9,17.4,41.9,56,13.0,6.7,22.3,30.5,26.0,1.2,42.4,100.017751581,94.464585641,64.8,17.7,20.8,50.9,49.1,135,265,49.0,1273,78.4,7.9,82.3,152,858,51.0,1325,42.2,1097,25.5,43.2,196,1470,699,2599,32.3,36.3,31.4,430,61.1,32.3,139,36.3,156,27.7,119,3.7,16,,,,,,,,,,,4.0,2.0,24.0,8.3,2.0,5.0,40.0,11.0,17.0,64.7,16.0,17.0,94.1,33.0,35.0,94.3,0.5,0.5,0.5,1.4,35.4,,4.55,26.8
"Olson, Matt",621566,2024,600,685,148,81,37,1,29,170,71,24.8,10.4,0.247,0.457,0.333,0.79,0.242,0.454,0.339,0.342,0.331,0.212,0.411,0.415,0.34,0.338,0.005,0.003,-0.003,73.8,38.7,15.1,11.1,26.5,19.5,7.3,11.0,8.4,-1.6,44.5,34.1,91.5,16.1,35.4,54,12.4,7.4,23.0,27.6,25.3,3.7,47.4,102.726279537,95.899543218,72.3,22.0,28.7,36.4,63.6,160,440,51.9,1531,82.3,6.9,78.0,225,1025,48.1,1417,43.1,1272,26.3,49.7,349,1795,607,2947,38.4,34.7,26.9,435,60.3,35.9,156,30.3,132,26.0,113,7.8,34,,,,,,,,,,,,,,,,,,,,,,,,,,,,,,,,,4.73,25.5
"Santander, Anthony",623993,2024,595,665,140,69,25,2,44,129,58,19.4,8.7,0.235,0.506,0.308,0.814,0.225,0.458,0.345,0.327,0.301,0.234,0.394,0.369,0.297,0.287,0.01,0.048,0.018,73.1,33.8,13.9,11.2,27.7,22.3,7.2,5.0,7.7,-7.2,50.7,26.5,89.8,22.7,35.0,55,11.7,9.1,18.5,35.0,22.5,3.0,41.6,100.325476894,94.357156511,67.8,15.4,33.8,28.0,72.0,138,493,53.2,1457,73.0,6.8,84.6,134,869,46.8,1282,42.6,1167,20.0,49.7,424,1652,533,2738,44.4,32.1,23.6,471,61.5,30.6,144,33.8,159,21.7,102,14.0,66,,,,,,,,,,,-2.0,1.0,26.0,3.8,0.0,6.0,0.0,4.0,6.0,66.7,25.0,29.0,86.2,37.0,38.0,97.4,-0.9,-0.7,0.8,-0.8,32.1,,4.69,26.0
"Alonso, Pete",624413,2024,608,695,146,81,31,0,34,172,70,24.7,10.1,0.24,0.459,0.329,0.788,0.239,0.47,0.34,0.345,0.329,0.232,0.409,0.418,0.332,0.331,0.001,-0.011,-0.005,75.2,51.8,18.6,14.3,29.6,22.8,7.3,19.0,9.8,-2.9,56.3,31.7,89.8,14.4,30.5,58,13.2,6.6,19.5,25.5,29.5,5.5,46.4,102.785114727,95.699086105,61.0,14.1,25.9,48.1,51.9,179,372,51.7,1437,72.1,6.8,85.9,116,820,48.3,1344,43.2,1202,24.7,42.9,264,1614,705,2780,41.6,32.3,26.1,440,57.5,42.0,185,28.2,124,21.1,93,8.6,38,,,,,,,,,,,,,,,,,,,,,,,,,,,,,,,,,4.65,26.1
"Soler, Jorge",624585,2024,493,574,119,63,34,1,21,141,68,24.6,11.8,0.241,0.442,0.338,0.78,0.242,0.463,0.34,0.352,0.341,0.221,0.401,0.42,0.334,0.338,-0.001,-0.021,-0.012,75.4,56.6,15.7,11.5,29.7,21.7,7.9,12.0,11.0,-9.6,56.5,33.5,90.5,17.9,33.4,45,12.6,7.3,22.5,28.7,24.7,4.2,44.1,101.898357865,95.262490702,64.8,17.1,26.8,53.6,46.4,181,338,53.6,1260,75.5,6.4,82.9,121,708,46.4,1092,40.5,953,28.9,44.5,289,1228,631,2361,41.6,36.2,22.2,356,58.9,37.6,134,30.1,107,22.5,80,9.8,35,,,,,,,,,,,-7.0,0.0,7.0,0.0,0.0,1.0,0.0,0.0,5.0,0.0,5.0,8.0,62.5,5.0,6.0,83.3,-0.4,-3.4,-0.1,-4.0,29.4,,4.7,26.9
"Cronenworth, Jake",630105,2024,577,656,139,90,29,3,17,118,61,18.0,9.3,0.241,0.39,0.324,0.714,0.257,0.431,0.315,0.339,0.339,0.175,0.336,0.371,0.301,0.322,-0.016,-0.041,-0.024,69.5,6.3,11.9,9.9,31.9,26.6,7.1,11.0,6.4,0.8,36.2,33.3,88.6,13.9,35.4,36,7.8,5.8,25.7,25.7,29.2,5.2,36.7,99.527561266,93.904133654,65.9,10.8,23.1,36.1,63.9,112,310,48.8,1344,79.0,8.3,89.2,100,928,51.2,1409,43.4,1195,17.1,45.0,281,1804,528,2752,32.6,38.7,28.7,463,58.2,43.6,202,25.3,117,23.8,110,7.3,34,,,,,,,,,,,,,,,,,,,,,,,,,,,,,,,,,4.41,27.7
"Bellinger, Cody",641355,2024,516,569,137,93,23,3,18,89,45,15.6,7.9,0.266,0.426,0.325,0.751,0.241,0.4,0.322,0.305,0.304,0.159,0.353,0.331,0.317,0.29,0.025,0.026,0.017,69.0,5.2,9.7,7.7,38.6,30.6,7.6,22.0,13.2,-3.1,59.5,32.6,87.8,17.4,32.9,27,6.3,3.9,23.6,36.6,27.3,2.3,32.9,97.314029213,92.768351065,67.1,16.0,32.4,35.0,65.0,118,337,49.9,1039,77.1,7.5,84.0,112,701,50.1,1044,43.3,902,22.2,49.8,307,1180,456,2083,40.5,33.3,26.2,432,59.1,37.0,160,35.0,151,21.1,91,6.9,30,,,,,,,,,,,-1.0,0.0,15.0,0.0,3.0,7.0,42.9,1.0,6.0,16.7,11.0,11.0,100.0,23.0,25.0,92.0,0.5,1.0,0.2,1.7,35.3,1.0,4.11,28.4
"McMahon, Ryan",641857,2024,567,645,137,89,28,0,20,185,69,28.7,10.7,0.242,0.397,0.325,0.722,0.238,0.421,0.315,0.327,0.324,0.183,0.4,0.42,0.355,0.353,0.004,-0.024,-0.012,72.5,26.3,16.4,11.7,31.4,22.4,7.2,28.0,8.8,4.5,41.3,38.1,92.1,10.0,36.5,42,10.9,7.0,27.5,18.4,33.2,2.3,49.7,102.62988712,96.057260524,65.6,22.4,26.5,50.6,49.4,175,346,47.9,1305,75.0,8.5,77.6,209,932,52.1,1420,42.6,1161,30.0,46.9,313,1725,518,2723,33.9,38.6,27.5,386,60.7,49.0,189,24.6,95,24.4,94,2.1,8,,,,,,,,,,,,,,,,,,,,,,,,,,,,,,,,,4.66,25.9
"Adames, Willy",642715,2024,610,688,153,88,33,0,32,173,74,25.1,10.8,0.251,0.462,0.331,0.793,0.24,0.468,0.342,0.341,0.322,0.228,0.419,0.418,0.348,0.333,0.011,-0.006,0.001,73.6,33.2,13.5,9.8,29.0,21.1,8.1,9.0,15.5,-0.8,58.5,33.7,88.6,20.6,38.2,53,12.0,8.6,21.4,31.6,21.8,4.5,40.7,99.769639045,94.108759136,71.2,21.1,28.1,50.5,49.5,196,388,50.5,1381,82.7,7.2,78.9,203,964,49.5,1353,42.6,1166,29.5,49.5,270,1645,620,2733,43.9,33.9,22.3,440,59.9,30.9,136,36.4,160,22.7,100,10.0,44,,,,,,,,,,,,,,,,,,,,,,,,,,,,,,,,,4.38,27.4
"Benintendi, Andrew",643217,2024,477,522,109,69,20,0,20,96,41,18.4,7.9,0.229,0.396,0.289,0.685,0.244,0.407,0.298,0.31,0.304,0.164,0.331,0.347,0.284,0.303,-0.015,-0.011,-0.012,68.0,1.0,9.1,7.3,39.8,31.9,6.7,12.0,13.5,-0.4,55.7,34.0,88.0,16.1,36.5,24,6.3,8.3,23.7,29.7,28.4,3.4,34.4,97.17823,92.764984068,69.3,17.0,25.1,33.1,66.9,80,242,48.2,963,80.0,8.0,83.0,122,716,51.8,1033,43.0,858,21.1,48.0,327,1170,382,1995,44.8,33.9,21.4,384,61.0,38.3,147,31.8,122,23.2,89,6.8,26,,,,,,,,,,,-5.0,1.0,26.0,3.8,1.0,7.0,14.3,0.0,8.0,0.0,12.0,16.0,75.0,27.0,27.0,100.0,-0.3,-1.4,-0.2,-2.0,31.1,,4.45,26.7
"Devers, Rafael",646240,2024,525,601,143,76,34,5,28,147,67,24.5,11.1,0.272,0.516,0.354,0.87,0.267,0.514,0.364,0.366,0.351,0.247,0.456,0.459,0.372,0.367,0.005,0.002,-0.002,72.5,27.9,19.4,13.8,32.7,23.3,7.4,24.0,8.3,7.3,59.6,28.4,93.2,11.6,35.2,50,13.0,8.6,21.4,22.9,29.9,3.6,52.6,104.597925864,97.090537461,73.8,28.1,30.4,36.8,63.2,140,380,52.7,1251,81.1,6.7,71.9,233,829,47.3,1124,42.7,1015,30.9,50.9,267,1485,470,2375,32.3,41.7,26.0,384,60.7,41.4,159,26.6,102,25.0,96,7.0,27,,,,,,,,,,,,,,,,,,,,,,,,,,,,,,,,,4.47,26.5
"Naylor, Josh",647304,2024,563,633,137,79,27,0,31,105,58,16.6,9.2,0.243,0.456,0.32,0.776,0.254,0.451,0.332,0.338,0.33,0.197,0.362,0.37,0.297,0.311,-0.011,0.005,-0.006,72.9,32.7,15.9,12.7,34.1,27.3,7.6,11.0,8.7,-8.7,45.3,29.1,89.9,11.1,30.1,39,8.4,6.1,22.9,24.2,34.6,3.5,40.9,100.815360087,94.680816725,72.3,14.5,32.2,37.0,63.0,149,403,54.8,1252,80.8,6.4,85.4,108,746,45.2,1032,42.1,962,22.4,50.3,487,1081,555,2284,38.1,40.3,21.6,462,60.3,46.8,216,25.1,116,20.8,96,7.4,34,,,,,,,,,,,,,,,,,,,,,,,,,,,,,,,,,4.7,25.2
"Arraez, Luis",650333,2024,637,672,200,161,32,3,4,29,24,4.3,3.6,0.314,0.392,0.346,0.738,0.31,0.408,0.323,0.33,0.343,0.098,0.32,0.329,0.328,0.324,0.004,-0.016,-0.007,63.1,0.2,4.7,4.4,46.0,43.3,6.0,8.0,7.6,4.2,44.6,38.3,86.3,13.7,40.9,10,1.6,3.8,32.6,26.8,31.3,3.9,23.7,94.838000362,91.449624457,63.0,4.7,35.3,11.3,88.7,46,407,47.8,1154,71.9,7.7,95.3,37,795,52.2,1262,44.2,1069,6.9,49.8,268,1555,446,2416,31.6,37.6,30.8,611,61.3,42.2,258,25.2,154,27.7,169,4.9,30,,,,,,,,,,,,,,,,,,,,,,,,,,,,,,,,,4.47,26.7
"Torres, Gleyber",650402,2024,587,665,151,110,26,0,15,136,65,20.5,9.8,0.257,0.378,0.33,0.708,0.24,0.386,0.313,0.314,0.317,0.146,0.349,0.351,0.329,0.31,0.017,-0.008,-0.001,70.1,9.0,10.0,7.9,32.8,26.0,7.2,21.0,8.4,5.2,52.5,34.5,88.6,15.0,38.2,29,6.3,6.1,26.5,28.6,29.9,2.2,35.4,98.295655921,93.36890443,69.2,18.7,21.4,37.0,63.0,110,297,49.3,1386,78.5,7.6,81.3,185,988,50.7,1427,42.3,1190,22.9,45.7,336,1513,653,2821,31.7,34.7,33.6,461,62.9,36.9,170,29.9,138,26.9,124,6.3,29,,,,,,,,,,,,,,,,,,,,,,,,,,,,,,,,,4.56,26.6
"Castro, Willi",650489,2024,558,635,138,90,31,5,12,150,51,23.6,8.0,0.247,0.385,0.331,0.716,0.242,0.39,0.317,0.323,0.33,0.147,0.366,0.376,0.335,0.333,0.005,-0.005,-0.006,70.6,15.5,12.0,8.7,29.0,21.0,7.1,18.0,9.1,-5.9,45.9,37.1,87.4,13.6,39.0,29,7.0,8.0,26.6,25.9,26.4,5.6,36.8,98.851706502,93.501303852,72.7,17.4,31.7,53.5,46.5,221,413,51.9,1302,77.0,8.1,82.6,153,877,48.1,1207,42.7,1072,29.0,51.4,461,1378,562,2509,40.4,34.1,25.4,413,65.0,40.0,165,27.1,112,27.4,113,5.6,23,,,,,,,,,,,-4.0,0.0,10.0,0.0,0.0,2.0,0.0,2.0,7.0,28.6,9.0,9.0,100.0,10.0,11.0,90.9,0.1,0.0,-0.1,0.0,34.5,1.0,4.3,27.9
"Díaz, Yandy",650490,2024,563,621,158,112,31,1,14,95,50,15.3,8.1,0.281,0.414,0.341,0.755,0.273,0.432,0.331,0.339,0.336,0.16,0.356,0.367,0.335,0.327,0.008,-0.018,-0.008,73.3,34.4,22.0,19.2,36.5,31.9,7.5,2.0,3.2,6.9,38.2,25.4,92.2,5.0,28.4,36,7.6,5.3,24.4,17.6,42.6,1.9,48.7,103.441830979,96.263007825,64.0,10.3,22.8,25.5,74.5,70,275,48.9,1204,76.6,7.5,89.7,83,804,51.1,1256,44.2,1087,14.2,43.9,254,1544,483,2460,26.5,43.0,30.5,472,58.3,55.5,262,17.8,84,21.2,100,5.5,26,,,,,,,,,,,,,,,,,,,,,,,,,,,,,,,,,4.62,25.4
"De La Cruz, Bryan",650559,2024,584,622,136,90,25,0,21,170,29,27.3,4.7,0.233,0.384,0.271,0.655,0.241,0.431,0.283,0.306,0.279,0.19,0.367,0.402,0.325,0.337,-0.008,-0.047,-0.023,71.8,19.9,12.7,9.2,32.7,23.8,7.7,20.0,13.4,1.1,52.8,38.1,89.6,13.1,35.6,39,9.3,6.4,25.1,25.5,30.5,2.9,41.3,99.848652919,94.22196445,75.3,22.4,32.6,47.0,53.0,188,400,51.3,1227,84.5,7.3,77.6,197,879,48.7,1167,40.8,977,30.1,53.4,262,1266,617,2394,38.7,32.2,29.1,419,64.6,41.3,173,29.8,125,24.6,103,4.3,18,,,,,,,,,,,-7.0,0.0,18.0,0.0,0.0,5.0,0.0,2.0,6.0,33.3,7.0,12.0,58.3,18.0,18.0,100.0,-0.5,-1.6,0.0,-2.2,31.2,,4.53,27.5
"Chapman, Matt",656305,2024,575,647,142,74,39,2,27,158,64,24.4,9.9,0.247,0.463,0.328,0.791,0.244,0.46,0.34,0.342,0.327,0.216,0.412,0.416,0.339,0.338,0.003,0.003,-0.002,76.6,64.1,18.5,14.1,28.1,21.5,7.5,21.0,6.2,-2.8,51.5,26.4,93.2,16.2,31.3,53,12.6,8.1,20.5,30.1,24.6,3.1,48.3,104.356012981,96.727633301,63.5,18.9,24.2,36.8,63.2,116,315,48.1,1301,71.1,7.2,81.1,168,891,51.9,1404,43.3,1171,23.5,44.6,236,1590,646,2706,37.9,37.7,24.3,419,64.2,38.4,161,28.4,119,23.2,97,10.0,42,,,,,,,,,,,,,,,,,,,,,,,,,,,,,,,,1.0,4.4,28.7
"Hoskins, Rhys",656555,2024,449,517,96,56,14,0,26,149,53,28.8,10.3,0.214,0.419,0.303,0.722,0.201,0.402,0.313,0.306,0.294,0.201,0.393,0.381,0.314,0.298,0.013,0.017,0.007,71.2,13.1,12.2,9.3,30.0,22.9,8.1,23.0,15.7,-5.6,58.1,32.7,88.7,20.8,29.7,39,12.7,6.2,20.3,33.0,23.9,3.9,42.2,99.737434248,94.057895065,59.3,21.2,25.4,39.0,61.0,108,277,48.6,1089,71.2,7.9,78.8,145,684,51.4,1154,43.4,973,26.3,42.8,160,1276,623,2243,52.6,28.1,19.3,306,62.0,33.3,102,36.6,112,19.6,60,10.5,32,,,,,,,,,,,,,,,,,,,,,,,,,,,,,,,,,4.77,25.3
"Schwarber, Kyle",656941,2024,573,692,142,82,22,0,38,197,106,28.5,15.3,0.248,0.485,0.366,0.851,0.252,0.522,0.366,0.382,0.37,0.27,0.463,0.491,0.37,0.378,-0.004,-0.037,-0.016,77.5,78.0,23.0,16.5,32.5,23.3,7.7,35.0,13.1,-4.5,67.4,29.3,93.6,15.0,31.8,60,15.6,7.3,23.2,24.2,27.1,2.6,55.5,105.154527813,97.529843438,60.6,23.7,20.9,54.3,45.7,169,311,52.1,1487,74.1,6.8,76.3,196,828,47.9,1366,41.6,1187,32.0,39.9,398,1530,723,2852,48.4,35.2,16.4,384,56.4,40.9,157,28.6,110,22.7,87,7.8,30,,,,,,,,,,,,,,,,,,,,,,,,,,,,,,,,,4.56,25.8
"Thomas, Lane",657041,2024,472,528,112,68,26,3,15,137,44,25.9,8.3,0.237,0.4,0.309,0.709,0.24,0.388,0.309,0.311,0.313,0.148,0.377,0.381,0.329,0.336,-0.003,0.012,-0.002,71.7,16.9,15.3,12.1,32.7,26.0,6.8,19.0,9.0,-2.6,60.1,29.3,88.8,17.0,31.5,25,7.4,7.1,27.9,27.4,27.1,3.2,40.6,100.376555353,94.3557595,64.0,17.2,22.9,40.9,59.1,96,235,49.3,1026,73.7,8.4,82.8,116,675,50.7,1054,44.2,919,23.3,43.8,214,1154,540,2080,40.0,37.1,22.9,340,62.6,39.1,133,26.8,91,23.2,79,10.9,37,,,,,,,,,,,-9.0,1.0,31.0,3.2,1.0,6.0,16.7,4.0,11.0,36.4,15.0,17.0,88.2,18.0,23.0,78.3,-0.4,-0.8,0.1,-1.0,33.0,32.0,4.38,29.3
"Verdugo, Alex",657077,2024,559,621,130,88,28,1,13,93,49,15.0,7.9,0.233,0.356,0.291,0.647,0.247,0.383,0.283,0.306,0.307,0.136,0.296,0.326,0.273,0.294,-0.014,-0.027,-0.023,68.3,7.5,10.9,9.1,39.8,33.4,6.3,5.0,5.6,0.4,44.6,31.3,88.3,9.9,31.6,27,5.6,6.1,22.4,23.8,38.1,3.6,34.9,98.009613263,93.0881338,61.3,9.0,25.5,33.3,66.7,93,279,46.6,1092,71.7,8.7,91.0,69,767,53.4,1251,44.7,1048,15.5,44.7,349,1384,455,2342,34.9,35.6,29.5,478,62.0,49.6,237,23.0,110,22.4,107,5.0,24,,,,,,,,,,,1.0,0.0,32.0,0.0,3.0,6.0,50.0,10.0,15.0,66.7,27.0,29.0,93.1,31.0,33.0,93.9,0.5,0.1,-0.3,0.2,33.4,,4.38,26.7
"Ohtani, Shohei",660271,2024,636,731,197,98,38,7,54,162,81,22.2,11.1,0.31,0.646,0.39,1.036,0.31,0.672,0.431,0.444,0.392,0.363,0.534,0.554,0.411,0.414,0.0,-0.026,-0.013,76.3,64.1,25.8,18.4,38.7,27.5,7.7,10.0,11.3,-1.7,51.6,35.1,95.8,16.2,37.8,103,21.5,9.0,20.7,20.9,25.7,2.3,60.1,106.727792385,98.772122364,69.7,23.1,26.6,46.1,53.9,181,393,52.0,1475,79.5,6.5,76.9,219,950,48.0,1363,42.4,1203,29.8,47.3,448,1521,670,2838,43.6,32.6,23.8,479,61.0,36.3,174,31.3,150,26.9,129,5.4,26,,,,,,,,,,,,,,,,,,,,,,,,,,,,,,,,2.0,4.17,28.1
"Sánchez, Jesús",660821,2024,489,537,123,79,25,1,18,140,41,26.1,7.6,0.252,0.417,0.313,0.73,0.261,0.48,0.317,0.348,0.323,0.219,0.397,0.445,0.35,0.365,-0.009,-0.063,-0.031,75.2,54.4,19.1,13.1,32.2,22.2,7.1,13.0,7.9,2.5,50.8,30.7,92.5,7.7,31.8,43,12.2,7.1,23.6,16.2,37.2,3.1,51.3,104.556000571,96.923820315,73.5,21.9,36.1,47.2,52.8,184,390,54.2,1080,83.3,6.3,78.1,147,670,45.8,911,42.9,854,31.2,53.2,323,1079,451,1991,31.8,39.2,28.7,352,67.0,50.3,177,21.6,76,24.4,86,3.4,12,,,,,,,,,,,2.0,0.0,19.0,0.0,3.0,6.0,50.0,6.0,8.0,75.0,17.0,18.0,94.4,25.0,26.0,96.2,0.5,-0.1,0.1,0.5,33.9,,4.42,27.2
"Contreras, William",661388,2024,595,679,167,105,37,2,23,139,78,20.5,11.5,0.281,0.466,0.365,0.831,0.265,0.476,0.359,0.359,0.352,0.211,0.412,0.413,0.364,0.344,0.016,-0.01,0.0,74.7,50.4,20.9,15.6,34.9,26.1,7.3,24.0,10.0,1.4,63.4,28.2,92.8,6.1,29.0,46,10.0,7.8,23.5,17.4,39.2,2.0,49.5,103.875480043,96.642602527,71.0,19.3,25.6,49.2,50.8,176,358,52.1,1396,77.0,7.0,80.7,176,910,47.9,1281,41.7,1116,27.8,47.4,351,1489,613,2677,36.6,39.2,24.2,459,60.7,54.0,248,19.4,89,21.4,98,5.2,24,58.0,1.96,1.97,1.95,5.0,1.54,1.49,1.61,0.64,82.4,,,,,,,,,,,,,,,,,,,,,,,4.52,26.4
"Varsho, Daulton",662139,2024,459,513,98,52,21,7,18,137,48,26.7,9.4,0.214,0.407,0.293,0.7,0.185,0.326,0.304,0.265,0.267,0.141,0.372,0.31,0.303,0.263,0.029,0.081,0.039,73.7,34.4,11.1,8.2,24.0,17.7,7.6,6.0,12.7,-3.6,54.2,32.6,86.1,24.4,30.2,20,6.2,9.0,19.1,36.1,19.8,9.9,34.0,98.537583503,93.276618121,70.3,20.0,25.9,44.6,55.4,120,269,50.9,1039,81.1,7.0,80.0,141,704,49.1,1001,45.9,937,27.0,47.6,316,1204,397,2048,47.5,29.0,23.5,324,62.3,33.0,107,30.6,99,18.2,59,18.2,59,,,,,,,,,,,15.0,6.0,29.0,20.7,2.0,4.0,50.0,10.0,14.0,71.4,30.0,31.0,96.8,32.0,32.0,100.0,1.3,1.9,0.1,3.2,37.6,1.0,4.24,28.5
"Hoerner, Nico",663538,2024,582,641,159,116,35,1,7,66,44,10.3,6.9,0.273,0.373,0.335,0.708,0.281,0.359,0.313,0.318,0.344,0.079,0.312,0.318,0.306,0.317,-0.008,0.014,-0.005,68.2,2.8,7.2,6.4,35.4,31.7,7.1,11.0,4.9,-1.4,43.7,32.7,85.7,10.4,36.0,6,1.2,2.1,31.0,26.0,35.3,4.2,27.6,95.980926525,91.993965849,63.7,6.9,31.8,22.5,77.5,80,356,48.3,1118,71.3,7.4,93.1,53,763,51.7,1197,43.6,1009,11.9,48.4,207,1375,532,2314,33.3,37.4,29.3,519,64.9,43.9,228,19.5,101,29.9,155,6.7,35,,,,,,,,,,,,,,,,,,,,,,,,,,,,,,,,2.0,4.32,28.4
"Mountcastle, Ryan",663624,2024,473,507,128,83,30,2,13,114,27,22.5,5.3,0.271,0.425,0.308,0.733,0.271,0.455,0.316,0.336,0.312,0.184,0.385,0.414,0.351,0.356,0.0,-0.03,-0.02,75.1,50.6,16.1,12.4,27.5,21.2,7.5,14.0,4.7,1.5,36.2,37.4,90.8,10.4,36.2,32,8.8,7.9,25.8,21.1,33.2,3.0,45.2,102.105716923,95.370233104,75.8,16.2,38.0,41.4,58.6,156,377,52.2,993,84.6,7.8,83.8,112,690,47.8,910,42.6,810,25.1,56.1,203,1066,422,1901,27.4,39.2,33.4,365,63.9,44.4,162,23.6,86,27.4,100,4.7,17,,,,,,,,,,,,,,,,,,,,,,,,,,,,,,,,,4.46,27.6
"India, Jonathan",663697,2024,533,637,132,87,28,2,15,125,80,19.6,12.6,0.248,0.392,0.357,0.749,0.262,0.418,0.333,0.354,0.373,0.156,0.351,0.382,0.318,0.342,-0.014,-0.026,-0.021,71.7,22.2,12.4,10.2,30.7,25.3,7.2,25.0,8.1,-0.9,48.4,29.4,87.2,13.5,39.3,32,7.7,5.8,27.3,22.5,31.9,4.6,36.5,98.90319256,93.547150797,57.6,12.2,18.4,41.7,58.3,100,240,49.1,1302,63.9,8.1,87.8,95,777,50.9,1350,42.9,1137,19.2,38.3,238,1603,618,2652,41.2,39.3,19.4,417,59.8,43.2,180,22.8,95,26.6,111,7.4,31,,,,,,,,,,,,,,,,,,,,,,,,,,,,,,,,4.0,4.4,28.0
"Raleigh, Cal",663728,2024,546,628,120,70,16,0,34,176,70,28.0,11.1,0.22,0.436,0.312,0.748,0.229,0.483,0.323,0.347,0.323,0.253,0.403,0.443,0.319,0.337,-0.009,-0.047,-0.024,74.5,45.1,15.9,11.3,28.5,20.2,7.8,15.0,16.8,-7.8,45.5,32.3,91.0,21.2,35.6,58,15.4,6.9,23.4,31.9,17.3,4.8,48.1,102.032071755,95.508789467,74.0,23.0,32.7,47.1,52.9,204,433,52.6,1323,86.0,7.1,77.0,203,882,47.4,1192,44.1,1108,31.0,52.3,577,1223,572,2514,45.5,33.5,21.0,376,63.8,31.1,117,36.7,138,21.3,80,10.9,41,70.0,1.95,1.95,1.96,6.0,1.47,1.45,1.49,0.66,84.4,,,,,,,,,,,,,,,,,,,,,,,4.56,26.6
"Vierling, Matt",663837,2024,518,567,133,84,28,5,16,121,41,21.3,7.2,0.257,0.423,0.312,0.735,0.252,0.402,0.317,0.312,0.309,0.149,0.373,0.366,0.331,0.327,0.005,0.021,0.005,71.1,11.8,15.5,12.6,36.1,29.3,7.4,7.0,6.5,0.9,50.8,29.6,89.8,11.7,34.1,30,7.5,5.5,23.9,25.1,33.8,3.5,40.9,100.235830606,94.344722247,62.1,12.8,22.0,39.5,60.5,96,243,48.1,1106,72.8,8.5,87.2,95,741,51.9,1193,42.2,970,19.5,42.8,225,1400,457,2312,36.8,37.6,25.6,402,57.8,42.0,169,23.6,95,26.4,106,8.0,32,,,,,,,,,,,1.0,0.0,8.0,0.0,0.0,2.0,0.0,4.0,8.0,50.0,15.0,16.0,93.8,19.0,19.0,100.0,-1.0,0.2,0.6,-0.3,33.7,4.0,4.43,28.8
"Stephenson, Tyler",663886,2024,457,515,118,72,26,1,19,117,48,22.7,9.3,0.258,0.444,0.338,0.782,0.238,0.413,0.339,0.325,0.322,0.175,0.4,0.378,0.345,0.321,0.02,0.031,0.014,70.8,9.4,15.6,12.7,37.5,30.5,7.4,31.0,11.0,1.9,52.5,36.7,90.2,10.9,33.0,31,9.1,6.1,25.1,22.2,35.1,2.0,43.9,100.320154503,94.587176774,63.4,13.2,23.7,47.2,52.8,111,235,50.8,990,67.1,7.7,86.8,80,607,49.2,957,42.3,823,22.7,43.2,211,1137,422,1947,39.2,36.5,24.3,342,62.4,47.7,163,27.2,93,21.3,73,3.8,13,64.0,2.02,2.03,2.01,4.0,1.55,1.55,,0.7,82.1,,,,,,,,,,,,,,,,,,,,,,,4.64,26.5
"Rodgers, Brendan",663898,2024,501,539,134,91,29,1,13,132,31,24.5,5.8,0.267,0.407,0.314,0.721,0.246,0.382,0.314,0.299,0.295,0.136,0.39,0.369,0.361,0.333,0.021,0.025,0.015,71.7,25.2,14.4,11.0,31.5,24.1,7.1,26.0,5.0,-2.3,39.9,31.9,89.3,4.9,33.1,21,5.6,7.0,22.8,16.1,44.6,3.2,44.1,101.153269243,94.773964417,69.2,15.0,29.1,52.0,48.0,156,300,49.6,1031,84.2,7.6,85.0,109,725,50.4,1048,43.5,904,25.9,49.3,204,1103,572,2079,33.3,44.4,22.3,372,66.7,56.7,211,16.9,63,23.4,87,3.0,11,,,,,,,,,,,,,,,,,,,,,,,,,,,,,,,,,4.71,26.0
"Lowe, Nathaniel",663993,2024,486,565,129,96,16,1,16,125,71,22.1,12.6,0.265,0.401,0.361,0.762,0.25,0.386,0.337,0.332,0.35,0.137,0.381,0.374,0.353,0.336,0.015,0.015,0.005,73.3,29.3,15.2,12.4,28.3,23.0,7.3,23.0,6.9,7.6,50.3,30.1,88.9,7.7,32.6,21,5.8,6.8,26.3,20.0,37.5,3.0,40.0,100.432822253,94.330442369,62.8,12.3,23.5,41.8,58.2,118,282,51.0,1202,69.0,6.7,87.7,89,725,49.0,1154,44.6,1051,20.6,42.7,284,1523,423,2356,27.9,40.8,31.2,365,60.1,48.5,177,22.5,82,25.5,93,3.6,13,,,,,,,,,,,,,,,,,,,,,,,,,,,,,,,,,4.47,26.4
"Happ, Ian",664023,2024,569,657,138,77,34,2,25,168,80,25.6,12.2,0.243,0.441,0.341,0.782,0.24,0.453,0.341,0.347,0.339,0.214,0.409,0.419,0.342,0.34,0.003,-0.012,-0.006,72.4,23.7,15.1,11.0,31.8,23.2,7.0,18.0,9.7,-3.9,44.1,32.6,90.8,15.1,37.0,47,11.7,7.7,23.6,26.6,26.8,3.5,45.2,101.590666318,95.287992294,67.8,21.4,23.2,47.3,52.7,147,311,49.2,1338,80.2,7.1,78.6,201,938,50.8,1384,45.2,1229,27.9,45.9,595,1506,463,2721,38.7,34.0,27.3,403,61.3,39.2,158,30.3,122,22.8,92,7.7,31,,,,,,,,,,,-1.0,3.0,25.0,12.0,3.0,6.0,50.0,6.0,11.0,54.5,24.0,30.0,80.0,29.0,31.0,93.5,0.3,-0.7,-0.2,-0.6,32.6,,4.34,27.9
"France, Ty",664034,2024,479,535,112,75,24,0,13,114,38,21.3,7.1,0.234,0.365,0.305,0.67,0.225,0.394,0.296,0.306,0.299,0.169,0.332,0.346,0.303,0.294,0.009,-0.029,-0.01,71.0,14.3,12.1,9.3,31.2,24.1,7.6,17.0,13.9,5.3,52.5,34.6,88.7,12.9,30.5,27,7.3,6.2,23.2,25.9,33.0,4.3,40.0,99.663679892,94.004650595,74.7,16.4,26.9,46.5,53.5,125,269,49.3,1000,83.1,7.3,83.6,126,769,50.7,1029,42.6,865,24.2,51.2,195,1217,437,2028,33.2,36.8,30.0,370,62.4,45.1,167,27.3,101,21.1,78,6.5,24,,,,,,,,,,,,,,,,,,,,,,,,,,,,,,,,,4.86,25.1
"Bohm, Alec",664761,2024,554,606,155,94,44,2,15,86,40,14.2,6.6,0.28,0.448,0.332,0.78,0.283,0.452,0.335,0.345,0.338,0.169,0.363,0.376,0.327,0.335,-0.003,-0.004,-0.01,72.2,21.7,18.8,15.6,39.1,32.5,7.4,9.0,6.4,2.6,50.8,30.8,90.4,10.1,35.2,32,6.8,9.1,25.7,20.5,35.2,2.3,45.6,100.768220847,94.781662669,71.1,10.5,27.2,37.2,62.8,105,282,48.8,1036,89.0,6.9,89.5,81,772,51.2,1086,43.6,926,17.6,49.7,197,1277,460,2122,34.2,37.6,28.3,474,60.9,46.4,220,23.4,111,25.7,122,4.4,21,,,,,,,,,,,,,,,,,,,,,,,,,,,,,,,,,4.7,26.3
"Peña, Jeremy",665161,2024,602,650,160,115,28,2,15,111,25,17.1,3.8,0.266,0.394,0.308,0.702,0.262,0.401,0.305,0.314,0.307,0.139,0.343,0.354,0.322,0.321,0.004,-0.007,-0.009,72.6,22.5,14.9,11.3,33.8,25.5,7.6,13.0,8.6,-5.0,55.5,28.9,88.2,7.5,29.2,27,5.4,5.4,23.2,21.6,39.8,3.8,38.8,99.323506707,93.74168435,72.9,11.4,36.9,49.4,50.6,215,435,51.9,1180,81.3,7.3,88.6,91,796,48.1,1092,41.5,944,24.9,54.2,291,1215,559,2272,40.2,37.2,22.6,500,67.6,50.4,252,23.0,115,21.8,109,4.8,24,,,,,,,,,,,,,,,,,,,,,,,,,,,,,,,,106.0,4.22,29.8
"Guerrero Jr., Vladimir",665489,2024,616,697,199,124,44,1,30,96,72,13.8,10.3,0.323,0.544,0.396,0.94,0.316,0.578,0.398,0.412,0.391,0.261,0.434,0.453,0.38,0.374,0.007,-0.034,-0.014,75.9,57.5,24.2,19.4,34.5,27.7,7.7,9.0,3.2,-0.4,37.4,28.6,93.8,7.4,35.1,72,13.7,6.3,23.9,18.1,34.7,2.9,54.9,105.663720766,97.649346073,68.6,15.1,27.5,37.3,62.7,133,357,50.1,1300,79.5,7.7,84.9,134,888,49.9,1295,41.2,1070,21.5,48.0,321,1578,463,2602,33.6,41.8,24.6,524,61.9,47.7,250,21.2,111,26.9,141,4.2,22,,,,,,,,,,,,,,,,,,,,,,,,,,,,,,,,,4.58,27.2
"Soto, Juan",665742,2024,576,713,166,90,31,4,41,119,129,16.7,18.1,0.288,0.569,0.419,0.988,0.31,0.655,0.421,0.463,0.44,0.345,0.453,0.518,0.36,0.392,-0.022,-0.086,-0.042,75.4,59.2,25.3,20.5,39.3,31.9,7.3,28.0,12.2,2.5,60.8,27.1,94.2,10.7,35.4,91,19.7,6.3,22.6,18.2,28.9,4.1,57.0,105.650123728,97.994705143,59.0,15.2,18.3,39.3,60.7,114,290,53.5,1584,72.1,7.0,84.8,123,810,46.5,1374,43.0,1273,21.5,37.2,552,1506,694,2960,42.3,35.8,21.9,461,54.1,44.7,206,27.8,128,22.8,105,4.8,22,,,,,,,,,,,-4.0,0.0,33.0,0.0,1.0,10.0,10.0,8.0,13.0,61.5,14.0,17.0,82.4,30.0,31.0,96.8,1.0,0.2,-0.3,0.9,33.6,,4.36,26.8
"Taveras, Leody",665750,2024,480,529,110,78,17,3,12,112,42,21.2,7.9,0.229,0.352,0.289,0.641,0.238,0.378,0.282,0.299,0.299,0.14,0.321,0.346,0.296,0.31,-0.009,-0.026,-0.017,71.3,14.8,14.4,10.6,32.7,24.1,7.5,6.0,7.0,-5.2,37.8,32.4,89.0,14.7,31.5,22,5.9,5.3,24.5,30.1,30.1,2.9,35.5,99.173170874,93.650113205,69.5,17.4,29.0,46.3,53.7,138,298,51.1,1026,79.9,7.2,82.6,119,682,48.9,982,43.7,877,26.2,48.8,417,1063,426,2008,29.9,37.3,32.8,375,62.6,41.1,154,27.2,102,23.2,87,8.5,32,,,,,,,,,,,4.0,1.0,25.0,4.0,4.0,7.0,57.1,7.0,11.0,63.6,25.0,26.0,96.2,27.0,28.0,96.4,1.4,0.8,-1.1,1.1,35.9,17.0,4.31,28.5
"Cruz, Oneil",665833,2024,541,599,140,82,34,3,21,181,51,30.2,8.5,0.259,0.449,0.324,0.773,0.259,0.475,0.331,0.344,0.325,0.216,0.447,0.469,0.385,0.387,0.0,-0.026,-0.013,78.5,75.3,24.6,16.5,34.1,22.9,7.7,10.0,8.4,-6.7,42.0,32.9,95.5,9.8,32.1,57,15.7,4.7,24.5,19.2,33.5,1.9,54.9,107.199352928,98.547881492,63.0,24.0,31.7,51.6,48.4,208,403,53.4,1272,77.3,6.3,76.0,168,699,46.6,1109,43.0,1023,34.1,46.3,411,1093,725,2381,39.3,36.0,24.7,364,63.9,48.1,175,20.6,75,25.3,92,6.0,22,,,,,,,,,,,2.0,2.0,3.0,66.7,2.0,3.0,66.7,1.0,1.0,100.0,3.0,3.0,100.0,5.0,6.0,83.3,0.9,1.6,0.6,3.1,38.7,33.0,4.26,28.8
"Chisholm Jr., Jazz",665862,2024,562,621,144,95,21,4,24,152,53,24.5,8.5,0.256,0.436,0.324,0.76,0.237,0.419,0.327,0.317,0.307,0.183,0.402,0.387,0.35,0.325,0.019,0.017,0.01,71.9,23.3,15.1,10.6,32.5,22.8,7.5,11.0,14.1,-2.1,52.3,34.9,89.7,11.4,29.6,40,9.7,5.8,22.3,20.6,35.2,5.8,41.1,100.122466782,94.459141861,67.1,22.7,29.2,43.7,56.3,164,375,51.6,1286,76.7,7.6,77.3,184,810,48.4,1208,42.3,1054,29.3,47.5,404,1342,572,2495,41.3,41.3,17.5,412,60.1,49.8,205,25.0,103,18.9,78,6.3,26,,,,,,,,,,,0.0,3.0,16.0,18.8,0.0,5.0,0.0,9.0,11.0,81.8,16.0,20.0,80.0,16.0,17.0,94.1,0.3,0.1,0.2,0.6,35.0,20.0,4.16,28.6
"Giménez, Andrés",665926,2024,583,633,147,115,22,1,9,97,26,15.3,4.1,0.252,0.34,0.298,0.638,0.261,0.362,0.281,0.301,0.309,0.101,0.303,0.328,0.299,0.313,-0.009,-0.022,-0.02,68.3,6.9,7.7,5.9,31.7,24.3,7.0,12.0,10.1,0.6,51.5,31.9,86.3,8.7,32.7,14,2.8,4.4,26.9,24.0,35.8,6.1,28.5,96.492499139,92.262342361,74.6,15.7,37.4,37.6,62.4,165,439,48.9,1174,80.3,7.4,84.3,144,915,51.1,1226,44.6,1070,22.8,56.4,336,1320,572,2400,37.6,37.8,24.6,495,62.4,51.1,253,18.4,91,24.0,119,6.5,32,,,,,,,,,,,,,,,,,,,,,,,,,,,,,,,,10.0,4.27,28.9
"Morel, Christopher",666624,2024,535,611,105,70,11,3,21,159,61,26.0,10.0,0.196,0.346,0.288,0.634,0.222,0.401,0.28,0.316,0.313,0.18,0.324,0.381,0.276,0.316,-0.026,-0.055,-0.036,76.1,64.7,17.6,11.7,30.2,20.1,8.0,24.0,13.1,-5.8,73.5,27.3,89.2,14.2,27.6,39,10.2,4.5,21.8,26.5,34.1,2.6,40.4,101.221222105,94.784090605,68.8,27.3,26.2,51.1,48.9,161,315,51.1,1203,81.7,7.4,72.7,216,790,48.9,1149,44.1,1037,34.1,47.0,240,1274,615,2352,45.7,37.5,16.8,381,64.6,45.1,172,25.2,96,17.6,67,12.1,46,,,,,,,,,,,,,,,,,,,,,,,,,,,,,,,,1.0,4.53,27.3
"García, Adolis",666969,2024,580,637,130,78,27,0,25,177,45,27.8,7.1,0.224,0.4,0.284,0.684,0.223,0.422,0.296,0.309,0.285,0.199,0.376,0.397,0.318,0.32,0.001,-0.022,-0.013,72.0,23.0,16.4,11.1,33.4,22.6,7.9,14.0,10.5,-2.6,58.2,29.3,91.0,15.0,33.7,51,12.5,6.6,22.5,27.6,28.1,2.4,48.2,101.827676765,95.435631691,74.9,24.7,33.6,51.5,48.5,242,470,55.2,1400,84.0,7.4,75.3,210,849,44.8,1134,41.0,1038,34.3,52.1,316,1527,465,2534,34.7,35.5,29.8,409,64.7,38.9,159,31.3,128,22.0,90,7.8,32,,,,,,,,,,,-12.0,0.0,21.0,0.0,1.0,6.0,16.7,3.0,11.0,27.3,12.0,16.0,75.0,23.0,28.0,82.1,-0.1,-0.7,0.3,-0.4,33.4,,4.47,26.8
"Gurriel Jr., Lourdes",666971,2024,513,553,143,101,22,2,18,101,29,18.3,5.2,0.279,0.435,0.322,0.757,0.265,0.433,0.327,0.325,0.311,0.168,0.376,0.373,0.343,0.328,0.014,0.002,0.002,70.6,9.5,13.4,10.9,31.5,25.7,7.5,12.0,8.5,-4.1,48.3,35.8,88.4,15.7,33.8,28,6.7,7.2,25.7,28.8,28.3,3.4,40.0,99.549348469,93.921850288,69.5,11.8,32.9,37.7,62.3,130,345,50.3,1048,77.8,7.3,88.2,85,719,49.7,1035,41.8,871,20.2,51.1,256,1163,491,2083,40.5,31.9,27.6,417,64.3,38.1,159,27.1,113,26.1,109,8.6,36,,,,,,,,,,,3.0,0.0,22.0,0.0,2.0,7.0,28.6,7.0,11.0,63.6,28.0,30.0,93.3,14.0,15.0,93.3,0.8,0.3,-0.1,1.1,34.7,,4.6,26.6
"Rooker, Brent",667670,2024,546,614,160,93,26,2,39,177,59,28.8,9.6,0.293,0.562,0.365,0.927,0.263,0.566,0.392,0.381,0.339,0.303,0.53,0.513,0.429,0.387,0.03,-0.004,0.011,73.7,37.2,18.0,12.5,32.5,22.4,7.1,29.0,11.7,-5.6,47.3,35.7,91.9,18.9,38.3,62,16.6,8.6,21.4,26.8,22.8,3.2,49.6,103.25238457,96.193453235,72.6,21.1,31.0,60.2,39.8,239,397,53.9,1282,79.5,7.4,78.9,168,796,46.1,1096,41.2,979,34.1,50.2,349,1245,582,2378,42.6,32.7,24.7,373,63.8,33.8,126,34.3,128,23.3,87,8.6,32,,,,,,,,,,,-2.0,0.0,6.0,0.0,0.0,1.0,0.0,0.0,0.0,,2.0,3.0,66.7,0.0,1.0,0.0,-0.2,-1.2,-0.3,-1.6,31.6,,4.53,27.6
"Arozarena, Randy",668227,2024,549,648,120,67,33,0,20,169,73,26.1,11.3,0.219,0.388,0.332,0.72,0.213,0.381,0.32,0.322,0.33,0.168,0.368,0.372,0.313,0.309,0.006,0.007,-0.002,72.7,33.4,15.9,11.6,32.9,24.1,7.4,15.0,9.4,-2.1,69.6,24.8,90.4,13.2,28.4,32,8.3,7.0,21.1,27.6,33.1,2.6,43.5,100.904108177,94.731331384,59.5,25.0,24.3,40.0,60.0,142,355,52.7,1462,72.0,6.7,75.0,195,781,47.3,1312,43.0,1193,29.7,41.0,337,1537,651,2774,42.4,38.0,19.5,384,62.5,44.5,171,27.6,106,19.0,73,8.9,34,,,,,,,,,,,-6.0,0.0,33.0,0.0,1.0,9.0,11.1,7.0,16.0,43.8,17.0,20.0,85.0,21.0,22.0,95.5,-0.6,-1.6,0.1,-2.2,31.2,4.0,4.33,28.1
"Bleday, JJ",668709,2024,572,642,139,72,43,4,20,125,67,19.5,10.4,0.243,0.437,0.324,0.761,0.238,0.413,0.33,0.322,0.32,0.176,0.369,0.356,0.311,0.304,0.005,0.024,0.008,71.7,16.5,15.5,11.8,35.0,26.5,7.3,24.0,10.6,-8.3,54.1,29.5,88.5,18.6,37.1,37,8.3,7.1,24.3,32.4,25.2,2.7,36.2,98.959573229,93.527316345,67.8,17.0,24.7,49.1,50.9,157,320,52.2,1296,84.7,7.1,83.0,137,805,47.8,1188,44.6,1107,26.1,45.3,487,1219,625,2483,41.3,35.9,22.8,448,61.4,34.8,156,31.3,140,25.2,113,8.7,39,,,,,,,,,,,-3.0,0.0,31.0,0.0,1.0,7.0,14.3,7.0,12.0,58.3,24.0,27.0,88.9,31.0,32.0,96.9,-0.3,0.0,0.2,-0.1,34.4,,4.4,27.6
"Steer, Spencer",668715,2024,574,656,129,71,34,4,20,137,72,20.9,11.0,0.225,0.402,0.319,0.721,0.234,0.392,0.316,0.321,0.327,0.159,0.348,0.355,0.294,0.307,-0.009,0.01,-0.005,71.6,13.6,12.7,10.0,32.5,25.6,7.4,21.0,9.3,-5.6,53.1,28.7,88.0,17.4,34.2,28,6.4,7.7,23.7,29.2,27.3,5.5,39.9,99.163434247,93.708755492,64.8,13.4,24.8,47.9,52.1,158,330,50.8,1332,75.5,7.3,86.6,112,837,49.2,1291,43.2,1133,23.1,44.5,231,1596,568,2621,42.8,32.6,24.6,439,60.5,37.8,166,29.4,129,23.0,101,9.8,43,,,,,,,,,,,-2.0,0.0,18.0,0.0,0.0,3.0,0.0,6.0,7.0,85.7,10.0,13.0,76.9,10.0,10.0,100.0,-0.3,-0.8,0.5,-0.6,32.7,,4.44,28.2
"Reynolds, Bryan",668804,2024,622,692,171,115,29,3,24,156,57,22.5,8.2,0.275,0.447,0.344,0.791,0.268,0.472,0.343,0.353,0.339,0.204,0.409,0.425,0.365,0.358,0.007,-0.025,-0.01,71.6,17.1,17.4,12.7,36.6,26.7,6.8,31.0,12.7,0.4,46.5,38.0,89.9,9.4,37.5,45,9.6,7.2,25.8,21.1,30.9,4.9,45.4,100.987209316,94.867542484,74.0,18.7,30.2,52.0,48.0,220,423,53.8,1402,86.3,6.5,81.3,166,890,46.2,1202,43.7,1137,29.4,50.4,552,1320,593,2604,35.2,37.5,27.3,469,62.8,46.1,216,26.7,125,24.9,117,2.3,11,,,,,,,,,,,-13.0,0.0,29.0,0.0,0.0,10.0,0.0,3.0,10.0,30.0,10.0,12.0,83.3,25.0,30.0,83.3,-1.3,-0.3,0.6,-1.1,32.6,,4.38,28.0
"Turang, Brice",668930,2024,559,619,142,107,24,4,7,105,50,17.0,8.1,0.254,0.349,0.316,0.665,0.261,0.346,0.294,0.302,0.323,0.085,0.318,0.328,0.311,0.32,-0.007,0.003,-0.008,66.2,3.4,6.1,5.3,33.8,29.1,6.1,12.0,1.1,6.1,25.9,30.3,87.0,6.1,32.0,11,2.4,2.6,28.4,20.8,38.3,7.4,29.7,96.869333063,92.521821874,64.4,9.2,28.4,25.7,74.3,84,327,46.5,1150,75.9,8.9,90.8,78,851,53.5,1321,42.7,1056,13.8,47.7,357,1449,533,2470,24.0,41.8,34.2,462,62.6,53.7,248,17.7,82,24.5,113,4.1,19,,,,,,,,,,,,,,,,,,,,,,,,,,,,,,,,40.0,4.19,29.3
"Rutschman, Adley",668939,2024,571,638,143,102,21,1,19,103,58,16.1,9.1,0.25,0.391,0.318,0.709,0.254,0.405,0.309,0.32,0.324,0.151,0.33,0.346,0.301,0.309,-0.004,-0.014,-0.011,69.1,6.4,10.6,9.0,35.7,30.0,6.9,9.0,10.4,-2.6,48.6,36.4,88.2,18.8,35.4,29,6.1,4.8,29.3,33.3,24.6,1.9,36.6,98.081119454,93.149039684,60.1,12.1,28.9,27.5,72.5,103,375,50.1,1298,63.9,7.4,87.9,94,778,49.9,1295,43.4,1126,17.1,44.5,521,1383,524,2593,41.5,34.9,23.6,475,59.7,34.9,166,32.0,152,25.5,121,7.6,36,55.0,1.96,1.95,1.98,4.0,1.51,1.5,1.52,0.69,84.5,,,,,,,,,,,,,,,,,,,,,,,4.54,26.6
"Langeliers, Shea",669127,2024,482,534,108,59,18,2,29,145,41,27.2,7.7,0.224,0.45,0.288,0.738,0.237,0.461,0.315,0.328,0.302,0.223,0.4,0.42,0.315,0.336,-0.013,-0.011,-0.013,74.1,42.0,17.7,12.9,32.5,23.7,7.3,7.0,12.3,-5.7,63.4,29.5,91.3,16.3,35.3,44,12.8,5.2,21.6,29.4,28.0,2.9,44.0,102.05460686,95.451719446,69.5,19.7,30.7,49.4,50.6,156,316,51.7,1030,75.8,7.7,80.3,132,670,48.3,964,43.0,858,29.2,49.5,240,1071,525,1993,45.2,38.8,16.0,343,64.8,37.6,129,30.0,103,22.4,77,9.9,34,70.0,1.91,1.91,1.9,5.0,1.45,1.44,1.48,0.65,86.4,,,,,,,,,,,,,,,,,,,,,,,4.58,27.8
"Smith, Will",669257,2024,476,544,118,72,24,2,20,105,51,19.3,9.4,0.248,0.433,0.327,0.76,0.238,0.463,0.326,0.337,0.322,0.225,0.363,0.38,0.311,0.303,0.01,-0.03,-0.011,67.9,3.1,10.7,8.7,33.4,27.1,7.2,27.0,13.2,0.4,60.5,34.6,89.4,18.7,38.3,41,10.8,8.4,22.2,32.2,24.3,1.8,42.0,99.318269153,93.929159392,66.5,15.5,26.3,34.2,65.8,103,301,50.4,1146,78.2,7.5,84.5,116,749,49.6,1126,43.9,997,20.9,46.2,210,1381,510,2271,31.9,41.7,26.4,379,60.9,33.0,125,40.4,153,22.2,84,4.5,17,57.0,1.94,1.95,1.92,3.0,1.49,,1.49,0.62,82.7,,,,,,,,,,,,,,,,,,,,,,,4.44,27.4
"Burger, Jake",669394,2024,535,579,134,81,23,1,29,150,31,25.9,5.4,0.25,0.46,0.301,0.761,0.253,0.483,0.325,0.339,0.305,0.23,0.415,0.435,0.344,0.351,-0.003,-0.023,-0.014,74.7,46.9,20.2,14.4,33.4,23.9,7.5,17.0,8.4,-6.1,54.8,23.7,91.3,13.0,32.4,48,12.3,7.7,23.7,22.6,29.8,3.6,46.8,103.619986856,96.171144407,70.1,18.9,36.5,49.4,50.6,198,401,52.8,1099,78.2,6.0,81.1,130,689,47.2,983,43.0,896,30.1,52.4,314,1091,475,2081,42.4,37.0,20.6,389,65.9,44.0,171,28.3,110,20.8,81,6.9,27,,,,,,,,,,,,,,,,,,,,,,,,,,,,,,,,,4.42,27.9
"Smith, Josh",669701,2024,523,592,135,91,30,1,13,121,46,20.4,7.8,0.258,0.394,0.337,0.731,0.242,0.365,0.323,0.309,0.325,0.123,0.361,0.341,0.333,0.315,0.016,0.029,0.014,70.1,6.8,11.8,9.2,35.7,27.8,6.8,10.0,13.1,-5.1,44.8,37.5,87.8,15.4,33.7,15,3.7,5.7,27.3,30.7,26.5,6.1,37.1,98.306997711,93.25999596,66.9,14.9,25.9,40.9,59.1,119,291,48.3,1125,77.0,8.2,85.1,120,804,51.7,1202,43.7,1018,21.8,47.1,394,1334,488,2327,43.7,35.9,20.4,407,65.0,39.6,161,29.0,118,25.3,103,6.1,25,,,,,,,,,,,,,,,,,,,,,,,,,,,,,,,,5.0,4.39,27.6
"Alvarez, Yordan",670541,2024,552,635,170,99,34,2,35,95,69,15.0,10.9,0.308,0.567,0.392,0.959,0.299,0.607,0.402,0.415,0.386,0.308,0.444,0.462,0.369,0.36,0.009,-0.04,-0.013,76.5,63.0,22.4,18.2,34.3,27.8,7.6,1.0,8.8,-6.0,42.1,35.1,93.1,18.3,35.4,67,14.5,7.6,24.5,30.6,19.5,3.3,49.7,104.097105087,96.703519522,68.0,11.1,30.5,36.5,63.5,136,373,53.9,1221,79.1,6.1,88.9,79,710,46.1,1044,43.5,985,19.9,47.8,277,1307,546,2264,36.4,38.4,25.2,461,58.9,33.4,154,36.2,167,23.9,110,6.5,30,,,,,,,,,,,-7.0,0.0,9.0,0.0,0.0,3.0,0.0,1.0,5.0,20.0,4.0,6.0,66.7,9.0,10.0,90.0,-1.5,-3.1,1.0,-3.6,28.3,,4.59,26.1
"Paredes, Isaac",670623,2024,542,641,129,84,25,1,19,105,76,16.4,11.9,0.238,0.393,0.346,0.739,0.221,0.35,0.327,0.309,0.333,0.13,0.329,0.304,0.291,0.273,0.017,0.043,0.018,68.2,4.8,6.5,5.4,28.9,24.2,8.0,13.0,14.2,-16.7,53.0,32.4,85.0,22.4,37.0,20,4.5,7.2,23.9,35.9,23.0,5.4,27.1,95.875582928,91.952619865,64.7,11.0,26.5,31.1,68.9,123,395,52.3,1491,72.4,7.6,89.0,97,881,47.7,1362,42.6,1214,17.2,44.7,301,1517,762,2853,51.9,29.3,18.7,443,62.9,30.9,137,29.3,130,25.5,113,14.2,63,,,,,,,,,,,,,,,,,,,,,,,,,,,,,,,,,4.8,25.9
"Ramos, Heliot",671218,2024,475,518,128,80,23,3,22,135,37,26.1,7.1,0.269,0.469,0.322,0.791,0.245,0.484,0.339,0.337,0.302,0.24,0.434,0.432,0.372,0.342,0.024,-0.015,0.002,75.2,55.2,18.3,13.7,29.8,22.3,6.9,28.0,8.5,3.4,46.7,32.9,91.5,10.4,34.3,50,14.5,5.5,18.9,22.1,34.0,4.1,47.5,102.620742924,95.895956716,72.3,18.3,29.9,51.9,48.1,161,310,51.8,1037,83.1,7.1,81.7,128,698,48.2,966,40.1,803,28.7,50.3,187,1187,483,2011,30.2,41.0,28.8,344,61.2,43.3,149,27.0,93,24.4,84,5.2,18,,,,,,,,,,,-5.0,2.0,20.0,10.0,2.0,7.0,28.6,6.0,11.0,54.5,10.0,17.0,58.8,19.0,19.0,100.0,-0.4,-0.8,-0.6,-1.7,32.1,1.0,4.45,27.9
"García Jr., Luis",671277,2024,500,528,141,97,25,1,18,86,27,16.3,5.1,0.282,0.444,0.318,0.762,0.275,0.461,0.328,0.335,0.312,0.186,0.374,0.383,0.34,0.332,0.007,-0.017,-0.007,71.7,22.7,16.1,12.8,35.2,28.0,7.3,10.0,10.0,1.6,61.1,29.0,89.1,8.2,32.8,33,8.0,5.8,23.9,21.4,36.9,3.9,41.7,100.167127696,94.249397672,69.0,12.6,36.0,36.4,63.6,129,354,52.3,984,74.6,7.3,87.4,78,620,47.7,899,42.8,805,21.3,51.7,320,957,476,1883,26.3,46.3,27.5,415,65.3,48.4,201,25.1,104,23.9,99,2.7,11,,,,,,,,,,,,,,,,,,,,,,,,,,,,,,,,,4.28,27.2
"Garcia, Maikel",672580,2024,575,626,133,94,27,5,7,103,42,16.5,6.7,0.231,0.332,0.281,0.613,0.259,0.373,0.27,0.305,0.309,0.114,0.292,0.337,0.279,0.315,-0.028,-0.041,-0.035,70.8,10.8,15.9,13.8,40.9,35.5,7.2,12.0,4.6,4.6,45.6,28.3,90.4,6.4,34.1,18,3.7,4.8,26.6,22.5,39.5,2.9,42.8,100.050927426,94.39492241,63.6,10.9,21.2,31.4,68.6,75,239,47.7,1125,74.7,9.7,89.1,86,786,52.3,1235,41.1,970,15.7,43.4,169,1448,561,2360,29.7,41.2,29.1,481,65.7,49.5,238,20.4,98,26.6,128,3.5,17,,,,,,,,,,,,,,,,,,,,,,,,,,,,,,,,4.0,4.44,27.9
"Diaz, Yainer",673237,2024,585,619,175,127,29,3,16,107,24,17.3,3.9,0.299,0.441,0.325,0.766,0.296,0.467,0.329,0.343,0.324,0.17,0.383,0.4,0.36,0.36,0.003,-0.026,-0.014,72.5,23.6,17.2,13.3,34.5,26.6,7.4,17.0,11.2,3.9,59.2,30.8,90.2,8.9,35.0,37,7.6,8.4,28.8,16.0,36.8,2.1,47.5,101.297056214,95.034359505,77.7,13.6,42.6,40.2,59.8,196,488,53.8,1145,85.6,6.5,86.4,104,764,46.2,983,40.2,856,24.0,58.8,279,1070,573,2128,38.3,40.5,21.2,486,66.9,51.2,249,18.7,91,25.5,124,4.5,22,73.0,1.97,1.98,1.91,3.0,1.49,1.5,1.46,0.73,86.9,,,,,,,,,,,,,,,,,,,,,,,4.42,27.1
"Suzuki, Seiya",673548,2024,512,585,145,91,27,6,21,160,63,27.4,10.8,0.283,0.482,0.366,0.848,0.252,0.464,0.365,0.348,0.34,0.212,0.468,0.442,0.407,0.365,0.031,0.018,0.017,73.0,35.0,18.0,13.8,33.4,25.7,7.2,17.0,6.4,-0.9,47.3,30.1,91.7,16.2,38.8,41,11.5,10.1,25.3,28.1,23.9,0.8,49.2,102.565369326,95.834191408,59.6,16.6,20.7,46.1,53.9,123,267,51.4,1289,70.9,7.5,83.4,121,727,48.6,1220,42.4,1063,24.5,39.6,329,1455,548,2509,32.6,44.9,22.5,356,57.5,33.7,120,34.0,121,26.7,95,5.6,20,,,,,,,,,,,-3.0,0.0,10.0,0.0,2.0,5.0,40.0,4.0,9.0,44.4,14.0,15.0,93.3,9.0,9.0,100.0,0.8,0.7,-0.5,1.0,34.9,3.0,4.34,28.3
"Burleson, Alec",676475,2024,547,595,147,106,20,0,21,76,35,12.8,5.9,0.269,0.42,0.314,0.734,0.27,0.444,0.319,0.333,0.317,0.174,0.339,0.357,0.308,0.312,-0.001,-0.024,-0.014,71.2,18.0,13.3,11.1,37.2,31.0,7.5,11.0,9.6,1.4,54.9,33.4,89.7,13.6,34.3,31,6.5,7.1,26.6,26.2,30.1,3.1,41.7,99.381927173,94.012155751,77.6,13.3,34.5,32.0,68.0,118,369,50.6,1070,84.5,7.3,86.7,108,809,49.4,1043,41.8,883,19.2,55.7,298,1165,502,2117,33.5,38.7,27.8,478,63.5,42.5,203,25.5,122,25.5,122,6.5,31,,,,,,,,,,,-9.0,0.0,9.0,0.0,0.0,5.0,0.0,0.0,6.0,0.0,2.0,3.0,66.7,11.0,13.0,84.6,-1.3,-3.6,0.6,-4.4,29.5,,4.6,25.5
"Meyers, Jake",676694,2024,461,513,101,65,20,3,13,117,35,22.8,6.8,0.219,0.36,0.286,0.646,0.233,0.39,0.285,0.306,0.301,0.158,0.327,0.359,0.29,0.312,-0.014,-0.03,-0.021,68.6,7.9,10.6,8.0,31.6,23.8,7.0,30.0,9.4,-4.3,45.2,30.4,88.2,14.4,34.8,24,6.8,8.3,22.5,25.6,30.8,5.7,37.0,99.317270058,93.726741906,68.1,15.9,31.2,49.8,50.2,145,291,51.3,933,78.2,6.8,84.1,96,602,48.7,884,43.5,790,27.0,49.1,235,940,484,1817,43.9,34.2,21.9,351,69.0,44.2,155,27.4,96,21.7,76,6.8,24,,,,,,,,,,,13.0,3.0,16.0,18.8,2.0,3.0,66.7,9.0,11.0,81.8,24.0,24.0,100.0,30.0,30.0,100.0,0.3,1.2,0.4,1.9,36.5,2.0,4.36,28.9
"Rodríguez, Julio",677594,2024,567,613,155,118,17,0,20,156,38,25.4,6.2,0.273,0.409,0.325,0.734,0.274,0.472,0.321,0.348,0.326,0.197,0.403,0.444,0.375,0.378,-0.001,-0.063,-0.027,76.3,63.4,20.6,14.5,29.6,20.8,7.9,30.0,8.1,-2.9,47.2,33.0,91.7,10.5,33.2,42,10.2,6.1,25.4,21.3,34.4,2.7,48.4,103.553687536,96.325344116,74.7,21.2,37.3,47.0,53.0,228,485,54.5,1300,81.8,6.7,78.8,172,810,45.5,1085,40.8,973,30.9,54.3,299,1266,588,2385,33.4,39.2,27.4,413,61.8,44.6,184,26.2,108,23.0,95,6.3,26,,,,,,,,,,,8.0,5.0,23.0,21.7,3.0,8.0,37.5,8.0,11.0,72.7,25.0,28.0,89.3,22.0,22.0,100.0,-0.7,1.5,0.4,1.2,35.8,60.0,4.28,29.6
"Witt Jr., Bobby",677951,2024,636,709,211,123,45,11,32,106,57,15.0,8.0,0.332,0.588,0.389,0.977,0.309,0.583,0.41,0.407,0.373,0.274,0.461,0.457,0.392,0.37,0.023,0.005,0.003,74.7,48.3,20.5,16.1,34.9,27.5,7.1,16.0,5.9,-2.1,48.5,29.8,92.7,15.1,35.7,77,14.3,5.6,24.9,27.7,25.3,2.2,48.3,103.972880446,96.499868141,72.3,15.2,32.1,36.7,63.3,161,439,52.6,1368,80.2,7.6,84.8,135,891,47.4,1232,41.3,1075,22.3,51.2,286,1381,707,2600,32.3,39.6,28.1,538,62.0,37.5,202,30.5,164,25.1,135,6.9,37,,,,,,,,,,,,,,,,,,,,,,,,,,,,,,,,156.0,4.1,30.5
"Tovar, Ezequiel",678662,2024,655,695,176,101,45,4,26,200,23,28.8,3.3,0.269,0.469,0.295,0.764,0.231,0.41,0.324,0.291,0.261,0.179,0.444,0.395,0.381,0.331,0.038,0.059,0.033,71.3,18.9,11.8,8.0,30.6,20.9,7.5,17.0,10.5,-2.3,48.0,36.0,88.8,18.9,38.5,42,9.0,7.7,25.5,30.2,21.8,5.4,39.8,99.306485852,93.964016332,82.0,21.9,44.1,53.5,46.5,310,579,51.9,1312,89.1,6.9,78.1,218,997,48.1,1216,41.0,1036,33.5,62.3,233,1420,623,2528,36.4,36.4,27.2,467,68.2,34.5,161,33.6,157,24.6,115,7.3,34,,,,,,,,,,,,,,,,,,,,,,,,,,,,,,,,,4.36,28.1
"Rafaela, Ceddanne",678882,2024,544,571,134,91,23,5,15,151,15,26.4,2.6,0.246,0.39,0.274,0.664,0.227,0.374,0.286,0.276,0.257,0.147,0.373,0.359,0.338,0.313,0.019,0.016,0.01,70.1,6.8,11.5,7.9,30.5,20.9,7.5,24.0,14.1,-0.5,52.6,33.3,86.6,14.9,34.9,30,7.5,5.0,23.9,25.6,30.9,7.0,36.9,98.205036294,93.166643181,78.6,24.3,46.4,46.7,53.3,232,497,51.7,1071,84.4,7.1,75.7,191,785,48.3,999,40.9,846,33.0,61.9,206,1105,556,2070,37.2,36.7,26.1,398,70.5,42.5,169,26.4,105,22.9,91,8.3,33,,,,,,,,,,,5.0,4.0,12.0,33.3,4.0,5.0,80.0,5.0,7.0,71.4,6.0,8.0,75.0,15.0,16.0,93.8,2.2,1.9,-0.9,3.2,37.4,2.0,4.17,28.8
"Kwan, Steven",680757,2024,480,540,140,107,16,3,14,51,53,9.4,9.8,0.292,0.425,0.368,0.793,0.283,0.392,0.349,0.337,0.361,0.109,0.345,0.329,0.326,0.317,0.009,0.033,0.012,64.4,0.4,6.3,5.8,41.7,38.6,6.5,6.0,3.6,-2.9,36.6,35.8,86.3,14.9,38.5,11,2.6,5.3,27.8,31.8,28.1,4.4,23.7,95.04543782,91.531639359,57.6,4.3,19.2,20.4,79.6,41,201,48.3,1047,67.8,8.4,95.7,28,645,51.7,1119,43.4,939,8.2,39.1,304,1316,421,2165,30.4,37.6,32.0,431,58.9,37.4,161,28.3,122,27.8,120,6.5,28,,,,,,,,,,,5.0,3.0,30.0,10.0,3.0,4.0,75.0,9.0,11.0,81.8,12.0,14.0,85.7,16.0,18.0,88.9,-0.1,1.2,0.4,1.6,34.8,,4.33,27.1
"Duran, Jarren",680776,2024,671,735,191,108,48,14,21,160,54,21.8,7.3,0.285,0.492,0.342,0.834,0.267,0.456,0.357,0.34,0.326,0.19,0.429,0.405,0.372,0.349,0.018,0.036,0.017,73.6,36.2,17.7,13.7,30.0,23.2,7.6,21.0,3.9,3.2,36.2,29.4,90.8,9.5,33.8,48,9.3,6.2,25.4,20.4,35.7,2.7,43.9,101.928155512,95.341113209,68.2,15.7,28.1,47.1,52.9,187,397,49.7,1413,78.5,7.2,84.3,153,976,50.3,1432,42.7,1215,24.8,48.3,347,1701,621,2844,29.9,40.0,30.1,515,58.7,46.8,241,21.0,108,25.6,132,6.6,34,,,,,,,,,,,10.0,3.0,21.0,14.3,3.0,3.0,100.0,14.0,19.0,73.7,23.0,25.0,92.0,34.0,35.0,97.1,1.2,0.7,-0.5,1.4,35.4,63.0,4.13,29.6
"Gelof, Zack",680869,2024,497,547,105,66,20,2,17,188,38,34.4,6.9,0.211,0.362,0.27,0.632,0.198,0.353,0.276,0.273,0.261,0.155,0.386,0.382,0.334,0.318,0.013,0.009,0.003,71.6,11.7,12.0,7.8,30.4,19.8,7.3,23.0,16.4,0.8,54.8,33.7,89.2,14.2,34.4,28,8.8,6.3,22.4,26.5,31.5,4.1,37.2,98.970921935,93.611147032,72.1,26.1,29.7,62.8,37.2,186,296,48.6,998,84.4,7.2,73.9,199,762,51.4,1057,43.8,901,36.4,51.5,248,1069,550,2055,41.6,37.9,20.5,317,65.4,43.5,138,27.4,87,22.7,72,6.3,20,,,,,,,,,,,,,,,,,,,,,,,,,,,,,,,,13.0,4.35,28.7
"Donovan, Brendan",680977,2024,587,652,163,112,34,3,14,81,47,12.4,7.2,0.278,0.417,0.342,0.759,0.275,0.432,0.332,0.341,0.341,0.157,0.342,0.353,0.319,0.318,0.003,-0.015,-0.009,69.6,7.2,13.8,12.0,40.5,35.2,6.9,14.0,7.7,0.8,49.6,30.0,88.7,13.2,36.6,28,5.5,6.5,25.8,26.8,32.1,3.1,37.6,98.552237391,93.418618597,63.7,8.6,23.7,33.6,66.4,96,286,48.6,1207,68.0,8.9,91.4,70,813,51.4,1277,42.9,1065,15.1,44.2,326,1497,503,2487,35.4,36.2,28.4,511,59.7,42.3,216,22.9,117,27.2,139,7.6,39,,,,,,,,,,,0.0,0.0,13.0,0.0,0.0,4.0,0.0,6.0,10.0,60.0,16.0,17.0,94.1,21.0,22.0,95.5,0.4,-0.5,-0.1,-0.2,33.8,,4.36,27.0
"Stott, Bryson",681082,2024,506,571,124,92,19,2,11,93,53,16.3,9.3,0.245,0.356,0.315,0.671,0.254,0.369,0.296,0.311,0.326,0.115,0.31,0.33,0.294,0.308,-0.009,-0.013,-0.015,68.2,1.9,8.8,7.6,35.2,30.2,7.1,22.0,6.5,2.2,47.4,31.9,87.0,14.0,35.3,15,3.6,5.2,27.3,30.3,30.6,2.8,30.8,97.149266143,92.631038831,59.6,13.3,28.3,25.0,75.0,81,324,49.5,1143,66.5,8.0,86.7,92,694,50.5,1164,43.3,999,17.0,44.1,351,1376,439,2307,32.2,37.2,30.6,422,63.2,43.1,182,25.8,109,23.7,100,7.3,31,,,,,,,,,,,,,,,,,,,,,,,,,,,,,,,,17.0,4.19,29.1
"Cowser, Colton",681297,2024,499,561,121,70,24,3,24,172,52,30.7,9.3,0.242,0.447,0.321,0.768,0.23,0.456,0.331,0.333,0.312,0.226,0.442,0.445,0.367,0.351,0.012,-0.009,-0.002,73.8,40.6,17.0,12.4,31.1,22.8,6.9,23.0,13.9,0.2,44.2,38.8,90.5,13.0,32.1,45,13.6,7.6,22.4,21.2,31.2,3.9,46.1,101.838992303,95.374243739,64.0,20.1,25.0,56.7,43.3,164,289,49.9,1154,71.2,7.1,79.9,149,740,50.1,1157,42.9,992,30.4,44.5,454,1199,520,2311,34.8,39.4,25.8,330,58.3,43.3,143,30.6,101,22.4,74,3.6,12,,,,,,,,,,,11.0,2.0,20.0,10.0,5.0,6.0,83.3,11.0,14.0,78.6,17.0,19.0,89.5,31.0,31.0,100.0,-0.7,0.5,0.3,0.2,33.3,1.0,4.23,28.2
"O'Hoppe, Logan",681351,2024,479,522,117,79,17,1,20,155,33,29.7,6.3,0.244,0.409,0.303,0.712,0.247,0.462,0.311,0.333,0.306,0.215,0.411,0.446,0.36,0.365,-0.003,-0.053,-0.022,70.7,17.4,14.6,10.0,32.9,22.7,7.3,41.0,15.1,-2.4,54.3,33.9,90.4,15.3,42.9,39,12.0,7.1,26.7,24.5,26.7,3.1,46.3,101.233350982,95.0870388,72.4,22.7,34.0,54.3,45.7,194,357,53.0,1051,80.4,7.0,77.3,153,675,47.0,932,41.5,822,33.6,52.0,245,1013,516,1983,42.3,35.3,22.4,326,64.0,38.0,124,29.4,96,26.4,86,6.1,20,59.0,2.02,2.03,1.97,8.0,1.58,1.54,1.65,0.72,83.7,,,,,,,,,,,,,,,,,,,,,,,4.46,28.1
"De La Cruz, Elly",682829,2024,618,696,160,89,36,10,25,218,69,31.3,9.9,0.259,0.471,0.339,0.81,0.237,0.437,0.349,0.33,0.319,0.2,0.476,0.444,0.399,0.366,0.022,0.034,0.019,75.2,53.8,19.0,13.2,31.7,22.1,7.3,31.0,9.6,0.5,52.7,35.2,91.8,9.7,35.7,51,12.7,6.2,22.8,21.1,33.0,3.7,45.7,102.95535404,95.90272362,61.7,23.2,26.9,54.2,45.8,212,391,52.7,1451,76.2,6.7,76.8,186,802,47.3,1300,41.2,1133,33.4,43.4,515,1439,604,2751,43.4,34.0,22.6,403,62.1,47.1,190,24.8,100,24.8,100,3.2,13,,,,,,,,,,,,,,,,,,,,,,,,,,,,,,,,81.0,4.21,30.0
"Abrams, CJ",682928,2024,541,602,133,78,29,6,20,128,40,21.3,6.6,0.246,0.433,0.314,0.747,0.243,0.413,0.322,0.32,0.314,0.169,0.373,0.37,0.319,0.318,0.003,0.02,0.002,72.2,23.9,13.5,10.4,31.9,24.7,7.5,32.0,12.4,-3.0,61.9,29.0,88.2,15.1,33.0,29,6.9,9.6,24.4,26.6,27.8,4.3,40.7,99.496479615,93.910198048,70.5,18.4,35.4,37.7,62.3,148,393,49.1,1110,79.1,7.8,81.6,149,811,50.9,1151,43.9,992,24.7,53.3,366,1128,592,2261,45.2,33.0,21.8,418,63.0,40.7,170,28.0,117,22.7,95,8.6,36,,,,,,,,,,,,,,,,,,,,,,,,,,,,,,,,7.0,4.26,28.5
"Greene, Riley",682985,2024,512,584,134,77,27,6,24,156,64,26.7,11.0,0.262,0.479,0.348,0.827,0.249,0.487,0.355,0.355,0.338,0.238,0.448,0.448,0.374,0.357,0.013,-0.008,0.0,74.7,45.8,17.0,12.6,30.8,22.8,7.2,7.0,11.9,0.4,43.6,43.4,91.3,12.2,39.1,48,13.4,8.1,22.9,21.2,32.7,1.4,47.1,102.088081676,95.54007409,66.3,19.4,23.1,45.8,54.2,130,284,51.2,1230,74.9,7.6,80.6,151,778,48.8,1174,41.6,1001,26.8,44.3,463,1286,505,2415,37.4,39.4,23.2,358,60.4,43.6,156,27.7,99,24.9,89,3.9,14,,,,,,,,,,,2.0,2.0,16.0,12.5,4.0,5.0,80.0,5.0,10.0,50.0,14.0,17.0,82.4,24.0,25.0,96.0,1.8,0.5,-1.3,1.0,34.4,,4.39,27.7
"Carroll, Corbin",682998,2024,589,684,136,78,22,14,22,130,73,19.0,10.7,0.231,0.428,0.322,0.75,0.239,0.401,0.325,0.328,0.332,0.162,0.35,0.355,0.291,0.305,-0.008,0.027,-0.003,73.7,36.9,18.4,14.6,34.9,27.7,7.0,5.0,6.5,-0.3,53.0,22.5,89.3,12.0,27.8,34,7.2,7.0,18.7,27.0,35.7,4.0,40.8,101.055665665,94.755672366,59.8,13.0,24.9,36.1,63.9,126,349,52.8,1399,67.7,7.3,87.0,97,747,47.2,1249,41.2,1092,20.3,41.4,322,1592,568,2648,37.8,36.5,25.7,471,56.4,44.6,210,22.1,104,21.2,100,12.1,57,,,,,,,,,,,10.0,5.0,40.0,12.5,8.0,11.0,72.7,8.0,14.0,57.1,27.0,31.0,87.1,25.0,25.0,100.0,1.8,0.5,-2.0,0.3,34.0,86.0,4.09,29.6
"Henderson, Gunnar",683002,2024,630,719,177,102,31,7,37,159,78,22.1,10.8,0.281,0.529,0.364,0.893,0.279,0.499,0.381,0.375,0.364,0.22,0.454,0.444,0.373,0.373,0.002,0.03,0.006,76.3,64.5,22.8,17.9,32.3,25.2,7.2,20.0,8.3,2.9,47.4,30.5,92.8,9.2,34.5,53,11.2,8.6,24.4,18.7,33.7,3.2,53.9,104.002332911,96.835723291,66.7,17.5,23.2,42.8,57.2,148,346,51.6,1494,77.8,7.0,82.5,164,935,48.4,1402,43.4,1258,24.4,44.2,496,1650,574,2896,36.6,40.0,23.4,475,55.6,47.4,225,23.6,112,24.6,117,4.4,21,,,,,,,,,,,,,,,,,,,,,,,,,,,,,,,,16.0,4.22,28.9
"Volpe, Anthony",683011,2024,637,689,155,109,27,7,12,156,42,22.6,6.1,0.243,0.364,0.293,0.657,0.232,0.335,0.287,0.278,0.285,0.103,0.342,0.33,0.32,0.31,0.011,0.029,0.009,69.3,3.7,10.0,7.9,32.2,25.5,7.1,28.0,9.6,7.4,60.7,33.0,87.7,8.4,33.3,19,3.9,5.6,27.4,21.0,36.8,4.7,35.4,98.177841555,93.206482989,65.4,16.5,29.3,37.4,62.6,147,393,48.0,1342,73.6,8.3,83.5,157,952,52.0,1455,43.5,1218,22.6,48.1,251,1584,667,2797,30.2,41.2,28.6,486,61.3,50.6,246,21.6,105,23.3,113,4.5,22,,,,,,,,,,,,,,,,,,,,,,,,,,,,,,,,,4.31,28.6
"Vaughn, Andrew",683734,2024,570,619,140,90,30,1,19,132,38,21.3,6.1,0.246,0.402,0.297,0.699,0.24,0.442,0.304,0.32,0.294,0.202,0.356,0.378,0.316,0.311,0.006,-0.04,-0.016,70.8,12.0,16.2,12.9,35.4,28.3,7.6,12.0,9.7,-4.7,57.4,28.6,90.3,16.6,33.6,41,9.3,8.4,21.4,30.2,28.7,2.0,43.3,100.921632928,94.702971332,66.7,11.8,33.0,41.6,58.4,165,397,51.4,1202,68.5,7.2,88.2,89,757,48.6,1135,43.3,1011,22.0,49.4,292,1180,609,2337,33.4,42.0,24.6,443,64.3,38.6,171,30.9,137,21.7,96,8.8,39,,,,,,,,,,,,,,,,,,,,,,,,,,,,,,,,,4.68,26.3
"Busch, Michael",683737,2024,496,567,123,72,28,2,21,162,63,28.6,11.1,0.248,0.44,0.335,0.775,0.217,0.432,0.336,0.324,0.309,0.216,0.428,0.408,0.364,0.321,0.031,0.008,0.012,70.3,11.3,13.3,9.6,35.0,25.2,7.3,18.0,15.8,0.7,43.9,37.9,89.9,17.2,36.4,38,11.2,6.5,20.7,29.0,28.1,4.1,39.9,99.992212321,94.35127744,68.6,20.2,23.2,51.1,48.9,145,284,51.7,1222,86.5,7.2,79.8,158,784,48.3,1143,45.2,1069,28.4,45.2,366,1320,508,2365,40.5,35.2,24.3,338,61.0,38.8,131,32.0,108,22.8,77,6.5,22,,,,,,,,,,,,,,,,,,,,,,,,,,,,,,,,,4.47,27.3
"Frelick, Sal",686217,2024,475,524,123,95,22,4,2,78,39,14.9,7.4,0.259,0.335,0.32,0.655,0.246,0.309,0.292,0.283,0.308,0.063,0.306,0.294,0.309,0.294,0.013,0.026,0.009,66.3,2.6,5.8,5.1,36.0,31.7,6.9,10.0,5.6,0.6,40.9,30.3,83.4,9.7,30.0,3,0.8,3.5,24.8,24.0,38.3,8.5,19.5,94.439757846,91.272403907,57.0,8.1,25.8,23.8,76.2,62,261,49.5,1013,59.7,7.3,91.9,48,589,50.5,1033,42.2,864,12.9,41.5,251,1209,454,2046,29.5,43.0,27.5,400,61.1,48.0,192,18.0,72,24.8,99,9.3,37,,,,,,,,,,,6.0,2.0,18.0,11.1,1.0,3.0,33.3,15.0,19.0,78.9,21.0,24.0,87.5,27.0,28.0,96.4,0.0,-0.2,-0.4,-0.6,33.4,68.0,4.12,29.3
"Pasquantino, Vinnie",686469,2024,496,554,130,79,30,2,19,71,40,12.8,7.2,0.262,0.446,0.315,0.761,0.264,0.452,0.325,0.336,0.32,0.188,0.341,0.356,0.297,0.304,-0.002,-0.006,-0.011,71.7,19.8,16.3,14.1,37.1,32.1,7.4,10.0,9.6,-7.0,57.9,30.1,91.0,14.6,31.9,31,7.1,8.9,23.2,28.2,30.1,2.5,46.5,100.997993151,94.970921142,66.3,7.5,30.7,28.4,71.6,97,341,52.0,1110,75.0,7.3,92.5,51,679,48.0,1024,42.9,916,14.5,47.8,394,1179,431,2133,45.8,35.3,18.9,439,59.9,40.3,177,27.8,122,23.5,103,8.4,37,,,,,,,,,,,,,,,,,,,,,,,,,,,,,,,,,4.67,25.6
"Doyle, Brenton",686668,2024,542,603,141,90,24,4,23,153,46,25.4,7.6,0.26,0.446,0.317,0.763,0.249,0.442,0.328,0.33,0.311,0.193,0.41,0.414,0.355,0.345,0.011,0.004,-0.002,70.9,8.1,15.2,10.8,34.3,24.3,7.4,20.0,12.7,0.1,64.6,31.3,89.2,13.2,37.4,42,10.5,6.0,24.4,25.2,28.2,5.5,41.4,100.983223096,94.67619269,74.5,18.2,30.0,56.5,43.5,190,336,51.9,1119,82.7,7.2,81.8,141,774,48.1,1039,43.0,928,29.8,51.4,183,1241,552,2158,36.9,36.4,26.7,401,64.5,40.4,162,29.2,117,25.9,104,4.5,18,,,,,,,,,,,14.0,0.0,24.0,0.0,4.0,8.0,50.0,21.0,25.0,84.0,37.0,39.0,94.9,32.0,32.0,100.0,-1.3,0.9,0.9,0.5,34.8,34.0,4.34,29.3
"Neto, Zach",687263,2024,542,602,135,77,34,1,23,140,39,23.3,6.5,0.249,0.443,0.318,0.761,0.233,0.421,0.33,0.319,0.305,0.188,0.395,0.379,0.335,0.316,0.016,0.022,0.011,71.0,14.7,13.9,10.4,33.8,25.4,7.1,37.0,14.6,-6.1,56.5,33.4,88.5,12.3,29.0,34,8.4,8.4,21.1,24.8,29.7,7.1,38.8,100.130832864,94.28058907,67.9,17.8,31.3,45.8,54.2,170,371,51.9,1187,76.3,7.0,82.2,133,748,48.1,1102,41.5,951,27.1,48.9,280,1168,619,2289,46.2,33.9,19.9,407,62.1,45.2,184,29.2,119,18.7,76,6.9,28,,,,,,,,,,,,,,,,,,,,,,,,,,,,,,,,1.0,4.37,28.2
"Ortiz, Joey",687401,2024,440,511,105,63,25,6,11,103,56,20.2,11.0,0.239,0.398,0.329,0.727,0.232,0.347,0.319,0.307,0.327,0.114,0.347,0.329,0.306,0.303,0.007,0.051,0.012,73.4,35.2,12.7,10.8,27.0,23.0,7.5,8.0,2.2,1.4,35.6,26.8,87.8,9.9,26.6,16,4.6,5.2,24.0,24.9,35.5,5.2,38.4,99.391509467,93.766433018,53.5,9.9,24.7,33.3,66.7,86,258,49.2,1044,56.5,7.9,90.1,57,578,50.8,1080,44.8,952,17.1,39.4,166,1295,489,2124,38.2,30.6,31.2,346,58.5,49.4,171,20.5,71,20.8,72,9.2,32,,,,,,,,,,,,,,,,,,,,,,,,,,,,,,,,7.0,4.28,28.7
"Keith, Colt",690993,2024,516,556,134,102,15,4,13,110,36,19.8,6.5,0.26,0.38,0.309,0.689,0.265,0.398,0.301,0.314,0.314,0.134,0.347,0.365,0.328,0.335,-0.005,-0.018,-0.013,71.3,14.3,13.0,10.1,35.4,27.7,6.7,14.0,8.5,0.1,45.3,33.0,87.8,11.3,34.6,23,5.6,5.1,29.4,25.2,30.4,4.2,35.3,98.472613627,93.330372181,67.9,13.4,29.9,44.4,55.6,136,306,50.8,1022,85.2,7.4,86.6,90,672,49.2,989,41.8,841,23.2,48.6,385,1024,485,2022,36.3,37.0,26.7,408,61.9,44.1,180,25.0,102,26.0,106,4.9,20,,,,,,,,,,,,,,,,,,,,,,,,,,,,,,,,,4.32,27.7
"Winn, Masyn",691026,2024,587,637,157,105,32,5,15,109,41,17.1,6.4,0.267,0.416,0.314,0.73,0.253,0.363,0.315,0.296,0.302,0.11,0.355,0.33,0.325,0.31,0.014,0.053,0.019,70.2,11.5,12.0,9.9,32.2,26.5,7.3,14.0,4.7,-1.9,39.8,28.4,87.0,13.2,33.5,18,3.7,6.4,25.7,28.2,30.2,5.6,32.7,98.144268452,93.085870398,62.7,13.0,30.4,32.2,67.8,121,376,48.5,1237,70.2,8.5,87.0,107,825,51.5,1316,42.3,1081,19.0,47.0,251,1493,577,2558,32.7,37.2,30.0,486,62.1,41.2,200,24.3,118,26.5,129,8.0,39,,,,,,,,,,,,,,,,,,,,,,,,,,,,,,,,27.0,4.22,28.8
"Chourio, Jackson",694192,2024,528,573,145,91,29,4,21,121,39,21.1,6.8,0.275,0.464,0.327,0.791,0.267,0.431,0.339,0.327,0.32,0.165,0.406,0.39,0.355,0.344,0.008,0.033,0.012,73.2,34.0,17.7,13.4,34.4,25.9,7.4,22.0,7.4,3.5,57.9,27.2,89.7,7.6,33.2,32,7.8,6.6,23.9,19.3,36.6,5.6,44.9,100.832969557,94.831073407,66.1,17.3,31.9,47.0,53.0,159,338,50.4,1061,77.4,7.8,82.7,119,689,49.6,1043,41.2,867,27.1,48.8,210,1213,513,2103,33.2,42.7,24.1,410,65.0,48.0,197,24.4,100,23.9,98,3.7,15,,,,,,,,,,,5.0,4.0,26.0,15.4,2.0,4.0,50.0,10.0,14.0,71.4,26.0,30.0,86.7,25.0,28.0,89.3,1.2,-0.8,-0.3,0.1,33.4,84.0,4.19,29.7
"Schanuel, Nolan",694384,2024,519,607,130,98,19,0,13,103,68,17.0,11.2,0.25,0.362,0.343,0.705,0.253,0.361,0.315,0.322,0.348,0.107,0.324,0.333,0.307,0.314,-0.003,0.001,-0.007,65.2,2.6,5.6,4.9,36.6,31.8,6.6,13.0,9.1,1.0,46.4,39.2,86.1,10.3,36.4,15,3.5,4.0,30.8,24.2,33.3,3.8,25.4,95.305191333,91.662606993,62.1,10.0,21.5,27.3,72.7,69,253,50.0,1177,72.4,7.9,90.0,73,732,50.0,1179,42.5,1001,14.4,41.8,328,1412,466,2356,39.2,37.8,23.0,426,62.4,46.2,197,22.5,96,27.7,118,3.5,15,,,,,,,,,,,,,,,,,,,,,,,,,,,,,,,,,4.47,26.4
"Langford, Wyatt",694671,2024,499,557,126,81,25,4,16,115,51,20.6,9.2,0.253,0.415,0.325,0.74,0.252,0.435,0.321,0.332,0.326,0.183,0.367,0.383,0.326,0.326,0.001,-0.02,-0.011,74.5,48.2,18.4,14.2,31.7,24.4,7.0,8.0,11.2,-4.4,55.7,31.0,89.6,16.6,31.3,36,9.3,6.5,23.0,27.9,28.4,4.1,43.4,101.211098854,94.807365599,64.3,16.8,23.0,38.5,61.5,104,270,52.0,1173,71.7,8.3,83.2,117,696,48.0,1083,42.2,951,22.9,42.8,258,1264,560,2256,44.7,33.3,22.0,387,60.7,40.1,155,28.9,112,22.0,85,9.0,35,,,,,,,,,,,3.0,1.0,25.0,4.0,3.0,6.0,50.0,11.0,11.0,100.0,9.0,10.0,90.0,21.0,23.0,91.3,0.6,1.3,-0.2,1.7,34.9,63.0,4.25,29.8
"Young, Jacob",696285,2024,468,521,120,92,24,1,3,102,30,19.6,5.8,0.256,0.331,0.316,0.647,0.254,0.323,0.29,0.291,0.315,0.069,0.323,0.326,0.326,0.324,0.002,0.008,-0.001,68.2,1.4,8.9,7.4,35.7,29.4,6.9,20.0,6.6,5.5,51.3,31.0,85.8,4.0,28.1,6,1.6,2.9,25.7,16.7,39.0,13.0,28.9,96.872142235,92.486924676,60.3,12.1,27.8,36.6,63.4,94,257,47.4,926,72.8,7.7,87.9,75,620,52.6,1029,43.8,857,19.3,44.9,185,1127,455,1955,27.3,35.8,36.9,377,64.7,56.5,213,15.4,58,23.1,87,5.0,19,,,,,,,,,,,20.0,10.0,26.0,38.5,8.0,9.0,88.9,12.0,14.0,85.7,22.0,25.0,88.0,31.0,31.0,100.0,4.2,1.5,-2.7,3.1,38.0,74.0,4.2,29.7
"Merrill, Jackson",701538,2024,554,593,162,101,31,6,24,101,29,17.0,4.9,0.292,0.5,0.326,0.826,0.3,0.547,0.352,0.375,0.334,0.248,0.408,0.438,0.354,0.364,-0.008,-0.047,-0.023,72.2,21.6,15.1,12.3,30.6,24.9,7.5,27.0,6.2,0.8,41.9,37.4,90.4,14.6,39.6,52,11.3,7.8,25.3,26.4,26.2,3.0,43.9,100.811784978,94.735707484,80.0,13.8,34.4,35.5,64.5,137,386,50.7,1122,90.3,7.9,86.2,121,874,49.3,1092,42.1,931,20.5,56.9,328,1252,484,2214,32.3,41.8,26.0,462,65.5,36.8,170,33.1,153,26.0,120,4.1,19,,,,,,,,,,,12.0,5.0,24.0,20.8,4.0,6.0,66.7,11.0,12.0,91.7,20.0,22.0,90.9,35.0,36.0,97.2,1.7,1.1,-1.2,1.6,35.8,,4.25,28.5
"McCutchen, Andrew",457705,2025,477,551,114,79,22,0,13,118,67,21.4,12.2,0.239,0.367,0.333,0.7,0.258,0.415,0.309,0.333,0.35,0.157,0.342,0.379,0.315,0.34,-0.019,-0.048,-0.024,71.1,12.0,14.2,10.8,31.8,24.1,7.7,22.0,14.5,-0.8,53.2,34.5,89.5,14.5,34.5,30,8.3,6.6,28.5,23.5,29.0,3.3,42.5,100.124243278,94.328514568,69.0,19.5,20.7,50.0,50.0,114,228,48.6,1101,87.9,6.9,80.5,157,805,51.4,1166,43.8,992,26.2,45.6,212,1249,603,2267,46.7,33.1,20.2,362,58.3,42.3,153,27.1,98,22.7,82,8.0,29,,,,,,,,,,,,,,,,,,,,,,,,,,,,,,,,,4.57,27.1
"Goldschmidt, Paul",502671,2025,489,534,134,92,31,1,10,100,36,18.7,6.7,0.274,0.403,0.328,0.731,0.266,0.45,0.316,0.329,0.321,0.184,0.363,0.381,0.343,0.333,0.008,-0.047,-0.013,72.6,21.9,15.7,12.8,34.0,27.7,7.6,9.0,9.7,2.4,51.4,31.9,90.4,15.9,36.1,31,7.9,7.7,26.3,27.1,28.4,2.0,43.7,100.708316256,94.748625913,66.3,16.4,27.3,31.6,68.4,86,272,47.6,995,70.7,9.0,83.6,119,727,52.4,1097,40.8,854,20.5,47.8,258,1172,461,2092,37.1,32.5,30.4,391,64.7,38.9,152,29.7,116,25.8,101,5.6,22,,,,,,,,,,,,,,,,,,,,,,,,,,,,,,,,,4.66,26.1
"Altuve, Jose",514888,2025,588,654,156,105,24,1,26,109,55,16.7,8.4,0.265,0.442,0.329,0.771,0.237,0.384,0.331,0.3,0.305,0.147,0.365,0.323,0.322,0.289,0.028,0.058,0.031,69.7,11.0,10.2,8.3,31.7,25.7,7.6,12.0,15.3,-5.7,55.3,28.8,85.1,17.7,29.8,30,6.2,4.5,21.2,29.2,29.4,9.3,30.9,97.313797857,92.666821705,63.5,13.4,38.9,30.4,69.6,150,494,54.9,1270,66.0,6.1,86.6,89,663,45.1,1044,43.1,997,20.7,50.0,297,1219,557,2314,52.5,31.3,16.3,486,66.5,43.2,210,25.1,122,19.8,96,11.9,58,,,,,,,,,,,-5.0,0.0,8.0,0.0,0.0,0.0,,0.0,2.0,0.0,4.0,9.0,44.4,4.0,4.0,100.0,-0.7,-3.0,0.3,-3.5,29.2,20.0,4.44,26.9
"Freeman, Freddie",518692,2025,556,627,164,99,39,2,24,128,60,20.4,9.6,0.295,0.502,0.367,0.869,0.268,0.467,0.37,0.35,0.345,0.2,0.435,0.407,0.379,0.347,0.027,0.035,0.02,69.9,8.4,15.6,11.8,35.3,26.6,6.9,13.0,10.7,1.0,46.4,43.1,90.9,14.3,36.7,45,10.4,6.0,30.9,23.6,25.6,3.2,45.7,100.776056343,94.869970093,76.1,21.4,28.4,42.4,57.6,146,344,50.8,1210,85.2,7.1,78.6,191,892,49.2,1172,41.8,996,27.3,51.9,367,1276,586,2382,43.4,31.2,25.4,433,60.0,41.6,180,29.1,126,25.4,110,3.9,17,,,,,,,,,,,,,,,,,,,,,,,,,,,,,,,,,4.69,25.6
"Perez, Salvador",521692,2025,597,641,141,76,35,0,30,125,28,19.5,4.4,0.236,0.446,0.284,0.73,0.269,0.534,0.311,0.357,0.314,0.266,0.364,0.426,0.298,0.339,-0.033,-0.088,-0.046,72.9,30.5,17.5,13.1,32.5,24.4,7.9,22.0,12.4,-5.3,56.3,34.2,90.0,18.1,35.7,70,14.8,7.4,20.9,27.5,26.0,3.4,46.7,102.06590789,95.318358013,74.8,17.3,42.4,41.6,58.4,214,515,53.6,1216,75.0,7.6,82.7,136,786,46.4,1051,41.0,930,26.9,57.4,275,1153,559,2267,45.9,33.2,20.9,473,65.7,35.1,166,32.6,154,23.3,110,9.1,43,17.0,1.93,1.94,1.93,3.0,1.73,2.08,1.55,0.63,78.6,,,,,,,,,,,,,,,,,,,,,,,4.94,24.4
"Ozuna, Marcell",542303,2025,487,592,113,73,19,0,21,144,94,24.3,15.9,0.232,0.4,0.355,0.755,0.239,0.448,0.334,0.354,0.362,0.209,0.374,0.407,0.323,0.335,-0.007,-0.048,-0.02,72.9,31.6,14.6,10.9,31.8,23.7,7.2,3.0,13.9,-0.9,53.0,36.8,89.9,14.1,35.1,40,11.4,9.7,22.3,24.3,28.9,2.9,44.6,101.322693218,94.957629109,57.9,18.9,22.3,42.3,57.7,129,305,51.9,1368,71.6,6.4,81.1,139,734,48.1,1268,42.3,1114,25.8,39.4,349,1403,631,2635,42.9,34.3,22.9,350,59.4,40.3,141,32.6,114,22.3,78,4.9,17,,,,,,,,,,,,,,,,,,,,,,,,,,,,,,,,,4.83,25.3
"Semien, Marcus",543760,2025,470,534,108,76,16,1,15,93,50,17.4,9.4,0.23,0.364,0.305,0.669,0.243,0.395,0.295,0.318,0.321,0.153,0.309,0.341,0.28,0.302,-0.013,-0.031,-0.023,68.4,5.3,11.9,9.4,36.2,28.6,7.7,24.0,15.8,-3.9,56.6,34.8,88.3,19.4,35.8,26,6.7,8.3,24.1,33.7,23.8,3.1,35.0,98.284177358,93.274231455,75.2,13.9,23.5,49.8,50.2,123,247,50.7,1053,90.6,7.7,86.1,107,769,49.3,1023,41.8,867,22.6,49.0,240,1179,476,2075,44.6,36.8,18.7,386,61.6,34.5,133,33.4,129,23.1,89,9.1,35,,,,,,,,,,,,,,,,,,,,,,,,,,,,,,,,2.0,4.4,28.5
"Springer, George",543807,2025,498,586,154,94,27,1,32,111,69,18.9,11.8,0.309,0.56,0.399,0.959,0.291,0.571,0.408,0.404,0.384,0.28,0.469,0.464,0.394,0.372,0.018,-0.011,0.004,73.7,40.2,18.4,13.8,32.6,24.5,7.5,13.0,13.2,-0.4,58.0,35.2,90.0,17.2,41.2,63,16.1,6.4,23.5,23.8,24.0,5.9,47.6,102.436288051,95.608566256,71.0,20.1,20.4,47.6,52.4,110,231,49.0,1131,86.7,8.5,79.6,168,835,51.0,1176,43.1,994,26.1,46.2,363,1250,509,2307,39.9,36.6,23.5,391,59.5,37.9,148,28.4,111,25.6,100,8.4,33,,,,,,,,,,,-6.0,0.0,7.0,0.0,0.0,2.0,0.0,2.0,4.0,50.0,3.0,6.0,50.0,8.0,8.0,100.0,-0.6,-2.1,-0.7,-3.5,29.2,,4.49,28.0
"Trout, Mike",545361,2025,456,556,106,65,14,1,26,178,87,32.0,15.6,0.232,0.439,0.359,0.798,0.236,0.474,0.343,0.358,0.364,0.239,0.456,0.486,0.373,0.384,-0.004,-0.035,-0.015,74.0,40.1,16.4,11.8,27.4,19.7,7.5,25.0,7.6,0.2,44.8,36.4,90.9,17.5,44.4,45,15.8,8.5,25.4,23.6,20.4,6.0,49.3,103.439903451,96.179463887,55.9,20.7,20.7,56.2,43.8,141,251,48.8,1211,66.5,7.8,79.3,147,711,51.2,1271,45.3,1124,29.9,38.8,207,1640,427,2482,37.7,34.2,28.2,284,51.9,34.2,97,30.3,86,28.2,80,7.4,21,,,,,,,,,,,-2.0,0.0,4.0,0.0,0.0,1.0,0.0,2.0,2.0,100.0,3.0,3.0,100.0,1.0,1.0,100.0,-1.5,0.4,0.4,-0.1,32.1,,4.5,27.9
"Harper, Bryce",547180,2025,501,580,131,72,32,0,27,121,70,20.9,12.1,0.261,0.487,0.357,0.844,0.268,0.492,0.361,0.368,0.364,0.224,0.414,0.424,0.342,0.353,-0.007,-0.005,-0.007,74.2,44.3,18.4,13.1,30.1,21.4,7.3,15.0,11.6,-2.2,46.2,35.5,91.3,11.6,37.6,47,12.3,7.6,23.2,21.9,31.9,3.1,47.5,102.783123874,95.800004672,78.9,19.1,35.6,50.2,49.8,221,440,57.0,1237,86.0,6.3,80.9,141,738,43.0,935,39.3,853,30.7,54.2,261,1019,691,2172,36.3,37.1,26.6,383,64.5,43.6,167,28.5,109,25.6,98,2.3,9,,,,,,,,,,,,,,,,,,,,,,,,,,,,,,,,,4.49,27.0
"Suárez, Eugenio",553993,2025,588,657,134,57,28,0,49,196,46,29.8,7.0,0.228,0.526,0.298,0.824,0.211,0.463,0.347,0.32,0.285,0.252,0.464,0.42,0.336,0.314,0.017,0.063,0.027,72.3,26.5,15.4,10.8,31.6,22.1,7.8,57.0,18.5,-5.5,44.4,38.7,90.2,21.9,32.8,57,14.3,8.0,16.3,35.1,22.6,3.8,47.6,101.4773033,95.099828471,69.4,21.2,31.0,60.8,39.2,244,401,49.6,1292,76.1,7.1,78.8,194,913,50.4,1315,43.8,1143,33.3,50.4,277,1407,668,2606,47.4,34.8,17.8,399,64.0,32.1,128,40.9,163,18.5,74,8.5,34,,,,,,,,,,,,,,,,,,,,,,,,,,,,,,,,,4.69,26.4
"Walker, Christian",572233,2025,585,640,139,87,24,1,27,177,40,27.7,6.3,0.238,0.421,0.297,0.718,0.233,0.435,0.31,0.314,0.294,0.203,0.397,0.403,0.337,0.332,0.005,-0.014,-0.004,74.1,41.9,16.4,11.9,28.9,21.0,7.5,54.0,9.1,-4.6,51.3,29.4,90.9,16.9,34.5,53,12.9,5.3,22.1,29.6,26.5,3.6,46.1,102.499785971,95.668558155,75.8,21.3,28.1,56.2,43.8,196,349,49.4,1242,84.2,7.0,78.7,205,964,50.6,1272,43.5,1094,30.5,52.2,242,1485,604,2513,42.2,35.2,22.6,412,61.3,37.4,154,29.4,121,24.3,100,9.0,37,,,,,,,,,,,,,,,,,,,,,,,,,,,,,,,,,4.68,26.2
"Yastrzemski, Mike",573262,2025,477,558,111,65,28,1,17,108,72,19.4,12.9,0.233,0.403,0.333,0.736,0.237,0.419,0.321,0.329,0.338,0.182,0.344,0.357,0.297,0.304,-0.004,-0.016,-0.008,71.2,9.7,13.7,11.5,34.7,29.0,7.5,15.0,10.9,-2.7,66.9,30.4,90.8,20.4,35.6,32,8.5,9.0,22.6,33.5,22.1,3.7,42.6,99.919347541,94.459655315,61.2,14.1,22.0,32.8,67.2,82,250,49.4,1138,67.6,7.5,85.9,101,714,50.6,1167,42.8,987,19.0,41.8,303,1392,478,2305,39.6,34.3,26.1,376,55.5,32.7,123,33.5,126,24.5,92,9.3,35,,,,,,,,,,,-3.0,0.0,20.0,0.0,1.0,4.0,25.0,5.0,10.0,50.0,18.0,20.0,90.0,20.0,24.0,83.3,-0.3,1.1,0.4,1.2,35.0,,4.39,26.9
"Contreras, Willson",575929,2025,490,563,126,74,31,1,20,142,44,25.2,7.8,0.257,0.447,0.344,0.791,0.257,0.488,0.344,0.358,0.344,0.231,0.416,0.439,0.358,0.359,0.0,-0.041,-0.014,76.0,62.1,18.3,13.2,29.1,21.0,8.0,14.0,9.4,-1.8,47.3,32.8,90.6,12.3,37.1,49,13.9,7.1,22.9,21.8,29.5,4.2,49.0,103.153936457,96.033080457,66.3,19.5,30.1,50.3,49.7,161,320,49.2,1062,81.2,7.1,80.5,142,728,50.8,1098,44.0,951,28.9,48.5,250,1187,515,2160,37.7,38.0,24.4,353,62.7,41.9,148,28.0,99,25.8,91,4.2,15,,,,,,,,,,,,,,,,,,,,,,,,,,,,,,,,,4.51,27.5
"Castellanos, Nick",592206,2025,547,589,137,91,27,2,17,133,32,22.6,5.4,0.25,0.4,0.294,0.694,0.242,0.408,0.3,0.302,0.29,0.165,0.362,0.364,0.326,0.32,0.008,-0.008,-0.002,70.5,16.9,11.9,8.5,32.2,22.9,7.7,17.0,15.1,-4.5,47.0,40.0,87.8,15.2,39.0,32,7.6,6.9,26.4,27.6,27.6,3.3,34.5,98.623467608,93.407329952,80.0,18.1,40.9,49.4,50.6,237,480,54.2,1173,90.2,5.7,81.9,144,794,45.8,993,41.1,891,29.9,58.8,275,970,678,2166,40.5,36.2,23.3,420,70.6,38.8,163,31.0,130,26.7,112,3.6,15,,,,,,,,,,,-12.0,0.0,29.0,0.0,0.0,1.0,0.0,2.0,10.0,20.0,14.0,20.0,70.0,31.0,34.0,91.2,0.0,-2.0,-0.4,-2.4,31.0,,4.42,27.7
"Judge, Aaron",592450,2025,541,679,179,94,30,2,53,160,124,23.6,18.3,0.331,0.688,0.457,1.145,0.3,0.708,0.463,0.46,0.434,0.409,0.597,0.592,0.461,0.422,0.031,-0.02,0.003,77.0,71.6,25.1,16.9,34.2,23.1,8.1,35.0,14.1,-6.0,50.8,38.4,95.4,19.0,39.4,96,24.7,9.0,20.9,22.9,20.6,1.5,58.2,106.838113247,98.650676124,67.0,24.7,22.5,61.1,38.9,190,311,52.5,1381,78.6,6.4,75.3,207,838,47.5,1250,43.1,1134,34.6,43.7,399,1267,689,2631,36.3,37.1,26.5,388,56.9,33.5,130,38.4,149,22.4,87,5.7,22,,,,,,,,,,,4.0,2.0,11.0,18.2,0.0,4.0,0.0,11.0,15.0,73.3,17.0,19.0,89.5,22.0,22.0,100.0,-0.1,-0.1,-0.1,-0.4,32.5,,4.73,27.1
"Machado, Manny",592518,2025,615,678,169,109,33,0,27,131,55,19.3,8.1,0.275,0.46,0.335,0.795,0.271,0.495,0.341,0.355,0.334,0.224,0.394,0.413,0.346,0.344,0.004,-0.035,-0.014,74.5,43.0,22.0,16.5,35.4,26.6,7.8,20.0,7.6,-0.3,54.6,26.5,92.9,14.3,34.8,63,12.9,7.8,23.3,24.9,29.4,1.6,51.5,103.43453,96.416401779,70.0,18.6,29.9,43.7,56.3,172,394,49.8,1318,81.0,8.5,81.4,173,930,50.2,1329,43.3,1145,26.1,50.0,330,1446,619,2647,35.6,39.3,25.2,489,63.5,38.9,190,29.2,143,24.9,122,7.0,34,,,,,,,,,,,,,,,,,,,,,,,,,,,,,,,,,4.67,25.8
"Realmuto, J.T.",592663,2025,502,550,129,90,26,1,12,129,35,23.5,6.4,0.257,0.384,0.315,0.699,0.253,0.411,0.307,0.316,0.313,0.158,0.367,0.381,0.343,0.34,0.004,-0.027,-0.009,72.0,26.3,15.0,11.5,30.4,23.4,7.5,16.0,12.4,1.0,52.8,34.2,90.0,11.1,36.7,33,8.8,6.1,26.9,22.9,32.7,2.7,45.5,101.254721596,94.894975239,65.6,14.6,32.3,43.2,56.8,156,361,50.9,1118,71.1,7.6,85.4,103,707,49.1,1078,41.5,912,24.3,48.6,292,1171,583,2196,38.8,35.6,25.5,376,57.5,44.7,168,23.7,89,25.8,97,5.9,22,50.0,1.86,1.86,1.84,5.0,1.42,1.44,1.41,0.6,85.2,,,,,,,,,,,,,,,,,,,,,,,4.38,28.4
"Yelich, Christian",592885,2025,573,644,151,101,21,0,29,167,64,25.9,9.9,0.264,0.452,0.343,0.795,0.245,0.439,0.343,0.33,0.327,0.194,0.429,0.409,0.371,0.345,0.019,0.013,0.013,73.4,35.6,18.3,13.2,32.4,23.3,7.5,23.0,9.7,7.0,44.4,36.3,90.2,1.9,31.2,42,10.3,6.1,22.1,12.3,45.0,3.9,46.4,102.370284187,95.465991975,66.7,18.4,25.7,55.8,44.2,191,342,51.2,1332,74.9,7.2,81.6,156,846,48.8,1269,41.5,1080,29.2,45.7,253,1504,638,2601,33.4,38.8,27.8,407,65.0,56.8,231,17.2,70,22.9,93,3.2,13,,,,,,,,,,,-3.0,0.0,3.0,0.0,0.0,1.0,0.0,0.0,1.0,0.0,3.0,4.0,75.0,3.0,4.0,75.0,0.3,-1.8,-1.3,-2.9,29.9,5.0,4.37,28.2
"Bogaerts, Xander",593428,2025,491,552,129,88,30,0,11,94,48,17.0,8.7,0.263,0.391,0.328,0.719,0.267,0.413,0.313,0.327,0.336,0.146,0.34,0.359,0.319,0.329,-0.004,-0.022,-0.014,72.2,26.0,15.7,12.6,36.3,29.0,7.3,16.0,10.2,-6.9,52.5,31.0,89.0,11.1,36.7,28,6.9,7.1,29.1,21.7,30.8,3.7,39.2,100.19021209,94.233073607,58.8,14.5,23.6,39.3,60.7,94,239,48.2,1012,63.8,7.2,85.5,93,640,51.8,1088,41.7,876,21.3,41.9,271,1165,477,2100,42.4,37.4,20.2,406,60.5,43.8,178,23.2,94,26.8,109,6.2,25,,,,,,,,,,,,,,,,,,,,,,,,,,,,,,,,,4.37,27.6
"Polanco, Jorge",593871,2025,471,524,125,69,30,0,26,82,42,15.6,8.0,0.265,0.495,0.326,0.821,0.266,0.464,0.35,0.343,0.329,0.198,0.384,0.375,0.317,0.321,-0.001,0.031,0.007,71.2,14.5,18.6,14.8,39.1,31.0,7.2,24.0,9.5,-10.6,56.6,30.5,90.8,16.7,34.3,41,10.3,7.6,22.4,29.0,27.2,3.5,45.8,101.532444745,95.138197245,66.9,14.0,26.9,45.0,55.0,126,280,51.5,1041,76.0,7.6,86.0,92,657,48.5,982,40.9,828,23.3,46.3,476,924,477,2023,48.4,31.2,20.4,397,58.5,38.0,151,28.7,114,22.7,90,10.6,42,,,,,,,,,,,,,,,,,,,,,,,,,,,,,,,,,4.35,27.1
"Lindor, Francisco",596019,2025,644,732,172,106,35,0,31,131,65,17.9,8.9,0.267,0.466,0.346,0.812,0.26,0.454,0.35,0.345,0.342,0.194,0.386,0.379,0.331,0.325,0.007,0.012,0.005,71.0,16.4,13.9,11.1,33.8,26.9,7.5,14.0,11.1,-1.6,51.1,33.8,90.5,15.1,34.6,46,8.8,7.1,25.2,27.9,25.4,5.0,44.4,100.755824319,94.874493626,67.3,15.3,26.7,35.8,64.2,136,380,48.4,1423,73.5,8.3,84.7,156,1021,51.6,1517,43.1,1266,20.8,47.7,521,1612,650,2940,42.1,35.4,22.5,520,61.1,39.0,203,27.5,143,25.0,130,8.5,44,,,,,,,,,,,,,,,,,,,,,,,,,,,,,,,,1.0,4.4,27.4
"Story, Trevor",596115,2025,612,654,161,107,29,0,25,176,33,26.9,5.0,0.263,0.433,0.308,0.741,0.249,0.421,0.32,0.311,0.296,0.173,0.416,0.404,0.368,0.351,0.014,0.012,0.009,71.1,14.2,16.4,11.6,31.2,22.0,7.4,20.0,10.5,-4.5,46.2,29.4,91.4,14.2,32.6,43,9.8,7.5,25.6,25.6,27.6,2.7,47.0,102.418939954,95.643419306,72.3,17.9,35.3,54.3,45.7,229,422,48.4,1197,78.9,8.5,82.1,165,922,51.6,1275,41.5,1026,29.3,54.4,263,1325,629,2472,37.4,34.7,27.9,438,64.2,43.6,191,27.4,120,20.5,90,8.4,37,,,,,,,,,,,,,,,,,,,,,,,,,,,,,,,,1.0,4.37,28.6
"Bell, Josh",605137,2025,468,533,111,72,16,1,22,88,57,16.5,10.7,0.237,0.417,0.325,0.742,0.256,0.485,0.324,0.359,0.345,0.229,0.339,0.389,0.29,0.318,-0.019,-0.068,-0.035,73.1,34.9,18.6,14.6,34.4,27.0,8.0,12.0,10.1,-2.9,58.0,33.7,90.4,10.4,33.4,46,12.0,7.8,20.6,22.2,31.1,5.2,47.0,102.549856474,95.682677968,68.9,16.2,26.8,41.0,59.0,120,293,52.1,1095,77.3,7.1,83.8,112,693,47.9,1006,43.7,919,23.6,47.0,472,1087,435,2102,41.5,31.9,26.6,383,62.7,46.0,176,27.9,107,20.6,79,5.5,21,,,,,,,,,,,,,,,,,,,,,,,,,,,,,,,,,4.74,25.2
"Betts, Mookie",605141,2025,589,663,152,107,23,2,20,68,61,10.3,9.2,0.258,0.406,0.326,0.732,0.267,0.422,0.318,0.33,0.335,0.156,0.315,0.33,0.286,0.298,-0.009,-0.016,-0.012,69.0,8.0,13.4,11.7,47.1,41.3,7.0,30.0,9.2,-5.5,55.7,34.6,89.1,18.0,37.7,29,5.5,7.2,26.9,33.7,24.9,1.9,35.8,98.069345714,93.262709925,59.9,7.6,21.6,37.7,62.3,98,260,48.9,1202,75.7,8.2,92.4,57,753,51.1,1258,43.1,1061,15.3,41.2,246,1465,551,2460,42.9,35.6,21.5,531,59.3,32.8,174,34.5,183,26.7,142,6.0,32,,,,,,,,,,,,,,,,,,,,,,,,,,,,,,,,,4.49,26.9
"Hernández, Teoscar",606192,2025,511,546,126,71,29,1,25,134,26,24.5,4.8,0.247,0.454,0.284,0.738,0.25,0.455,0.315,0.323,0.291,0.206,0.397,0.408,0.33,0.339,-0.003,-0.001,-0.008,72.9,31.0,18.5,12.9,34.7,24.2,7.8,26.0,10.4,-0.1,54.4,31.9,90.2,9.9,34.0,44,11.5,8.4,20.9,20.9,35.3,2.9,46.1,101.752887801,95.144195209,68.5,22.8,30.0,55.5,44.5,167,301,47.0,1005,77.8,8.8,77.2,177,777,53.0,1134,43.4,928,31.9,50.4,240,1138,547,2139,35.9,37.7,26.4,382,62.8,45.3,173,27.7,106,23.0,88,3.9,15,,,,,,,,,,,-9.0,0.0,28.0,0.0,0.0,7.0,0.0,4.0,10.0,40.0,21.0,22.0,95.5,23.0,26.0,88.5,-0.5,-0.6,0.8,-0.3,32.9,1.0,4.43,28.1
"Marte, Ketel",606466,2025,480,556,136,80,28,0,28,83,64,14.9,11.5,0.283,0.517,0.376,0.893,0.285,0.534,0.381,0.39,0.379,0.249,0.407,0.42,0.34,0.345,-0.002,-0.017,-0.009,74.6,45.5,19.3,15.2,35.6,28.0,7.8,14.0,10.1,-7.2,61.5,32.0,90.8,14.8,33.0,54,13.5,4.8,22.5,25.0,29.0,4.8,47.0,102.65931603,95.815528287,67.3,15.8,24.7,39.8,60.2,106,266,51.5,1078,80.9,7.3,84.2,108,684,48.5,1017,44.2,925,22.5,45.3,474,978,504,2095,47.3,34.0,18.8,400,57.2,40.8,163,28.2,113,21.8,87,9.3,37,,,,,,,,,,,,,,,,,,,,,,,,,,,,,,,,,4.48,26.6
"Nimmo, Brandon",607043,2025,587,652,154,102,27,0,25,141,50,21.6,7.7,0.262,0.436,0.324,0.76,0.252,0.419,0.329,0.321,0.317,0.167,0.386,0.374,0.34,0.329,0.01,0.017,0.008,72.3,26.5,19.2,14.8,34.4,26.5,7.2,22.0,6.6,2.1,47.9,29.1,91.9,11.2,29.7,40,8.8,8.4,23.1,22.5,35.0,2.2,50.2,102.56356141,95.897196556,66.2,17.2,24.2,45.3,54.7,130,287,45.5,1184,75.7,8.4,82.8,162,940,54.5,1419,43.3,1127,23.8,47.2,248,1502,679,2602,35.2,35.5,29.3,454,61.0,46.0,209,23.6,107,23.1,105,7.3,33,,,,,,,,,,,-1.0,1.0,24.0,4.2,2.0,4.0,50.0,6.0,11.0,54.5,14.0,20.0,70.0,27.0,27.0,100.0,-0.3,-0.4,0.4,-0.3,32.9,,4.33,27.3
"Turner, Trea",607208,2025,589,639,179,126,31,7,15,107,43,16.7,6.7,0.304,0.457,0.355,0.812,0.27,0.41,0.352,0.321,0.324,0.14,0.396,0.356,0.37,0.329,0.034,0.047,0.031,71.2,17.8,14.6,11.2,33.5,25.7,7.6,18.0,8.1,-3.0,60.0,27.9,89.3,9.1,34.7,28,5.8,5.6,27.1,22.3,35.7,3.5,42.1,100.109582645,94.284521756,72.8,13.9,31.0,49.1,50.9,188,383,51.2,1234,83.1,8.1,86.1,119,855,48.8,1174,41.9,1008,24.8,51.4,304,1245,642,2407,38.6,37.4,24.0,484,63.6,48.3,234,23.1,112,24.2,117,4.3,21,,,,,,,,,,,,,,,,,,,,,,,,,,,,,,,,117.0,4.22,30.3
"Ramírez, José",608070,2025,593,673,168,101,34,3,30,74,66,11.0,9.8,0.283,0.503,0.36,0.863,0.284,0.446,0.359,0.342,0.362,0.162,0.376,0.355,0.32,0.323,-0.001,0.057,0.017,70.9,16.2,13.2,11.4,34.6,30.1,7.2,18.0,8.9,-9.4,60.7,29.8,88.9,19.2,36.4,37,7.0,5.7,25.9,33.5,23.8,3.8,37.0,99.107451103,93.765336362,66.0,9.0,28.9,27.5,72.5,110,400,51.9,1383,73.6,7.8,91.0,76,847,48.1,1284,41.4,1103,14.9,46.8,637,1291,583,2666,51.6,30.1,18.3,525,56.6,33.3,175,29.9,157,25.5,134,11.2,59,,,,,,,,,,,,,,,,,,,,,,,,,,,,,,,,7.0,4.29,28.4
"Swanson, Dansby",621020,2025,590,645,144,93,24,3,24,168,47,26.0,7.3,0.244,0.417,0.3,0.717,0.267,0.477,0.31,0.345,0.323,0.21,0.388,0.442,0.337,0.373,-0.023,-0.06,-0.035,70.9,5.7,17.0,12.2,35.6,25.7,7.4,29.0,15.6,-1.5,59.4,34.6,90.5,13.3,36.9,50,11.7,7.7,27.6,20.8,28.7,3.3,47.8,101.168222972,95.031771415,73.7,22.5,25.2,55.7,44.3,171,307,48.3,1217,82.2,8.3,77.5,216,960,51.7,1303,42.8,1079,30.5,50.3,299,1227,737,2521,42.3,40.0,17.8,428,61.6,42.3,181,27.3,117,24.5,105,5.8,25,,,,,,,,,,,,,,,,,,,,,,,,,,,,,,,,3.0,4.3,28.5
"Correa, Carlos",621043,2025,537,584,148,106,29,0,13,113,45,19.3,7.7,0.276,0.402,0.332,0.734,0.28,0.439,0.322,0.338,0.337,0.159,0.368,0.39,0.348,0.355,-0.004,-0.037,-0.016,73.8,37.9,18.3,14.5,31.5,24.9,7.2,15.0,7.7,-1.5,41.7,33.1,90.5,7.3,34.6,29,6.8,6.4,27.5,18.8,36.5,3.3,45.9,102.338902322,95.568245592,64.4,14.1,28.8,40.2,59.8,135,336,50.5,1167,72.7,8.6,85.9,104,737,49.5,1144,42.4,979,22.3,46.4,270,1353,537,2311,34.4,37.6,28.0,425,64.6,48.2,205,18.8,80,27.5,117,5.4,23,,,,,,,,,,,,,,,,,,,,,,,,,,,,,,,,,4.64,26.5
"Buxton, Byron",621439,2025,488,542,129,66,21,7,35,148,41,27.3,7.6,0.264,0.551,0.327,0.878,0.249,0.514,0.367,0.35,0.315,0.266,0.482,0.457,0.373,0.355,0.015,0.037,0.017,75.0,50.5,20.3,14.5,31.9,22.7,7.9,15.0,14.1,-6.2,57.9,34.0,92.5,17.7,32.9,61,17.6,6.1,22.0,26.6,24.6,2.9,53.8,103.649870983,96.632317826,74.1,20.4,29.4,58.9,41.1,176,299,50.1,1016,86.0,7.7,79.6,153,751,49.9,1013,41.9,850,31.3,51.8,299,1158,415,2028,48.8,33.2,17.9,346,67.0,36.7,127,34.7,120,21.4,74,7.2,25,,,,,,,,,,,3.0,1.0,18.0,5.6,2.0,6.0,33.3,7.0,12.0,58.3,19.0,21.0,90.5,21.0,21.0,100.0,-1.6,0.0,1.0,-0.6,34.8,56.0,4.13,30.2
"Ward, Taylor",621493,2025,579,663,132,63,31,2,36,175,75,26.4,11.3,0.228,0.475,0.317,0.792,0.231,0.45,0.339,0.333,0.32,0.219,0.417,0.407,0.322,0.328,-0.003,0.025,0.006,69.5,7.2,14.7,11.3,37.4,28.9,7.1,26.0,9.1,-2.9,55.5,32.1,90.1,18.0,34.9,56,13.7,7.1,22.4,30.7,22.9,3.2,42.7,100.944753902,94.843614171,53.7,13.5,20.7,52.0,48.0,146,281,48.7,1359,67.3,7.4,86.5,104,768,51.3,1429,44.5,1242,23.8,37.6,257,1505,713,2788,36.6,36.3,27.1,410,61.4,34.4,141,36.1,148,21.7,89,7.8,32,,,,,,,,,,,0.0,2.0,28.0,7.1,1.0,4.0,25.0,9.0,14.0,64.3,17.0,21.0,81.0,29.0,29.0,100.0,0.0,-0.4,0.1,-0.3,32.4,1.0,4.51,27.3
"Olson, Matt",621566,2025,624,724,170,98,41,2,29,176,91,24.3,12.6,0.272,0.484,0.366,0.85,0.249,0.492,0.366,0.36,0.347,0.244,0.442,0.432,0.375,0.344,0.023,-0.008,0.006,73.9,41.3,18.1,13.5,29.3,21.9,7.5,21.0,8.7,1.1,48.2,33.9,93.3,14.8,37.1,65,14.3,9.3,22.1,24.1,28.0,2.0,53.3,103.816455133,96.735765819,66.5,21.8,24.9,37.4,62.6,150,401,51.0,1612,75.3,7.4,78.2,225,1030,49.0,1550,43.8,1386,26.2,45.3,398,1741,779,3166,36.6,34.9,28.5,453,58.0,39.7,180,28.3,128,24.7,112,7.3,33,,,,,,,,,,,,,,,,,,,,,,,,,,,,,,,,,4.73,25.2
"Alonso, Pete",624413,2025,624,709,170,90,41,1,38,162,61,22.8,8.6,0.272,0.524,0.347,0.871,0.274,0.572,0.368,0.386,0.349,0.299,0.445,0.471,0.361,0.364,-0.002,-0.048,-0.018,75.3,53.4,22.7,17.2,33.6,25.4,7.1,15.0,10.1,1.1,59.8,33.8,93.5,15.4,38.4,89,18.9,7.9,20.4,23.6,26.3,2.8,54.4,105.076411532,97.45647,65.7,18.4,27.4,42.4,57.6,165,389,50.6,1421,76.2,6.9,81.6,168,911,49.4,1386,41.9,1177,25.6,46.3,270,1537,693,2807,39.3,31.6,29.1,471,59.3,37.8,178,29.9,141,25.5,120,6.8,32,,,,,,,,,,,,,,,,,,,,,,,,,,,,,,,,,4.8,25.3
"Cronenworth, Jake",630105,2025,419,515,103,71,20,1,11,107,69,20.8,13.4,0.246,0.377,0.367,0.744,0.225,0.353,0.333,0.319,0.352,0.128,0.35,0.328,0.323,0.299,0.021,0.024,0.014,70.9,15.5,11.9,9.7,30.2,24.6,7.0,9.0,7.4,-0.7,36.5,31.1,88.5,14.9,31.9,20,6.2,4.3,24.5,28.2,30.7,5.9,39.0,99.15448481,93.790989905,62.1,11.4,22.2,40.7,59.3,96,236,48.7,1063,68.4,8.0,88.6,79,696,51.3,1121,43.6,953,18.8,42.7,282,1341,435,2184,35.6,37.8,26.6,323,60.3,43.0,139,30.0,97,21.4,69,5.6,18,,,,,,,,,,,,,,,,,,,,,,,,,,,,,,,,,4.38,28.1
"Bellinger, Cody",641355,2025,588,656,160,101,25,5,29,90,57,13.7,8.7,0.272,0.48,0.334,0.814,0.254,0.43,0.347,0.327,0.32,0.176,0.37,0.343,0.316,0.298,0.018,0.05,0.02,70.1,6.5,12.6,10.4,33.9,28.1,7.8,10.0,12.9,-3.2,59.3,32.4,88.3,18.5,37.1,38,7.5,8.5,22.9,32.5,24.5,3.7,37.9,98.690370317,93.444149405,67.0,12.5,30.0,30.5,69.5,120,394,50.6,1312,77.7,7.1,87.5,107,859,49.4,1282,44.1,1144,18.1,48.3,426,1428,564,2594,42.4,31.8,25.8,507,60.0,32.9,167,35.7,181,24.3,123,7.1,36,,,,,,,,,,,7.0,2.0,27.0,7.4,3.0,8.0,37.5,15.0,22.0,68.2,26.0,28.0,92.9,17.0,17.0,100.0,-0.1,1.0,0.2,1.2,35.3,1.0,4.11,28.2
"Crawford, J.P.",641487,2025,570,654,151,115,24,0,12,122,74,18.7,11.3,0.265,0.37,0.352,0.722,0.266,0.386,0.322,0.329,0.354,0.12,0.347,0.357,0.336,0.339,-0.001,-0.016,-0.007,71.1,19.3,10.8,8.7,29.4,23.7,7.2,7.0,4.7,1.7,36.8,36.0,87.2,11.5,40.0,22,4.8,5.3,29.7,21.1,32.3,5.9,34.7,98.225449369,93.184882725,65.1,16.4,21.9,34.2,65.8,95,278,46.4,1267,76.7,9.0,83.6,156,953,53.6,1465,43.6,1190,20.4,45.1,309,1714,483,2731,33.6,34.1,32.3,455,56.8,44.4,202,23.1,105,27.3,124,5.3,24,,,,,,,,,,,,,,,,,,,,,,,,,,,,,,,,,4.54,26.7
"McMahon, Ryan",641857,2025,509,586,109,65,23,1,20,189,70,32.3,11.9,0.214,0.381,0.312,0.693,0.219,0.419,0.306,0.322,0.318,0.201,0.398,0.426,0.337,0.348,-0.005,-0.038,-0.016,74.0,40.1,17.0,11.4,31.3,21.0,7.4,28.0,13.1,0.9,47.5,38.8,93.3,13.9,35.3,39,12.1,7.4,25.4,22.3,28.2,4.3,50.5,102.856311911,96.350240575,64.7,25.2,25.0,62.3,37.7,190,305,48.8,1219,74.7,7.4,74.8,209,829,51.2,1281,45.2,1130,35.2,45.4,357,1446,542,2500,41.2,39.3,19.5,323,62.9,43.3,140,30.7,99,22.9,74,3.1,10,,,,,,,,,,,,,,,,,,,,,,,,,,,,,,,,,4.59,26.7
"Adames, Willy",642715,2025,591,686,133,79,22,2,30,179,80,26.1,11.7,0.225,0.421,0.318,0.739,0.224,0.435,0.321,0.327,0.319,0.211,0.384,0.395,0.316,0.317,0.001,-0.014,-0.006,72.1,19.8,11.8,8.7,29.2,21.4,8.1,14.0,18.4,-3.9,50.3,35.3,88.9,21.1,35.6,53,12.6,6.9,23.8,32.8,19.7,3.8,42.8,99.897786476,94.18327716,67.9,18.8,26.7,54.0,46.0,208,385,51.5,1440,77.6,7.0,81.2,173,921,48.5,1357,42.6,1191,29.2,46.7,296,1599,666,2797,44.2,31.8,24.0,421,59.2,31.8,134,36.3,153,22.3,94,9.5,40,,,,,,,,,,,,,,,,,,,,,,,,,,,,,,,,,4.48,28.0
"Albies, Ozzie",645277,2025,603,667,145,104,23,2,16,94,55,14.1,8.2,0.24,0.365,0.306,0.671,0.243,0.366,0.295,0.299,0.31,0.123,0.304,0.31,0.282,0.287,-0.003,-0.001,-0.004,69.0,7.0,8.1,6.6,35.0,28.4,7.2,17.0,12.7,-5.3,58.5,34.9,87.5,18.7,33.5,25,4.9,4.7,25.3,34.6,27.2,3.3,30.7,96.947639144,92.546234163,77.9,14.8,33.5,32.7,67.3,140,428,53.4,1279,87.9,7.2,85.2,129,871,46.6,1118,42.3,1013,20.8,54.1,469,1233,544,2402,48.8,33.7,17.5,514,59.4,37.2,191,28.4,146,23.5,121,10.9,56,,,,,,,,,,,,,,,,,,,,,,,,,,,,,,,,,4.25,27.2
"Devers, Rafael",646240,2025,607,729,153,85,33,0,35,192,112,26.3,15.4,0.252,0.479,0.372,0.851,0.244,0.487,0.365,0.367,0.368,0.242,0.448,0.452,0.365,0.358,0.008,-0.008,-0.002,71.6,19.8,17.9,12.3,31.5,21.7,7.6,28.0,10.0,4.5,59.5,29.9,93.5,12.6,34.6,67,16.0,6.4,22.7,22.9,29.8,1.9,56.1,104.005280383,97.028150813,70.1,28.6,25.5,39.2,60.8,157,401,51.3,1571,79.3,7.9,71.4,299,1044,48.7,1489,41.6,1273,31.6,47.2,430,1958,500,3060,35.8,37.9,26.3,419,61.2,42.7,179,30.1,126,22.9,96,4.3,18,,,,,,,,,,,,,,,,,,,,,,,,,,,,,,,,,4.62,25.0
"Naylor, Josh",647304,2025,543,604,160,110,29,1,20,83,48,13.7,7.9,0.295,0.462,0.353,0.815,0.271,0.436,0.351,0.335,0.335,0.166,0.378,0.357,0.344,0.321,0.024,0.026,0.016,71.0,17.9,16.3,13.0,39.2,31.2,7.6,21.0,7.5,-8.3,44.0,31.4,89.2,11.6,30.8,31,6.7,7.5,26.5,23.9,32.7,2.6,41.9,100.123963879,94.317973693,72.5,13.2,37.1,37.9,62.1,149,393,52.6,1059,80.8,7.7,86.8,91,692,47.4,954,41.1,827,22.1,53.9,347,948,543,2013,42.2,39.6,18.3,465,63.0,45.8,213,26.0,121,23.0,107,5.2,24,,,,,,,,,,,,,,,,,,,,,,,,,,,,,,,,,4.86,24.4
"Arraez, Luis",650333,2025,620,675,181,139,30,4,8,21,34,3.1,5.0,0.292,0.392,0.327,0.719,0.287,0.363,0.313,0.303,0.324,0.076,0.302,0.29,0.299,0.295,0.005,0.029,0.01,62.6,0.4,2.2,2.1,45.0,42.6,5.9,8.0,5.6,4.6,40.2,37.4,86.1,12.2,37.1,7,1.1,1.9,27.5,30.4,33.7,4.7,16.7,93.590259064,90.800701323,62.7,4.2,34.1,7.7,92.3,30,390,46.4,1144,69.1,9.0,95.8,35,829,53.6,1323,41.9,1034,5.3,49.4,225,1626,455,2467,29.4,32.4,38.2,618,62.4,45.1,279,22.5,139,28.0,173,4.4,27,,,,,,,,,,,,,,,,,,,,,,,,,,,,,,,,,4.48,26.5
"Torres, Gleyber",650402,2025,532,628,136,98,22,0,16,101,85,16.1,13.5,0.256,0.387,0.358,0.745,0.269,0.462,0.332,0.363,0.372,0.193,0.335,0.38,0.311,0.329,-0.013,-0.075,-0.031,70.2,11.8,14.5,11.8,35.9,29.2,7.2,17.0,9.3,4.2,56.5,34.1,90.0,14.3,38.6,36,8.2,8.2,26.5,27.4,28.1,1.4,39.0,99.951681689,94.284674897,64.8,14.9,17.1,36.8,63.2,84,228,50.3,1335,81.7,7.8,85.1,127,853,49.7,1317,43.8,1161,19.5,40.8,265,1465,645,2652,31.1,39.0,29.9,438,58.1,38.4,168,30.6,134,26.0,114,5.0,22,,,,,,,,,,,,,,,,,,,,,,,,,,,,,,,,,4.69,26.2
"Díaz, Yandy",650490,2025,583,651,175,120,29,1,25,92,57,14.1,8.8,0.3,0.482,0.366,0.848,0.285,0.459,0.364,0.353,0.355,0.174,0.393,0.378,0.353,0.339,0.015,0.023,0.011,73.6,35.3,23.8,19.7,36.4,30.1,7.6,9.0,2.9,7.0,35.3,24.4,93.0,5.0,29.2,41,8.3,7.9,24.6,16.9,39.7,1.8,52.5,104.837007886,97.11235376,63.7,13.1,23.9,31.0,69.0,91,294,48.7,1228,78.4,7.9,86.9,108,823,51.3,1293,43.1,1086,17.9,44.4,273,1543,481,2525,25.0,41.7,33.3,496,54.4,54.0,268,20.0,99,22.4,111,3.6,18,,,,,,,,,,,,,,,,,,,,,,,,,,,,,,,,,4.61,26.1
"Rengifo, Luis",650859,2025,501,541,119,91,16,3,9,104,33,19.2,6.1,0.238,0.335,0.287,0.622,0.26,0.375,0.275,0.302,0.309,0.115,0.309,0.345,0.297,0.327,-0.022,-0.04,-0.027,69.5,7.3,10.9,8.5,34.0,26.7,7.1,13.0,7.2,3.7,48.9,33.6,87.1,6.7,34.7,20,5.0,4.0,26.9,19.0,38.7,6.0,32.7,97.798023081,92.967555404,71.5,14.5,30.5,40.4,59.6,120,297,48.6,975,75.8,7.4,85.5,107,739,51.4,1033,45.5,914,21.9,51.6,270,1073,522,2008,32.7,40.9,26.4,401,64.9,50.6,203,18.5,74,25.2,101,5.7,23,,,,,,,,,,,,,,,,,,,,,,,,,,,,,,,,,4.36,27.0
"Chapman, Matt",656305,2025,454,535,105,59,23,2,21,126,71,23.6,13.3,0.231,0.43,0.34,0.77,0.243,0.417,0.336,0.34,0.352,0.174,0.382,0.388,0.316,0.335,-0.012,0.013,-0.004,75.0,50.8,18.0,13.7,30.0,22.8,7.5,20.0,5.6,-3.8,53.3,25.4,92.2,15.7,34.0,33,9.9,6.9,26.2,27.1,27.4,2.4,47.6,102.936609458,95.951665392,63.8,19.3,20.1,45.2,54.8,98,217,48.9,1080,77.2,8.1,80.7,139,720,51.1,1129,42.7,944,25.3,42.4,211,1324,519,2209,43.4,33.7,22.9,332,58.8,40.4,134,24.7,82,22.3,74,12.7,42,,,,,,,,,,,,,,,,,,,,,,,,,,,,,,,,,4.43,28.1
"McKinstry, Zach",656716,2025,452,511,117,71,23,11,12,111,46,21.7,9.0,0.259,0.438,0.333,0.771,0.247,0.358,0.333,0.305,0.324,0.111,0.385,0.344,0.338,0.325,0.012,0.08,0.028,67.5,1.9,9.0,7.0,30.9,24.1,6.8,9.0,9.9,1.4,43.1,37.4,85.7,14.1,41.2,21,6.1,4.9,30.0,24.5,30.5,4.0,30.5,96.985648092,92.494690578,65.5,16.2,26.4,40.7,59.3,105,258,48.1,978,81.0,7.5,83.8,112,692,51.9,1057,46.2,940,22.8,46.7,292,1175,445,2035,43.2,31.4,25.4,347,61.8,40.9,142,24.5,85,29.1,101,5.5,19,,,,,,,,,,,1.0,0.0,5.0,0.0,1.0,2.0,50.0,2.0,2.0,100.0,5.0,7.0,71.4,3.0,3.0,100.0,2.3,1.0,-1.3,2.0,36.5,,4.29,28.3
"O'Hearn, Ryan",656811,2025,474,544,133,94,21,1,17,109,58,20.0,10.7,0.281,0.437,0.366,0.803,0.269,0.429,0.349,0.343,0.357,0.16,0.394,0.385,0.36,0.347,0.012,0.008,0.006,71.8,17.8,14.3,11.2,32.8,25.7,7.1,18.0,11.2,1.7,43.3,33.4,89.4,11.4,38.2,28,7.6,7.0,29.3,23.0,29.8,2.7,42.5,99.566357446,94.072133569,66.8,15.7,26.8,42.1,57.9,123,292,50.3,1088,79.9,7.3,84.3,113,719,49.7,1076,44.7,967,23.3,46.8,358,1131,523,2173,36.0,37.1,26.8,369,60.4,45.0,166,25.7,95,24.1,89,5.1,19,,,,,,,,,,,-1.0,0.0,8.0,0.0,0.0,0.0,,1.0,1.0,100.0,1.0,2.0,50.0,0.0,1.0,0.0,-1.0,0.0,0.7,-0.3,33.8,,4.5,27.6
"Schwarber, Kyle",656941,2025,604,724,145,64,23,2,56,197,108,27.2,14.9,0.24,0.563,0.365,0.928,0.251,0.584,0.391,0.403,0.374,0.333,0.496,0.516,0.355,0.373,-0.011,-0.021,-0.012,77.3,77.1,24.7,17.5,32.2,22.8,7.5,51.0,14.6,-5.8,64.3,30.3,94.3,20.1,35.3,85,20.8,7.1,21.1,25.5,21.6,3.9,59.6,105.678659216,98.063659265,64.1,24.2,21.5,57.3,42.7,197,344,52.3,1601,72.6,7.5,75.8,226,935,47.7,1459,40.4,1237,33.1,41.8,415,1505,897,3059,54.7,28.2,17.2,408,53.6,34.3,140,34.3,140,22.5,92,8.8,36,,,,,,,,,,,-2.0,0.0,0.0,,0.0,1.0,0.0,0.0,2.0,0.0,0.0,0.0,,1.0,2.0,50.0,,,,,,,4.51,25.9
"Sheets, Gavin",657757,2025,492,545,124,76,28,1,19,107,44,19.6,8.1,0.252,0.429,0.317,0.746,0.263,0.453,0.323,0.34,0.331,0.19,0.366,0.39,0.319,0.337,-0.011,-0.024,-0.017,74.8,51.9,17.6,14.1,31.3,25.0,7.7,20.0,8.4,-7.5,53.9,27.5,89.9,14.0,38.8,37,9.5,7.7,24.2,26.0,27.8,4.4,46.5,101.199157732,94.955729845,59.6,14.8,31.4,36.9,63.1,139,377,52.7,1201,64.8,7.0,85.2,95,642,47.3,1078,44.4,1012,23.0,44.7,404,1080,634,2279,42.2,33.9,23.9,389,58.3,37.3,145,24.4,95,29.0,113,9.3,36,,,,,,,,,,,-5.0,0.0,13.0,0.0,0.0,0.0,,0.0,2.0,0.0,5.0,9.0,55.6,5.0,6.0,83.3,-2.1,-2.0,0.4,-3.8,29.5,,4.49,27.0
"Ohtani, Shohei",660271,2025,611,727,172,83,25,9,55,187,109,25.7,15.0,0.282,0.622,0.392,1.014,0.274,0.649,0.418,0.425,0.387,0.375,0.542,0.554,0.404,0.395,0.008,-0.027,-0.007,75.8,61.9,26.0,17.8,36.4,25.0,7.9,14.0,15.0,-2.0,53.3,36.9,94.9,15.0,35.9,100,23.5,8.7,17.4,19.7,28.4,2.1,58.7,106.126015352,98.277186118,66.1,24.8,26.0,53.1,46.7,208,392,52.6,1507,76.1,7.2,75.2,223,898,47.4,1359,43.6,1251,33.4,45.0,483,1467,715,2865,43.2,37.8,19.0,426,59.0,39.7,169,35.7,152,21.1,90,3.5,15,,,,,,,,,,,,,,,,,,,,,,,,,,,,,,,,1.0,4.2,28.0
"Contreras, William",661388,2025,566,659,147,102,28,0,17,120,84,18.2,12.7,0.26,0.399,0.355,0.754,0.253,0.398,0.332,0.331,0.352,0.145,0.353,0.353,0.325,0.321,0.007,0.001,0.001,73.2,35.0,19.3,15.1,36.6,28.6,7.1,27.0,10.6,3.3,65.7,29.2,91.1,7.0,31.6,29,6.4,10.2,22.1,20.8,36.3,4.0,48.5,102.570622124,95.839705166,67.9,17.1,25.2,42.9,57.1,139,324,50.2,1284,78.7,6.8,82.9,148,864,49.8,1273,44.6,1140,24.2,46.5,294,1408,598,2556,35.2,38.9,25.9,452,60.2,50.4,228,21.7,98,23.9,108,4.0,18,46.0,1.96,1.95,1.96,5.0,1.45,1.44,1.47,0.65,83.5,,,,,,,,,,,,,,,,,,,,,,1.0,4.5,26.2
"Nootbaar, Lars",663457,2025,509,583,119,81,24,1,13,119,64,20.4,11.0,0.234,0.361,0.325,0.686,0.231,0.4,0.304,0.317,0.323,0.169,0.33,0.349,0.303,0.301,0.003,-0.039,-0.013,73.4,37.8,19.4,15.6,36.0,29.0,6.9,20.0,9.2,-3.1,55.4,28.0,91.3,16.5,33.0,40,10.2,7.4,20.6,30.2,28.4,3.3,50.0,101.938818418,95.520290383,56.0,13.0,22.0,41.7,58.3,106,254,48.9,1153,66.5,8.0,87.0,88,675,51.1,1206,43.5,1027,20.9,39.4,356,1291,550,2359,33.8,39.3,26.9,394,55.9,37.8,149,26.1,103,25.4,100,10.7,42,,,,,,,,,,,-1.0,0.0,25.0,0.0,2.0,8.0,25.0,5.0,9.0,55.6,14.0,16.0,87.5,21.0,22.0,95.5,-0.9,-1.2,0.4,-1.7,31.3,,4.4,27.0
"Hoerner, Nico",663538,2025,599,649,178,138,29,4,7,49,39,7.6,6.0,0.297,0.394,0.345,0.739,0.292,0.391,0.324,0.322,0.341,0.099,0.323,0.32,0.321,0.317,0.005,0.003,0.002,68.5,2.6,9.7,8.8,40.0,36.4,7.2,16.0,5.9,-1.9,47.9,33.3,86.7,12.5,36.1,13,2.3,4.5,29.8,24.7,34.5,3.6,30.3,96.704418551,92.414274628,63.4,5.1,32.5,24.5,75.5,87,355,47.4,1093,70.7,9.3,94.9,39,769,52.6,1212,42.8,986,11.2,48.8,188,1314,593,2305,37.0,37.2,25.8,554,60.6,44.9,249,23.8,132,25.5,141,5.8,32,,,,,,,,,,,,,,,,,,,,,,,,,,,,,,,,9.0,4.34,28.6
"Larnach, Trevor",663616,2025,503,567,126,84,24,1,17,122,53,21.5,9.3,0.25,0.404,0.323,0.727,0.247,0.399,0.317,0.315,0.321,0.153,0.363,0.361,0.326,0.322,0.003,0.005,0.002,72.2,23.2,16.7,12.0,37.9,27.1,7.3,19.0,8.3,-10.6,41.1,34.1,90.9,10.9,34.9,28,7.2,4.9,27.1,24.5,33.3,2.8,45.7,101.351578402,95.134984031,62.2,16.1,27.5,59.6,40.4,183,307,50.9,1116,68.2,7.8,83.9,108,669,49.1,1076,42.6,933,29.8,44.5,383,1153,533,2191,40.1,36.4,23.5,387,56.9,43.7,169,25.8,100,25.8,100,4.7,18,,,,,,,,,,,-4.0,0.0,8.0,0.0,0.0,1.0,0.0,1.0,3.0,33.3,6.0,11.0,54.5,10.0,11.0,90.9,-0.8,-1.7,0.2,-2.2,31.0,,4.66,26.1
"Hayes, Ke'Bryan",663647,2025,527,570,124,100,16,3,5,111,36,19.5,6.3,0.235,0.306,0.29,0.596,0.238,0.342,0.266,0.282,0.295,0.104,0.295,0.318,0.297,0.304,-0.003,-0.036,-0.016,71.2,11.8,16.5,13.3,37.6,30.2,6.8,11.0,4.3,1.5,43.4,26.5,89.3,8.5,30.6,19,4.5,5.7,26.8,21.8,37.1,2.4,42.5,99.789439561,94.118686822,60.6,10.9,27.0,40.9,59.1,117,286,49.3,1059,73.2,8.3,89.1,72,661,50.7,1090,40.8,877,19.9,44.1,169,1259,499,2154,29.2,40.7,30.1,418,58.9,49.0,205,18.4,77,24.4,102,8.1,34,,,,,,,,,,,,,,,,,,,,,,,,,,,,,,,,,4.61,27.2
"Tucker, Kyle",663656,2025,500,597,133,82,25,4,22,88,87,14.7,14.6,0.266,0.464,0.377,0.841,0.27,0.483,0.363,0.372,0.381,0.213,0.373,0.386,0.32,0.327,-0.004,-0.019,-0.009,72.0,23.6,15.2,12.5,36.1,29.7,7.6,15.0,11.7,-8.1,49.5,33.9,90.1,17.2,37.5,45,10.8,6.5,24.8,30.3,25.0,2.6,40.4,99.768677067,94.192831928,70.8,15.1,17.6,42.1,57.9,82,195,48.1,1110,85.8,7.9,84.9,128,847,51.9,1196,43.0,992,20.2,45.2,365,1218,576,2306,45.2,33.9,20.9,416,56.3,33.9,141,32.7,136,26.7,111,6.7,28,,,,,,,,,,,-2.0,0.0,24.0,0.0,1.0,6.0,16.7,5.0,8.0,62.5,17.0,21.0,81.0,20.0,21.0,95.2,-0.2,-0.9,0.2,-0.9,32.1,,4.52,26.5
"India, Jonathan",663697,2025,497,567,116,78,29,0,9,106,54,18.7,9.5,0.233,0.346,0.323,0.669,0.238,0.378,0.301,0.315,0.329,0.14,0.314,0.335,0.295,0.304,-0.005,-0.032,-0.014,72.0,23.5,13.6,11.3,32.7,27.1,7.3,29.0,9.1,-4.6,61.2,28.2,87.9,17.1,33.0,23,5.8,6.9,22.1,32.0,28.4,4.6,36.8,99.096462296,93.637694783,58.1,12.7,18.6,47.0,53.0,93,198,45.1,1064,62.4,8.0,87.3,96,753,54.9,1295,44.7,1055,19.9,40.3,208,1497,459,2359,48.0,29.2,22.8,394,62.1,38.3,151,29.7,117,21.8,86,10.2,40,,,,,,,,,,,-3.0,0.0,4.0,0.0,0.0,1.0,0.0,0.0,1.0,0.0,1.0,2.0,50.0,3.0,4.0,75.0,-0.7,-2.3,-0.6,-3.6,29.4,,4.41,28.2
"Raleigh, Cal",663728,2025,596,705,147,63,24,0,60,188,97,26.7,13.8,0.247,0.589,0.359,0.948,0.231,0.547,0.392,0.371,0.346,0.316,0.506,0.47,0.358,0.336,0.016,0.042,0.021,75.2,54.7,17.4,12.5,27.8,19.9,7.9,29.0,17.9,-8.2,45.2,34.3,91.3,25.2,35.3,80,19.5,7.1,17.8,35.8,15.1,4.9,49.6,103.037930049,96.182622409,75.0,21.6,31.8,51.5,48.5,250,485,53.9,1527,83.2,6.3,78.4,212,980,46.1,1306,41.8,1185,31.5,51.7,598,1409,630,2833,54.5,25.8,19.7,411,61.2,25.8,106,41.8,172,19.5,80,12.9,53,55.0,1.97,1.97,1.97,1.0,1.45,1.45,,0.68,83.1,,,,,,,,,,,,,,,,,,,,,,,4.68,26.0
"Grisham, Trent",663757,2025,494,581,116,72,9,1,34,137,82,23.6,14.1,0.235,0.464,0.348,0.812,0.248,0.498,0.353,0.37,0.359,0.25,0.407,0.434,0.324,0.343,-0.013,-0.034,-0.017,71.0,11.5,18.3,14.6,37.8,30.1,7.6,15.0,16.7,1.8,57.8,30.9,91.1,16.4,34.6,51,14.2,8.1,22.9,24.6,24.9,5.3,46.4,101.23838764,95.167728169,58.1,16.6,17.3,45.6,54.4,89,195,47.1,1128,71.6,8.1,83.4,122,735,52.9,1265,45.6,1091,22.7,38.9,364,1341,549,2393,47.8,35.5,16.8,358,56.8,37.2,133,33.5,120,20.7,74,8.7,31,,,,,,,,,,,-2.0,1.0,21.0,4.8,1.0,4.0,25.0,7.0,14.0,50.0,23.0,24.0,95.8,19.0,21.0,90.5,1.3,-0.8,-0.8,-0.2,34.5,,4.54,26.7
"Lowe, Nathaniel",663993,2025,540,609,123,79,23,3,18,159,62,26.1,10.2,0.228,0.381,0.307,0.688,0.229,0.373,0.301,0.303,0.311,0.145,0.363,0.366,0.319,0.325,-0.001,0.008,-0.002,72.7,24.3,13.4,10.3,27.5,21.3,7.2,28.0,6.6,7.9,47.2,30.1,89.0,10.9,33.4,27,7.0,8.3,26.4,22.3,31.6,3.6,41.5,100.389231563,94.465033629,63.8,17.4,24.0,45.8,54.2,138,301,48.1,1254,73.5,7.8,82.6,150,863,51.9,1353,43.5,1133,24.7,44.6,314,1643,488,2607,31.6,38.6,29.8,386,59.8,43.8,169,26.9,104,24.4,94,4.9,19,,,,,,,,,,,,,,,,,,,,,,,,,,,,,,,,,4.51,26.2
"Happ, Ian",664023,2025,569,663,138,83,32,0,23,151,87,22.8,13.1,0.243,0.42,0.342,0.762,0.256,0.457,0.333,0.354,0.356,0.2,0.379,0.411,0.326,0.348,-0.013,-0.037,-0.021,71.7,17.2,16.1,12.3,32.7,25.0,6.9,15.0,10.3,-5.5,46.5,32.7,90.0,16.1,35.7,44,10.4,10.4,27.0,25.8,22.7,3.5,44.4,101.384139763,95.030374418,63.5,17.5,20.8,49.1,50.9,130,265,46.9,1274,83.5,8.9,82.5,160,916,53.1,1443,44.6,1213,24.6,43.5,523,1523,533,2717,40.9,33.8,25.3,423,59.0,36.6,155,29.1,123,26.0,110,8.3,35,,,,,,,,,,,0.0,1.0,23.0,4.3,2.0,7.0,28.6,6.0,9.0,66.7,21.0,25.0,84.0,38.0,40.0,95.0,-0.2,-0.5,0.4,-0.3,33.0,,4.45,27.4
"Lowe, Brandon",664040,2025,507,553,130,80,19,0,31,149,38,26.9,6.9,0.256,0.477,0.307,0.784,0.253,0.478,0.334,0.335,0.307,0.224,0.433,0.434,0.357,0.356,0.003,-0.001,-0.001,73.9,40.4,15.7,11.0,30.0,21.0,7.2,31.0,14.8,-2.6,48.7,33.5,91.1,15.2,37.6,47,12.9,6.3,26.1,25.3,26.1,2.7,46.6,101.991060221,95.474542762,77.6,23.4,32.1,58.7,41.3,196,334,48.7,1041,87.1,8.0,76.6,199,851,51.3,1097,43.3,926,33.4,55.5,418,1045,523,2146,45.6,30.8,23.6,364,61.8,37.9,138,29.7,108,25.8,94,6.6,24,,,,,,,,,,,,,,,,,,,,,,,,,,,,,,,,,4.38,26.9
"Bohm, Alec",664761,2025,464,504,133,101,18,3,11,82,29,16.3,5.8,0.287,0.409,0.331,0.74,0.275,0.413,0.322,0.324,0.325,0.139,0.358,0.36,0.343,0.334,0.012,-0.004,-0.002,71.7,18.2,17.3,14.9,37.5,32.5,7.3,11.0,5.4,4.5,47.0,29.7,90.8,6.8,35.6,24,6.2,5.2,29.6,19.1,37.9,1.5,46.4,100.707635803,94.852393109,66.9,9.7,26.3,29.4,70.6,64,218,46.0,829,84.8,8.8,90.3,63,650,54.0,972,43.9,791,14.6,48.2,171,986,486,1801,27.3,47.4,25.3,388,61.9,49.7,193,20.9,81,27.3,106,2.1,8,,,,,,,,,,,,,,,,,,,,,,,,,,,,,,,,,4.66,26.5
"Peña, Jeremy",665161,2025,493,543,150,101,30,2,17,93,35,17.1,6.4,0.304,0.477,0.363,0.84,0.27,0.432,0.363,0.334,0.333,0.162,0.409,0.37,0.373,0.332,0.034,0.045,0.029,72.3,15.7,19.9,14.8,40.6,30.2,7.6,13.0,10.9,-8.2,62.8,30.4,88.9,8.9,30.0,33,8.2,5.7,24.8,19.4,37.2,4.5,42.9,100.3500578,94.382263083,68.3,12.8,35.5,51.8,48.2,172,332,52.6,936,80.7,7.6,87.2,74,576,47.4,843,42.2,751,27.1,51.0,245,924,450,1779,42.7,37.7,19.6,403,66.6,47.9,193,23.8,96,23.3,94,5.0,20,,,,,,,,,,,,,,,,,,,,,,,,,,,,,,,,64.0,4.28,29.6
"Tatis Jr., Fernando",665487,2025,594,691,159,105,27,2,25,129,89,18.7,12.9,0.268,0.446,0.368,0.814,0.272,0.488,0.353,0.37,0.372,0.217,0.387,0.412,0.34,0.347,-0.004,-0.042,-0.017,74.0,42.7,21.8,16.3,37.0,27.6,7.3,32.0,8.3,0.8,56.4,29.8,93.3,9.4,28.9,51,10.9,7.9,20.6,21.2,36.8,1.9,51.8,103.844166724,96.718358423,70.3,17.7,24.4,50.7,49.3,174,343,53.3,1405,88.7,7.4,82.3,153,866,46.7,1231,43.2,1140,27.0,45.9,376,1426,638,2636,36.2,40.3,23.6,467,57.4,49.0,229,25.3,118,19.9,93,5.8,27,,,,,,,,,,,8.0,2.0,29.0,6.9,4.0,8.0,50.0,16.0,20.0,80.0,34.0,38.0,89.5,28.0,28.0,100.0,-0.4,0.6,0.2,0.5,33.8,17.0,4.37,28.6
"Guerrero Jr., Vladimir",665489,2025,589,680,172,115,34,0,23,94,81,13.8,11.9,0.292,0.467,0.381,0.848,0.3,0.506,0.366,0.384,0.39,0.206,0.383,0.408,0.345,0.357,-0.008,-0.039,-0.018,76.7,67.7,25.7,20.4,37.2,29.4,7.6,8.0,1.2,-4.4,30.6,27.4,92.0,7.8,33.7,61,12.2,6.0,27.5,16.6,33.7,3.4,50.7,104.847490968,96.922139153,62.3,15.9,21.4,38.3,61.7,101,264,49.2,1231,71.5,6.9,84.1,126,792,50.8,1271,45.1,1128,21.5,42.2,365,1440,494,2502,34.9,40.1,25.1,499,55.4,47.1,235,19.8,99,27.1,135,6.0,30,,,,,,,,,,,,,,,,,,,,,,,,,,,,,,,,,4.56,26.9
"Soto, Juan",665742,2025,577,715,152,88,20,1,43,137,127,19.2,17.8,0.263,0.525,0.396,0.921,0.288,0.608,0.39,0.429,0.417,0.321,0.43,0.491,0.341,0.376,-0.025,-0.083,-0.039,73.6,40.9,26.3,21.6,39.6,32.5,7.0,36.0,10.9,3.8,65.9,28.1,93.8,12.0,32.9,81,18.1,7.8,22.4,19.0,28.9,3.6,55.3,104.539509412,97.232619389,55.7,16.4,15.9,42.9,57.1,102,238,50.5,1500,71.0,7.5,83.6,134,817,49.5,1468,41.3,1225,22.4,35.5,429,1565,765,2968,38.9,40.3,20.8,447,55.6,45.2,202,27.5,123,20.8,93,6.5,29,,,,,,,,,,,-12.0,0.0,25.0,0.0,0.0,7.0,0.0,2.0,10.0,20.0,15.0,19.0,78.9,20.0,25.0,80.0,-0.5,-1.2,0.2,-1.6,31.8,,4.58,25.8
"Cruz, Oneil",665833,2025,471,544,94,53,18,3,20,174,64,32.0,11.8,0.2,0.378,0.298,0.676,0.218,0.425,0.295,0.324,0.317,0.207,0.38,0.433,0.311,0.346,-0.018,-0.047,-0.029,78.8,78.3,24.7,16.7,32.3,21.8,7.8,19.0,9.2,-7.3,47.8,33.4,95.8,8.1,31.5,54,17.9,5.0,17.9,21.2,35.8,1.7,56.6,107.307978467,98.8072552,58.2,23.8,28.1,51.1,48.9,178,348,55.3,1237,67.4,5.9,76.2,138,581,44.7,998,43.6,975,34.0,41.6,415,943,693,2235,36.1,41.1,22.8,302,60.6,48.3,146,25.2,76,21.9,66,4.6,14,,,,,,,,,,,0.0,0.0,34.0,0.0,2.0,4.0,50.0,5.0,9.0,55.6,21.0,24.0,87.5,24.0,25.0,96.0,-0.6,-0.4,0.1,-0.9,33.8,42.0,4.26,29.2
"Chisholm Jr., Jazz",665862,2025,462,531,112,65,15,1,31,148,58,27.9,10.9,0.242,0.481,0.332,0.813,0.234,0.481,0.349,0.346,0.325,0.247,0.443,0.438,0.352,0.341,0.008,0.0,0.003,73.9,41.9,16.3,11.2,29.6,20.4,7.8,7.0,15.8,-6.1,56.8,32.9,89.0,15.8,32.6,48,15.0,6.0,20.1,27.6,26.6,4.7,43.3,100.93875057,94.67092819,68.4,25.0,26.5,50.2,49.8,145,289,51.0,1090,80.5,7.9,75.0,179,717,49.0,1048,43.9,938,32.2,47.1,408,1073,469,2138,48.9,32.6,18.5,319,62.0,39.5,126,33.2,106,17.9,57,9.4,30,,,,,,,,,,,,,,,,,,,,,,,,,,,,,,,,3.0,4.29,27.6
"Lux, Gavin",666158,2025,446,503,120,85,28,2,5,114,56,22.7,11.1,0.269,0.374,0.35,0.724,0.243,0.336,0.322,0.299,0.327,0.092,0.371,0.335,0.36,0.326,0.026,0.038,0.023,69.6,5.1,12.0,9.8,34.5,28.0,7.4,32.0,11.3,2.5,45.4,33.3,88.3,9.6,38.1,12,3.6,6.6,30.3,21.9,34.8,2.7,36.9,97.799033473,93.010295676,65.1,13.8,19.5,48.5,51.5,95,196,49.1,1007,80.9,6.6,86.2,94,680,50.9,1045,41.3,847,21.6,42.7,312,1068,538,2052,39.0,40.5,20.4,333,63.2,47.1,157,22.5,75,27.6,92,2.7,9,,,,,,,,,,,-6.0,0.0,10.0,0.0,0.0,2.0,0.0,0.0,5.0,0.0,4.0,7.0,57.1,5.0,6.0,83.3,-0.5,-3.0,0.0,-3.5,31.0,,4.27,27.9
"Adell, Jo",666176,2025,526,573,124,68,18,1,37,151,33,26.4,5.8,0.236,0.485,0.293,0.778,0.26,0.549,0.333,0.365,0.316,0.289,0.424,0.474,0.33,0.365,-0.024,-0.064,-0.032,77.6,73.4,19.1,14.4,26.2,19.8,7.7,30.0,8.0,-5.9,49.5,33.8,91.7,16.1,35.1,65,17.3,8.0,18.9,22.9,29.3,3.5,50.0,104.215712606,96.547484587,74.3,16.9,32.6,52.6,47.4,199,378,52.2,1158,84.5,6.4,83.1,133,788,47.8,1061,41.0,910,28.5,52.6,229,1185,576,2220,38.0,36.4,25.5,376,67.0,38.0,143,29.8,112,23.4,88,8.8,33,,,,,,,,,,,-12.0,0.0,19.0,0.0,2.0,8.0,25.0,4.0,11.0,36.4,16.0,24.0,66.7,32.0,34.0,94.1,-1.7,-2.8,0.2,-4.2,29.9,,4.56,27.9
"Bichette, Bo",666182,2025,582,628,181,118,44,1,18,91,40,14.5,6.4,0.311,0.483,0.357,0.84,0.295,0.473,0.361,0.353,0.344,0.179,0.4,0.39,0.366,0.35,0.016,0.01,0.008,69.1,9.4,15.5,12.8,34.6,28.5,7.3,21.0,4.5,1.3,33.9,37.5,91.0,8.2,37.9,39,7.9,9.1,26.5,17.4,35.8,2.8,48.8,101.819073862,95.502667967,72.1,10.8,35.2,33.3,66.7,139,418,51.5,1189,80.2,7.7,89.2,87,807,48.5,1120,43.7,1009,18.4,53.1,237,1377,503,2308,26.7,42.1,31.2,494,60.4,47.4,234,19.8,98,29.1,144,3.6,18,,,,,,,,,,,,,,,,,,,,,,,,,,,,,,,,,4.67,26.1
"García, Adolis",666969,2025,507,547,115,68,28,0,19,135,28,24.7,5.1,0.227,0.394,0.271,0.665,0.232,0.427,0.286,0.304,0.278,0.195,0.353,0.379,0.303,0.314,-0.005,-0.033,-0.018,72.1,25.3,16.9,12.2,35.9,25.8,7.6,16.0,8.8,-0.5,62.5,28.0,92.1,16.3,33.2,44,11.6,6.3,22.2,31.4,26.4,1.8,46.7,101.875197354,95.57270172,69.9,22.8,35.8,43.9,56.1,175,399,51.9,1116,76.3,7.3,77.2,165,723,48.1,1034,42.9,923,30.3,52.2,230,1382,394,2150,38.0,35.4,26.6,379,61.7,36.9,140,33.8,128,22.2,84,7.1,27,,,,,,,,,,,1.0,2.0,26.0,7.7,5.0,8.0,62.5,12.0,17.0,70.6,18.0,21.0,85.7,23.0,28.0,82.1,0.5,0.7,0.3,1.5,35.0,1.0,4.5,27.0
"Gurriel Jr., Lourdes",666971,2025,500,546,124,79,24,2,19,76,31,13.9,5.7,0.248,0.418,0.295,0.713,0.256,0.42,0.307,0.315,0.306,0.164,0.327,0.338,0.286,0.301,-0.008,-0.002,-0.008,70.6,9.6,12.9,10.6,35.2,28.9,7.5,16.0,10.5,-6.0,50.5,36.9,87.8,16.3,37.4,31,7.2,5.5,24.5,30.5,26.8,5.3,38.3,99.058751759,93.630561528,69.5,12.1,34.5,36.9,63.1,125,339,49.2,982,77.0,7.4,87.9,85,703,50.8,1012,43.1,859,20.2,52.3,235,1102,498,1994,40.2,36.0,23.8,433,64.5,37.4,162,27.3,118,26.3,114,9.0,39,,,,,,,,,,,-3.0,0.0,17.0,0.0,0.0,2.0,0.0,6.0,12.0,50.0,15.0,18.0,83.3,18.0,20.0,90.0,0.4,-0.9,0.0,-0.5,33.1,,4.53,27.1
"Rooker, Brent",667670,2025,626,699,164,91,40,3,30,155,65,22.2,9.3,0.262,0.479,0.335,0.814,0.261,0.489,0.349,0.351,0.334,0.228,0.415,0.418,0.347,0.345,0.001,-0.01,-0.002,73.6,35.7,17.2,12.4,33.3,24.0,7.1,45.0,12.3,-6.1,45.2,36.3,90.7,16.4,39.7,65,13.7,6.6,24.7,25.8,26.8,2.3,44.8,101.348762785,95.08004389,75.3,20.4,26.4,58.2,41.8,205,352,51.8,1333,85.5,7.0,79.6,191,935,48.2,1242,41.8,1076,30.8,50.0,380,1379,602,2575,42.9,34.9,22.2,473,63.8,37.0,175,30.2,143,26.0,123,6.8,32,,,,,,,,,,,-3.0,0.0,8.0,0.0,0.0,0.0,,0.0,3.0,0.0,5.0,5.0,100.0,6.0,7.0,85.7,-2.2,-2.1,-0.5,-4.8,28.7,,4.59,27.5
"Arozarena, Randy",668227,2025,613,709,146,86,32,1,27,191,64,26.9,9.0,0.238,0.426,0.334,0.76,0.227,0.417,0.332,0.327,0.326,0.19,0.404,0.395,0.342,0.329,0.011,0.009,0.005,72.3,29.8,18.3,13.3,35.0,25.4,7.4,20.0,8.7,0.4,62.1,25.3,91.3,12.9,32.6,49,11.5,7.7,22.7,24.6,29.0,4.2,50.6,102.490457934,95.926660471,62.6,24.1,25.2,43.9,56.1,158,360,49.7,1428,75.7,8.0,75.9,218,904,50.3,1445,42.4,1218,29.7,44.0,340,1671,589,2873,33.0,42.2,24.8,427,62.4,42.6,182,26.9,115,21.3,91,9.1,39,,,,,,,,,,,-5.0,0.0,29.0,0.0,0.0,3.0,0.0,4.0,10.0,40.0,27.0,32.0,84.4,30.0,31.0,96.8,-0.9,-1.4,0.3,-2.0,31.6,2.0,4.39,27.7
"Steer, Spencer",668715,2025,509,568,121,77,21,2,21,129,51,22.7,9.0,0.238,0.411,0.312,0.723,0.219,0.361,0.316,0.293,0.297,0.142,0.367,0.333,0.317,0.295,0.019,0.05,0.023,70.9,7.1,10.0,7.6,30.1,22.9,7.4,18.0,12.4,-4.1,58.0,28.3,87.3,18.8,34.2,29,7.6,6.0,25.3,32.4,23.5,4.4,33.2,97.843391958,93.000497056,67.5,18.4,24.8,46.6,53.4,122,262,45.7,1057,76.0,9.4,81.6,156,848,54.3,1256,43.4,1004,25.0,48.0,177,1394,556,2316,45.4,33.4,21.1,383,65.3,35.2,135,30.3,116,23.8,91,10.7,41,,,,,,,,,,,-3.0,0.0,1.0,0.0,0.0,1.0,0.0,0.0,1.0,0.0,0.0,0.0,,2.0,2.0,100.0,,,,,,,4.45,28.0
"Reynolds, Bryan",668804,2025,587,654,144,87,38,3,16,173,57,26.5,8.7,0.245,0.402,0.318,0.72,0.259,0.447,0.315,0.338,0.331,0.189,0.388,0.424,0.345,0.366,-0.014,-0.045,-0.023,72.2,22.7,16.4,12.1,32.9,24.1,6.9,43.0,13.0,1.1,47.0,37.9,91.2,7.3,38.4,42,10.1,9.1,27.1,16.8,35.0,1.7,46.0,101.932535192,95.465817885,73.4,19.5,26.0,57.1,42.9,196,343,50.2,1321,83.9,8.0,80.5,188,962,49.8,1310,45.6,1201,29.4,49.6,539,1261,662,2631,41.2,34.8,24.0,417,64.8,47.2,197,23.5,98,28.3,118,1.0,4,,,,,,,,,,,-2.0,0.0,26.0,0.0,3.0,6.0,50.0,5.0,8.0,62.5,15.0,19.0,78.9,20.0,23.0,87.0,-0.8,-0.9,0.5,-1.1,31.7,,4.37,28.1
"Turang, Brice",668930,2025,584,659,168,120,28,2,18,150,66,22.8,10.0,0.288,0.435,0.359,0.794,0.262,0.429,0.346,0.335,0.338,0.167,0.412,0.395,0.383,0.35,0.026,0.006,0.011,70.6,18.1,14.3,11.6,34.3,27.8,6.8,27.0,6.9,8.2,45.1,31.2,91.1,8.6,35.1,35,7.9,6.1,29.5,19.7,31.7,4.8,47.4,100.614785374,94.892922904,62.8,15.5,23.8,37.2,62.8,116,312,47.3,1313,74.7,8.3,84.5,142,917,52.7,1460,43.1,1196,21.0,44.3,351,1557,665,2772,25.9,40.6,33.6,441,57.1,46.9,207,25.6,113,25.2,111,2.3,10,,,,,,,,,,,,,,,,,,,,,,,,,,,,,,,,26.0,4.18,28.9
"Langeliers, Shea",669127,2025,481,523,133,70,32,0,31,103,36,19.7,6.9,0.277,0.536,0.325,0.861,0.251,0.463,0.364,0.328,0.304,0.212,0.431,0.382,0.347,0.318,0.026,0.073,0.036,73.8,39.6,18.8,14.2,32.4,24.5,7.2,5.0,11.4,-3.1,61.4,30.3,90.9,16.4,33.4,43,11.2,8.1,20.1,31.3,26.9,2.1,44.9,102.509663298,95.562115,73.0,16.0,32.1,45.3,54.7,141,311,50.4,970,75.3,7.8,84.0,112,698,49.6,956,41.4,797,25.1,52.4,190,1067,477,1925,41.0,37.6,21.4,383,62.5,37.3,143,29.0,111,25.3,97,8.4,32,67.0,1.89,1.89,1.88,3.0,1.4,1.4,,0.65,86.1,,,,,,,,,,,,,,,,,,,,,,,4.51,28.6
"Edwards, Xavier",669364,2025,561,619,159,131,20,5,3,88,49,14.2,7.9,0.283,0.353,0.343,0.696,0.262,0.332,0.308,0.295,0.325,0.069,0.325,0.307,0.334,0.312,0.021,0.021,0.013,66.9,2.4,6.7,6.0,35.7,31.5,6.4,11.0,2.7,2.4,34.2,31.1,86.8,8.2,33.6,4,0.8,3.3,30.3,23.2,34.9,6.9,29.4,96.768424561,92.424991053,69.1,8.2,26.8,23.4,76.6,67,286,47.5,1069,86.8,8.4,91.8,67,816,52.5,1181,42.7,960,12.2,49.0,394,1367,373,2250,28.8,40.7,30.5,479,62.7,49.3,236,20.3,97,26.3,126,4.2,20,,,,,,,,,,,,,,,,,,,,,,,,,,,,,,,,8.0,4.2,28.3
"Smith, Josh",669701,2025,495,563,124,89,23,2,10,100,55,17.8,9.8,0.251,0.366,0.335,0.701,0.247,0.366,0.311,0.31,0.332,0.119,0.33,0.33,0.313,0.309,0.004,0.0,0.001,69.1,3.7,10.5,8.4,33.9,27.3,6.7,13.0,8.6,-1.9,43.1,36.5,87.2,12.7,33.8,20,5.0,4.0,27.1,27.1,31.8,4.8,31.1,97.379499592,92.713932653,63.1,12.3,25.7,39.7,60.3,110,277,47.0,1076,72.4,8.4,87.7,94,764,53.0,1211,43.9,1003,19.6,45.5,366,1283,474,2287,36.3,37.3,26.3,399,61.5,44.6,178,24.1,96,24.6,98,6.8,27,,,,,,,,,,,-1.0,1.0,6.0,16.7,0.0,0.0,,0.0,1.0,0.0,0.0,1.0,0.0,4.0,4.0,100.0,-0.9,-0.4,0.4,-1.0,32.8,5.0,4.38,27.5
"Friedl, TJ",670770,2025,579,685,151,113,22,2,14,115,81,16.8,11.8,0.261,0.378,0.364,0.742,0.231,0.321,0.333,0.303,0.34,0.09,0.339,0.297,0.322,0.287,0.03,0.057,0.03,69.9,5.9,11.9,9.9,36.9,30.7,6.7,14.0,9.4,-7.8,59.6,28.3,87.1,14.3,33.4,13,2.7,4.2,26.8,28.8,30.2,7.2,32.1,97.485236416,92.822655233,58.3,9.9,18.1,44.7,55.3,101,226,47.3,1250,70.1,8.4,90.1,80,810,52.7,1390,42.4,1119,17.5,39.2,349,1570,560,2645,45.2,36.2,18.6,473,52.8,42.3,200,21.6,102,25.8,122,10.4,49,,,,,,,,,,,1.0,0.0,27.0,0.0,1.0,7.0,14.3,9.0,13.0,69.2,22.0,24.0,91.7,34.0,34.0,100.0,0.0,-1.0,-0.2,-1.3,33.0,,4.42,26.7
"Ramos, Heliot",671218,2025,620,695,159,113,24,1,21,158,52,22.7,7.5,0.256,0.4,0.328,0.728,0.242,0.417,0.319,0.32,0.317,0.175,0.372,0.375,0.34,0.324,0.014,-0.017,-0.001,74.0,44.7,18.2,13.9,32.7,25.0,6.8,24.0,6.0,1.5,47.2,31.5,91.8,11.5,32.5,41,8.8,7.9,22.4,25.0,32.7,2.4,47.4,102.515755862,95.752323082,66.2,15.6,29.7,46.4,53.6,185,399,50.6,1342,73.1,8.6,84.4,135,868,49.4,1312,41.3,1096,25.3,47.8,256,1556,603,2653,33.1,42.5,24.4,468,61.6,44.4,208,25.4,119,24.4,114,5.8,27,,,,,,,,,,,-9.0,0.0,31.0,0.0,4.0,7.0,57.1,9.0,18.0,50.0,13.0,20.0,65.0,26.0,30.0,86.7,0.0,-0.4,-0.4,-0.9,32.7,,4.44,27.5
"García Jr., Luis",671277,2025,488,526,123,78,28,1,16,84,27,16.0,5.1,0.252,0.412,0.289,0.701,0.281,0.47,0.3,0.339,0.32,0.189,0.334,0.384,0.298,0.337,-0.029,-0.058,-0.039,72.4,28.0,18.0,14.6,37.6,30.4,7.4,18.0,10.7,-2.6,62.4,28.6,90.2,9.2,33.7,37,9.0,7.5,26.9,20.1,32.4,3.9,45.8,100.772844709,94.823697591,71.4,11.2,37.9,39.8,60.2,145,364,52.2,960,75.8,6.7,88.8,70,627,47.8,878,42.8,786,21.7,53.9,339,861,520,1838,38.0,41.4,20.6,413,67.2,45.5,188,24.5,101,24.5,101,5.6,23,,,,,,,,,,,,,,,,,,,,,,,,,,,,,,,,,4.34,26.5
"Butler, Lawrence",671732,2025,569,630,133,80,30,2,21,179,59,28.4,9.4,0.234,0.404,0.306,0.71,0.229,0.393,0.31,0.304,0.301,0.164,0.395,0.385,0.341,0.334,0.005,0.011,0.006,73.8,39.2,17.7,12.2,30.5,21.1,7.1,26.0,6.8,1.7,44.1,30.5,90.5,9.2,34.4,36,9.2,6.9,22.7,22.7,32.9,5.6,44.4,102.147176546,95.442891289,67.9,23.7,26.1,56.8,43.2,187,329,50.0,1259,80.1,6.8,76.3,202,854,50.0,1258,45.3,1139,32.9,47.0,538,1312,518,2517,33.7,37.2,29.1,392,58.6,46.7,183,22.7,89,25.5,100,5.1,20,,,,,,,,,,,4.0,1.0,24.0,4.2,2.0,4.0,50.0,10.0,17.0,58.8,18.0,19.0,94.7,30.0,33.0,90.9,-0.9,-0.3,0.2,-1.0,33.6,1.0,4.46,26.9
"Harris II, Michael",671739,2025,611,641,152,100,26,6,20,128,16,20.0,2.5,0.249,0.409,0.268,0.677,0.268,0.438,0.289,0.315,0.291,0.169,0.349,0.383,0.31,0.34,-0.019,-0.029,-0.026,74.3,40.7,18.8,14.4,31.2,24.0,8.0,22.0,6.9,-1.0,50.4,30.8,90.2,7.4,29.6,45,9.1,5.9,22.9,20.4,36.4,4.9,43.4,103.013806132,95.674311175,71.3,11.8,43.1,44.7,55.3,213,476,50.9,1105,73.7,6.1,88.2,90,761,49.1,1068,43.7,949,24.4,57.0,372,1196,461,2177,35.8,40.3,23.9,494,67.8,50.6,250,21.3,105,22.3,110,5.9,29,,,,,,,,,,,8.0,1.0,27.0,3.7,2.0,2.0,100.0,19.0,21.0,90.5,33.0,39.0,84.6,38.0,38.0,100.0,0.1,0.6,0.0,0.7,35.1,10.0,4.28,28.5
"Kirk, Alejandro",672386,2025,451,506,127,94,18,0,15,59,48,11.7,9.5,0.282,0.421,0.348,0.769,0.278,0.48,0.334,0.359,0.348,0.203,0.342,0.373,0.319,0.319,0.004,-0.059,-0.025,72.5,28.6,21.1,17.3,38.4,31.5,7.2,12.0,7.9,4.5,55.8,23.9,91.1,11.9,34.4,40,10.1,8.3,24.6,21.9,31.9,3.0,50.8,102.169605025,95.726454811,65.9,14.4,29.0,27.6,72.4,80,290,50.6,1000,79.4,8.3,85.6,93,644,49.4,977,41.3,816,18.5,47.2,156,1147,495,1977,28.1,41.5,30.4,398,60.2,44.2,176,25.4,101,24.1,96,6.3,25,65.0,1.95,1.95,1.94,0.0,,,,0.64,81.7,,,,,,,,,,,,,,,,,,,,,,,4.88,24.3
"Garcia, Maikel",672580,2025,595,666,170,110,39,5,16,84,62,12.6,9.3,0.286,0.449,0.351,0.8,0.276,0.422,0.347,0.335,0.343,0.146,0.361,0.346,0.329,0.319,0.01,0.027,0.012,71.9,17.2,21.2,18.4,43.9,38.1,7.3,11.0,4.6,0.5,44.2,27.1,91.3,9.7,34.5,29,5.6,8.1,23.3,24.7,35.5,2.7,45.1,101.342001641,95.068685362,58.0,9.4,20.8,31.7,68.3,80,252,48.2,1214,68.8,8.0,90.6,71,758,51.8,1306,41.7,1050,15.0,40.1,235,1473,560,2519,35.3,39.7,25.0,519,62.5,44.9,233,21.6,112,27.2,141,6.4,33,,,,,,,,,,,,,,,,,,,,,,,,,,,,,,,,,4.41,27.9
"Lopez, Otto",672640,2025,544,594,134,98,21,0,15,82,44,13.8,7.4,0.246,0.368,0.305,0.673,0.269,0.434,0.295,0.33,0.327,0.165,0.308,0.353,0.288,0.316,-0.023,-0.066,-0.035,71.7,22.0,17.1,14.2,37.7,31.4,6.8,19.0,7.4,-2.3,48.5,29.9,88.5,8.4,32.5,33,7.1,6.7,23.2,21.9,36.6,4.1,38.3,99.900867489,94.042562749,62.7,10.7,29.5,36.7,63.3,114,311,49.5,1053,74.5,7.6,89.3,72,675,50.5,1076,43.5,926,18.9,46.3,286,1121,534,2129,34.4,40.2,25.4,465,62.0,48.6,226,23.2,108,23.4,109,4.7,22,,,,,,,,,,,,,,,,,,,,,,,,,,,,,,,,1.0,4.22,28.5
"Perdomo, Geraldo",672695,2025,597,720,173,115,33,5,20,83,94,11.5,13.1,0.29,0.462,0.389,0.851,0.278,0.424,0.37,0.356,0.381,0.146,0.365,0.346,0.33,0.319,0.012,0.038,0.014,68.3,4.6,10.2,9.1,36.0,32.3,6.9,21.0,7.4,-1.8,49.9,35.4,87.6,15.5,36.2,33,6.2,4.1,29.1,28.0,26.6,5.4,31.9,97.403040156,92.774457856,57.0,7.9,19.2,26.2,73.8,69,263,45.6,1371,69.7,9.0,92.1,74,932,54.4,1636,42.3,1272,12.0,39.7,403,1792,653,3007,40.3,33.2,26.5,533,58.6,39.8,212,26.5,141,25.5,136,8.3,44,,,,,,,,,,,,,,,,,,,,,,,,,,,,,,,,1.0,4.46,27.2
"Sosa, Lenyn",672820,2025,518,544,137,94,20,1,22,127,18,23.3,3.3,0.264,0.434,0.293,0.727,0.263,0.467,0.313,0.326,0.293,0.204,0.392,0.411,0.348,0.349,0.001,-0.033,-0.013,72.6,26.3,16.2,12.7,34.4,26.9,7.4,9.0,10.5,0.5,55.4,32.6,90.7,18.4,39.2,41,10.4,6.8,27.1,28.9,24.1,2.3,43.8,100.914668265,94.870690765,61.5,14.0,40.9,37.2,62.8,159,427,50.8,1044,60.6,7.5,86.0,87,622,49.2,1012,43.8,900,23.5,51.0,222,1163,499,2056,36.2,38.0,25.8,395,62.5,32.2,127,29.6,117,29.1,115,9.1,36,,,,,,,,,,,,,,,,,,,,,,,,,,,,,,,,,4.71,26.7
"Diaz, Yainer",673237,2025,542,567,139,93,25,1,20,95,20,16.8,3.5,0.256,0.417,0.284,0.701,0.268,0.465,0.3,0.326,0.297,0.197,0.346,0.379,0.309,0.325,-0.012,-0.048,-0.026,72.2,21.8,17.6,13.9,34.8,27.5,7.3,30.0,10.4,1.0,59.2,28.3,89.9,10.2,34.9,43,9.6,6.7,24.4,22.0,34.0,2.9,42.2,100.97744942,94.706836942,78.3,12.7,44.3,38.6,61.4,177,458,55.3,1034,82.5,7.3,87.3,83,655,44.7,837,39.3,736,23.4,59.5,259,908,513,1871,36.7,40.2,23.1,450,69.7,46.0,207,23.3,105,24.9,112,5.8,26,72.0,1.95,1.97,1.88,5.0,1.54,1.55,1.52,0.71,87.1,,,,,,,,,,,,,,,,,,,,,,,4.37,27.3
"Suzuki, Seiya",673548,2025,571,651,140,74,31,3,32,164,71,25.2,10.9,0.245,0.478,0.326,0.804,0.247,0.493,0.343,0.352,0.33,0.246,0.419,0.433,0.337,0.344,-0.002,-0.015,-0.009,73.4,37.2,19.1,15.1,33.2,26.3,7.2,26.0,8.1,-3.1,50.5,31.1,91.3,17.9,40.2,69,16.6,7.5,20.5,29.9,23.6,1.9,48.7,102.931278798,95.890233373,59.1,15.7,20.5,49.8,50.2,133,267,47.8,1303,63.4,7.0,84.3,132,841,52.2,1424,42.0,1146,23.9,40.6,266,1401,779,2727,41.9,34.7,23.4,415,59.6,31.8,132,34.7,144,25.8,107,7.7,32,,,,,,,,,,,0.0,0.0,9.0,0.0,1.0,1.0,100.0,4.0,6.0,66.7,9.0,10.0,90.0,7.0,7.0,100.0,0.7,1.0,0.1,1.7,35.6,2.0,4.35,28.4
"Jung, Josh",673962,2025,482,511,121,83,23,1,14,129,27,25.2,5.3,0.251,0.39,0.294,0.684,0.245,0.414,0.298,0.304,0.288,0.169,0.374,0.384,0.343,0.336,0.006,-0.024,-0.006,70.3,5.2,16.8,12.9,33.5,25.7,7.0,17.0,11.5,2.6,52.8,37.7,89.3,12.8,39.4,29,8.2,9.3,26.9,21.0,28.0,5.7,46.7,100.8140564,94.816045657,69.5,17.9,33.2,40.7,59.3,132,324,50.6,977,80.8,6.5,82.1,119,663,49.4,954,43.0,831,25.4,51.1,216,1073,450,1931,35.1,40.5,24.4,353,66.5,41.6,147,24.9,88,27.5,97,5.9,21,,,,,,,,,,,,,,,,,,,,,,,,,,,,,,,,,4.64,26.6
"Clement, Ernie",676391,2025,545,588,151,105,35,2,9,61,27,10.4,4.6,0.277,0.398,0.313,0.711,0.263,0.364,0.308,0.292,0.302,0.1,0.323,0.304,0.309,0.296,0.014,0.034,0.016,67.6,2.4,9.2,8.2,41.9,37.1,7.0,30.0,11.6,-3.1,59.3,32.2,86.6,17.9,37.1,12,2.4,5.0,27.0,35.7,24.8,4.8,26.0,95.998970369,92.037389446,72.0,7.0,36.4,28.7,71.3,100,348,51.1,957,76.0,8.0,93.0,46,658,48.9,914,41.4,774,14.5,53.8,233,986,448,1871,40.1,36.5,23.4,496,64.1,34.7,172,28.6,142,27.6,137,9.1,45,,,,,,,,,,,,,,,,,,,,,,,,,,,,,,,,10.0,4.27,28.6
"Burleson, Alec",676475,2025,497,546,144,98,26,2,18,79,39,14.5,7.1,0.29,0.459,0.343,0.802,0.272,0.471,0.346,0.345,0.329,0.199,0.376,0.376,0.341,0.323,0.018,-0.012,0.001,72.4,29.2,18.7,15.8,39.1,32.9,7.5,12.0,10.0,0.3,57.5,31.8,91.0,15.2,34.0,40,9.5,7.6,24.8,27.2,26.5,3.8,43.0,101.386484258,95.130209592,69.5,13.1,28.8,29.7,70.3,82,276,49.6,959,74.7,8.0,86.9,89,677,50.4,974,43.1,834,17.9,49.3,314,1072,426,1933,33.6,40.4,26.0,423,59.0,40.2,170,28.8,122,24.1,102,6.9,29,,,,,,,,,,,-4.0,0.0,8.0,0.0,0.0,3.0,0.0,0.0,5.0,0.0,6.0,7.0,85.7,16.0,18.0,88.9,-1.4,-3.0,1.1,-3.3,30.3,,4.5,25.5
"Wagaman, Eric",676572,2025,476,514,119,79,28,3,9,100,32,19.5,6.2,0.25,0.378,0.296,0.674,0.259,0.421,0.293,0.315,0.306,0.162,0.336,0.366,0.312,0.327,-0.009,-0.043,-0.022,73.4,36.6,19.5,15.3,37.6,29.4,7.1,26.0,6.9,-2.7,49.4,27.9,91.0,10.6,34.4,26,6.8,8.1,22.3,26.2,33.3,2.9,46.5,102.304067053,95.484613553,64.5,15.0,25.8,47.4,52.6,119,251,49.8,974,74.8,8.3,85.0,95,633,50.2,981,42.0,822,24.2,45.2,221,1075,479,1955,38.1,38.6,23.4,381,64.2,44.1,168,24.4,93,25.7,98,5.8,22,,,,,,,,,,,-1.0,0.0,1.0,0.0,0.0,1.0,0.0,0.0,0.0,,0.0,0.0,,1.0,1.0,100.0,,,,,,,4.67,26.9
"Rodríguez, Julio",677594,2025,652,710,174,107,31,4,32,152,44,21.4,6.2,0.267,0.474,0.324,0.798,0.274,0.483,0.341,0.348,0.331,0.209,0.408,0.419,0.347,0.356,-0.007,-0.009,-0.007,76.4,63.9,19.8,14.4,30.8,22.4,7.7,19.0,6.9,-1.4,46.4,31.7,91.8,8.5,31.5,49,9.8,8.8,23.7,20.9,34.1,2.4,48.0,103.7115726,96.24062626,75.2,19.4,35.9,46.4,53.6,210,453,50.5,1261,80.2,7.3,80.6,180,929,49.5,1235,42.3,1055,28.2,55.4,301,1370,534,2496,35.9,40.8,23.3,502,67.0,48.2,242,25.7,129,21.1,106,5.0,25,,,,,,,,,,,11.0,2.0,22.0,9.1,3.0,6.0,50.0,11.0,18.0,61.1,40.0,42.0,95.2,41.0,42.0,97.6,-1.3,0.9,0.7,0.3,35.0,56.0,4.29,29.2
"Witt Jr., Bobby",677951,2025,623,687,184,108,47,6,23,125,49,18.2,7.1,0.295,0.501,0.351,0.852,0.285,0.508,0.36,0.365,0.347,0.222,0.417,0.424,0.364,0.359,0.01,-0.007,-0.005,74.3,45.2,19.9,15.5,34.7,27.0,7.0,24.0,5.1,-0.2,47.2,28.6,93.3,15.2,35.4,63,12.5,6.7,24.6,27.7,26.5,1.4,48.5,103.906232271,96.610542829,71.5,16.6,30.7,40.8,59.2,157,385,50.0,1255,84.9,8.2,83.4,149,898,50.0,1256,41.2,1035,23.9,51.1,285,1447,561,2511,32.9,37.8,29.3,505,62.7,37.4,189,27.9,141,26.1,132,8.5,43,,,,,,,,,,,,,,,,,,,,,,,,,,,,,,,,101.0,4.15,30.2
"Vargas, Miguel",678246,2025,504,569,118,68,32,2,16,100,56,17.6,9.8,0.234,0.401,0.316,0.717,0.237,0.407,0.314,0.319,0.32,0.171,0.334,0.34,0.29,0.294,-0.003,-0.006,-0.005,70.6,11.7,13.2,10.9,36.0,29.6,7.6,17.0,11.9,-3.0,64.6,35.4,89.7,22.6,36.6,38,9.3,7.6,22.4,37.3,20.4,2.7,40.5,99.545761182,94.110815049,69.3,16.2,21.6,35.5,64.5,86,242,48.3,1122,85.3,8.5,83.8,135,832,51.7,1201,44.6,1037,20.6,46.2,193,1425,506,2323,40.5,36.1,23.3,407,61.0,29.0,118,35.1,143,25.3,103,10.6,43,,,,,,,,,,,,,,,,,,,,,,,,,,,,,,,,,4.43,27.5
"Rafaela, Ceddanne",678882,2025,546,587,136,82,34,4,16,117,28,19.9,4.8,0.249,0.414,0.295,0.709,0.242,0.416,0.307,0.305,0.289,0.174,0.357,0.355,0.316,0.307,0.007,-0.002,0.002,71.0,12.4,14.0,10.4,32.7,24.3,7.5,20.0,11.6,-1.5,57.2,32.6,88.3,12.8,32.3,40,9.2,5.5,22.8,25.3,32.0,5.1,38.7,99.637036837,93.97214993,75.3,17.9,42.2,42.9,57.1,191,445,49.5,1054,83.2,8.4,82.1,145,809,50.5,1074,41.1,874,26.8,58.9,297,1120,529,2128,37.6,39.6,22.8,434,70.7,44.0,191,26.0,113,21.4,93,8.5,37,,,,,,,,,,,21.0,7.0,26.0,26.9,10.0,10.0,100.0,13.0,14.0,92.9,25.0,26.0,96.2,22.0,24.0,91.7,3.4,2.7,-1.0,5.1,39.6,18.0,4.19,29.1
"Torkelson, Spencer",679529,2025,563,649,135,76,27,1,31,169,72,26.0,11.1,0.24,0.456,0.333,0.789,0.226,0.456,0.339,0.334,0.322,0.23,0.415,0.407,0.338,0.321,0.014,0.0,0.005,73.0,26.4,15.2,11.5,30.7,23.1,7.8,17.0,13.5,-8.0,50.0,38.0,90.2,23.1,39.3,54,13.5,7.8,21.1,34.8,20.6,2.3,45.1,100.7921562,94.776285589,65.9,17.6,22.4,55.4,44.6,160,289,49.1,1292,77.5,8.6,82.4,156,885,50.9,1342,43.4,1144,26.9,44.6,361,1374,589,2634,48.4,31.1,20.6,399,62.3,27.6,110,36.6,146,24.1,96,11.8,47,,,,,,,,,,,,,,,,,,,,,,,,,,,,,,,,,4.68,26.7
"McLain, Matt",680574,2025,510,577,112,79,18,0,15,167,55,28.9,9.5,0.22,0.343,0.3,0.643,0.212,0.361,0.286,0.29,0.294,0.149,0.354,0.361,0.323,0.314,0.008,-0.018,-0.004,69.7,5.2,12.3,9.0,32.6,23.8,6.9,30.0,11.5,-0.1,56.5,32.1,88.8,16.3,34.0,27,7.7,8.0,26.3,27.4,23.4,6.0,40.7,99.170988588,93.766255706,59.9,19.8,26.3,48.5,51.5,150,309,49.7,1176,70.7,7.4,80.2,141,712,50.3,1188,44.1,1043,28.5,43.2,188,1274,687,2365,32.0,38.3,29.7,350,60.3,39.7,139,30.0,105,21.4,75,8.9,31,,,,,,,,,,,,,,,,,,,,,,,,,,,,,,,,20.0,4.21,29.2
"Barger, Addison",680718,2025,460,502,112,58,32,1,21,121,36,24.1,7.2,0.243,0.454,0.301,0.755,0.255,0.462,0.322,0.331,0.313,0.207,0.398,0.411,0.328,0.346,-0.012,-0.008,-0.009,75.9,62.7,20.6,15.4,30.6,22.9,7.7,7.0,9.1,-5.0,51.0,28.8,91.7,11.9,35.5,39,11.4,6.7,26.7,22.0,29.3,3.8,51.0,103.716706784,96.416377947,66.4,18.0,31.1,44.4,55.6,131,295,48.6,950,75.9,8.5,82.0,120,667,51.4,1005,43.7,855,26.1,49.2,323,1010,497,1955,43.7,33.7,22.6,341,61.3,42.5,145,22.9,78,24.9,85,9.7,33,,,,,,,,,,,-2.0,2.0,9.0,22.2,2.0,5.0,40.0,2.0,4.0,50.0,12.0,14.0,85.7,7.0,10.0,70.0,1.2,0.0,-1.2,0.0,32.9,,4.33,27.7
"Kwan, Steven",680757,2025,625,693,170,129,29,1,11,60,55,8.7,7.9,0.272,0.374,0.33,0.704,0.273,0.366,0.31,0.31,0.334,0.093,0.304,0.305,0.297,0.301,-0.001,0.008,0.0,63.7,0.8,4.1,3.8,42.5,39.3,6.3,16.0,3.2,-2.5,35.3,35.6,86.2,15.6,39.7,11,1.9,3.7,28.5,31.7,29.6,4.7,19.3,94.357794321,91.185631109,58.8,3.9,22.7,23.0,77.0,68,296,46.8,1304,68.8,8.5,96.1,34,872,53.2,1482,42.9,1194,8.7,41.9,394,1700,508,2786,29.7,38.8,31.5,575,59.0,39.1,225,26.1,150,29.0,167,5.7,33,,,,,,,,,,,5.0,5.0,27.0,18.5,2.0,6.0,33.3,8.0,9.0,88.9,26.0,30.0,86.7,30.0,33.0,90.9,-0.8,0.6,0.7,0.5,34.2,2.0,4.28,27.3
"Duran, Jarren",680776,2025,620,696,159,89,41,13,16,169,60,24.3,8.6,0.256,0.442,0.332,0.774,0.248,0.41,0.335,0.326,0.327,0.162,0.403,0.389,0.35,0.342,0.008,0.032,0.009,74.8,47.5,19.4,14.2,32.0,23.4,7.5,21.0,5.6,0.2,44.5,26.6,91.8,12.0,34.5,44,9.7,7.9,23.3,25.3,31.0,2.6,46.8,103.158389163,96.0558783,64.1,16.4,31.1,54.5,45.5,229,420,51.4,1349,68.7,7.5,83.6,134,818,48.6,1276,44.0,1156,29.3,47.2,395,1463,614,2624,35.4,38.5,26.2,455,58.3,41.5,189,25.1,114,25.5,116,7.9,36,,,,,,,,,,,-4.0,2.0,27.0,7.4,3.0,9.0,33.3,17.0,22.0,77.3,24.0,31.0,77.4,37.0,40.0,92.5,0.9,0.4,-0.5,0.8,33.4,13.0,4.2,29.1
"Donovan, Brendan",680977,2025,460,515,132,90,32,0,10,67,42,13.0,8.2,0.287,0.422,0.353,0.775,0.28,0.449,0.337,0.346,0.348,0.169,0.352,0.364,0.332,0.326,0.007,-0.027,-0.009,69.3,4.8,17.5,15.2,42.3,36.8,6.8,8.0,7.9,1.8,49.2,30.4,89.7,12.2,40.1,35,8.8,7.0,26.8,23.1,30.1,4.3,40.9,99.946562944,94.337995152,61.3,8.7,25.0,26.0,74.0,60,231,48.0,924,77.4,8.1,91.3,53,612,52.0,999,43.7,840,13.4,43.8,214,1156,454,1923,34.8,38.3,26.8,399,61.0,43.1,172,22.3,89,28.1,112,6.5,26,,,,,,,,,,,-2.0,0.0,3.0,0.0,0.0,2.0,0.0,0.0,1.0,0.0,2.0,2.0,100.0,4.0,4.0,100.0,-0.1,-1.4,-0.6,-2.0,31.8,,4.43,26.6
"Stott, Bryson",681082,2025,499,560,128,90,22,3,13,91,54,16.3,9.6,0.257,0.391,0.328,0.719,0.247,0.393,0.315,0.313,0.32,0.146,0.335,0.332,0.311,0.3,0.01,-0.002,0.002,69.4,5.7,10.5,9.0,33.6,28.7,7.2,11.0,7.5,2.1,51.4,32.8,87.6,14.9,36.0,21,5.1,6.8,21.5,31.2,30.9,4.6,29.5,97.625702976,92.873358435,55.6,12.7,23.3,27.2,72.8,74,272,47.2,1165,54.0,8.0,87.3,92,724,52.8,1301,43.9,1083,16.7,40.4,338,1528,484,2466,29.2,40.3,30.4,414,58.6,41.1,170,29.2,121,23.7,98,6.0,25,,,,,,,,,,,,,,,,,,,,,,,,,,,,,,,,17.0,4.15,28.8
"Pages, Andy",681624,2025,581,624,158,103,27,1,27,135,29,21.6,4.6,0.272,0.461,0.313,0.774,0.258,0.428,0.332,0.316,0.301,0.17,0.401,0.38,0.35,0.335,0.014,0.033,0.016,72.6,21.5,12.7,10.3,29.3,23.8,7.9,31.0,7.8,-4.0,48.3,40.6,88.6,16.9,38.9,38,8.4,6.6,27.0,29.0,25.4,2.9,37.2,99.313461778,93.746068218,70.5,12.9,33.2,42.3,57.7,155,366,46.6,1102,84.2,8.5,87.1,115,890,53.4,1263,42.3,1000,21.5,53.1,205,1345,596,2365,40.7,34.1,25.2,452,65.4,35.4,160,32.5,147,27.2,123,4.9,22,,,,,,,,,,,11.0,1.0,29.0,3.4,1.0,2.0,50.0,16.0,20.0,80.0,31.0,31.0,100.0,33.0,33.0,100.0,0.8,1.4,-0.1,2.1,36.2,,4.4,28.1
"Ramírez, Agustín",682663,2025,537,585,124,69,33,1,21,113,36,19.3,6.2,0.231,0.413,0.287,0.7,0.259,0.457,0.302,0.332,0.315,0.198,0.342,0.384,0.29,0.327,-0.028,-0.044,-0.03,75.2,55.4,21.6,16.4,32.0,24.3,7.5,19.0,7.3,-2.9,53.2,25.2,90.8,8.3,31.1,47,11.0,7.2,21.3,20.3,35.7,4.0,47.0,103.943810657,96.283585728,70.0,13.7,32.0,48.3,51.7,174,360,53.0,1124,76.9,8.2,86.3,96,699,47.0,998,41.1,872,25.5,49.9,260,1104,545,2122,39.7,35.7,24.5,428,61.4,45.8,196,22.2,95,23.8,102,8.2,35,53.0,1.99,1.99,2.0,2.0,1.5,1.5,,0.7,83.0,,,,,,,,,,,,,,,,,,,,,,,4.78,26.7
"De La Cruz, Elly",682829,2025,629,699,166,106,31,7,22,181,67,25.9,9.6,0.264,0.44,0.336,0.776,0.251,0.424,0.333,0.322,0.325,0.173,0.419,0.403,0.37,0.352,0.013,0.016,0.011,74.5,45.0,20.4,14.1,34.4,23.8,7.2,32.0,8.3,-0.3,49.5,33.7,91.0,7.6,32.5,46,10.2,4.9,24.1,18.9,38.3,3.1,44.2,102.291176726,95.4641937,64.1,21.5,28.5,53.0,47.0,210,396,51.9,1389,75.3,6.9,78.5,177,825,48.1,1288,41.5,1112,31.7,45.7,616,1255,641,2678,36.5,37.2,26.3,449,63.0,51.2,230,20.9,94,22.7,102,5.1,23,,,,,,,,,,,,,,,,,,,,,,,,,,,,,,,,42.0,4.3,29.1
"Abrams, CJ",682928,2025,580,635,149,90,35,5,19,125,37,19.7,5.8,0.257,0.433,0.315,0.748,0.245,0.401,0.324,0.309,0.305,0.156,0.371,0.35,0.325,0.311,0.012,0.032,0.015,72.4,25.5,13.8,10.6,31.4,24.3,7.6,28.0,10.9,-3.8,59.0,27.3,88.7,13.3,34.4,35,7.6,7.0,22.0,28.3,32.2,2.8,39.2,99.528390349,93.868025131,67.4,17.0,32.6,40.8,59.2,149,365,48.3,1121,78.4,7.4,83.0,137,808,51.7,1199,42.7,991,24.4,50.6,273,1244,615,2320,43.8,34.6,21.6,459,59.9,40.1,184,28.1,129,23.7,109,8.1,37,,,,,,,,,,,,,,,,,,,,,,,,,,,,,,,,1.0,4.27,28.2
"Greene, Riley",682985,2025,600,655,155,87,31,1,36,201,46,30.7,7.0,0.258,0.493,0.313,0.806,0.239,0.494,0.343,0.335,0.296,0.255,0.472,0.457,0.384,0.356,0.019,-0.001,0.008,75.6,57.2,15.1,10.4,24.6,17.0,7.3,6.0,13.9,1.2,43.6,44.6,89.9,15.0,36.9,69,17.1,5.0,21.5,24.5,28.7,3.2,45.5,102.573683564,95.50996453,73.6,23.8,31.2,48.0,52.0,201,419,49.6,1342,85.7,7.2,76.2,239,1004,50.4,1364,44.3,1200,30.9,52.6,457,1557,510,2706,40.8,32.9,26.2,404,63.3,40.8,165,31.7,128,22.3,90,5.2,21,,,,,,,,,,,1.0,2.0,23.0,8.7,3.0,6.0,50.0,7.0,13.0,53.8,23.0,26.0,88.5,15.0,18.0,83.3,0.8,0.0,-0.3,0.5,34.6,,4.53,26.7
"Carroll, Corbin",682998,2025,564,642,146,66,32,17,31,153,67,23.8,10.4,0.259,0.541,0.343,0.884,0.262,0.529,0.371,0.372,0.348,0.267,0.454,0.455,0.352,0.359,-0.003,0.012,-0.001,74.7,45.6,19.4,14.9,30.4,23.3,7.3,20.0,11.0,-3.3,68.4,25.7,92.1,16.7,33.5,60,14.5,9.6,20.7,28.0,24.6,2.2,49.9,103.729438309,96.452659346,66.8,19.0,31.6,36.6,63.4,148,404,51.1,1277,72.5,7.6,81.0,155,816,48.9,1221,43.8,1093,24.8,48.9,343,1293,666,2497,42.4,35.2,22.4,415,60.0,35.7,148,32.0,133,22.9,95,9.4,39,,,,,,,,,,,10.0,3.0,23.0,13.0,5.0,7.0,71.4,15.0,19.0,78.9,25.0,26.0,96.2,35.0,39.0,89.7,1.7,0.5,-1.3,1.0,34.9,63.0,4.13,29.8
"Henderson, Gunnar",683002,2025,577,651,158,102,34,5,17,137,62,21.0,9.5,0.274,0.438,0.349,0.787,0.276,0.425,0.339,0.341,0.354,0.149,0.394,0.396,0.355,0.363,-0.002,0.013,-0.002,75.3,53.4,20.3,15.7,32.4,25.1,7.3,21.0,8.5,1.0,51.0,29.0,92.1,9.5,29.9,38,8.5,4.7,30.3,18.7,34.8,2.0,49.2,102.936564389,96.031023084,67.5,16.5,27.7,46.0,54.0,160,348,50.2,1256,76.3,7.6,83.5,139,842,49.8,1247,43.4,1086,25.1,47.6,401,1378,578,2506,36.6,37.8,25.6,445,59.4,48.5,216,18.9,84,25.8,115,6.7,30,,,,,,,,,,,,,,,,,,,,,,,,,,,,,,,,13.0,4.22,28.5
"Volpe, Anthony",683011,2025,539,596,114,59,32,4,19,150,43,25.2,7.2,0.212,0.391,0.272,0.663,0.223,0.405,0.286,0.301,0.284,0.182,0.346,0.368,0.288,0.307,-0.011,-0.014,-0.015,72.6,28.6,15.5,11.8,33.5,25.4,7.2,11.0,11.0,5.6,64.9,31.5,89.3,12.4,34.6,42,10.5,7.8,21.1,24.1,31.1,5.5,41.9,100.214381212,94.48835443,65.7,21.7,23.9,35.6,64.4,96,270,47.2,1132,74.2,8.1,78.3,180,831,52.8,1265,43.1,1033,25.1,45.9,273,1364,543,2397,32.8,40.6,26.6,399,63.1,41.6,166,29.8,119,21.6,86,7.0,28,,,,,,,,,,,,,,,,,,,,,,,,,,,,,,,,1.0,4.36,28.3
"Busch, Michael",683737,2025,524,592,137,73,25,5,34,139,56,23.5,9.5,0.261,0.523,0.343,0.866,0.262,0.548,0.369,0.378,0.344,0.286,0.447,0.461,0.354,0.356,-0.001,-0.025,-0.009,69.6,7.0,17.4,13.1,38.4,28.9,7.0,18.0,16.3,-1.1,50.4,36.8,92.2,17.0,41.1,66,17.1,7.5,23.8,26.4,23.0,2.1,47.3,101.692645959,95.541508831,68.5,16.0,23.1,54.5,45.5,140,257,47.9,1113,77.9,8.6,84.0,133,830,52.1,1211,43.8,1018,25.1,46.8,342,1198,641,2324,44.2,32.8,23.0,387,65.5,36.2,140,37.0,143,23.5,91,3.4,13,,,,,,,,,,,,,,,,,,,,,,,,,,,,,,,,,4.56,26.5
"Frelick, Sal",686217,2025,528,594,152,117,20,3,12,80,47,13.5,7.9,0.288,0.405,0.351,0.756,0.255,0.339,0.332,0.299,0.324,0.084,0.348,0.305,0.336,0.301,0.033,0.066,0.033,68.2,5.4,7.3,6.5,33.5,29.7,7.1,13.0,8.6,-1.8,51.9,28.1,85.5,12.1,30.7,14,3.1,2.9,26.1,26.1,35.1,5.9,27.4,96.058504215,92.02970778,60.0,9.2,26.3,22.0,77.7,63,287,47.2,1091,62.6,8.6,90.7,67,732,52.8,1220,43.8,1012,12.8,44.1,285,1377,493,2311,41.0,34.2,24.8,456,56.9,46.7,213,20.2,92,23.2,106,10.1,46,,,,,,,,,,,7.0,0.0,17.0,0.0,5.0,11.0,45.5,14.0,17.0,82.4,19.0,20.0,95.0,32.0,34.0,94.1,0.1,0.5,-0.1,0.5,35.1,38.0,4.18,28.9
"Pasquantino, Vinnie",686469,2025,621,682,164,98,33,1,32,107,49,15.7,7.2,0.264,0.475,0.323,0.798,0.259,0.463,0.34,0.334,0.319,0.205,0.375,0.367,0.316,0.311,0.005,0.012,0.006,72.5,26.4,18.2,15.1,36.2,30.1,7.4,12.0,9.7,-9.2,55.5,29.4,90.9,16.3,33.5,56,10.8,7.9,20.8,28.3,30.1,1.7,44.7,101.339574109,95.022747112,65.2,10.0,30.4,36.2,63.8,140,387,49.5,1272,77.0,7.1,90.0,85,847,50.5,1300,43.2,1111,18.2,48.0,495,1372,580,2572,45.1,32.9,22.0,519,63.0,38.2,198,29.7,154,24.3,126,7.9,41,,,,,,,,,,,,,,,,,,,,,,,,,,,,,,,,,4.74,25.5
"Doyle, Brenton",686668,2025,502,538,117,77,23,2,15,138,30,25.7,5.6,0.233,0.376,0.274,0.65,0.239,0.415,0.282,0.3,0.281,0.177,0.355,0.381,0.318,0.328,-0.006,-0.039,-0.018,70.8,6.3,15.8,11.5,36.5,26.5,7.2,24.0,11.5,0.6,64.6,30.3,89.9,9.8,33.0,40,10.8,7.3,19.2,22.4,35.4,4.3,44.6,101.00400956,94.812165962,71.0,18.4,30.1,55.9,44.1,166,297,50.4,986,80.4,8.3,81.6,127,689,49.6,971,44.7,874,29.7,50.4,166,1118,453,1957,40.0,37.8,22.2,370,64.1,46.5,172,25.9,96,23.0,85,4.6,17,,,,,,,,,,,6.0,2.0,34.0,5.9,4.0,10.0,40.0,15.0,21.0,71.4,33.0,35.0,94.3,24.0,28.0,85.7,-1.2,0.7,0.9,0.3,35.0,42.0,4.32,29.5
"Lee, Brooks",686797,2025,487,527,115,83,15,1,16,92,31,17.5,5.9,0.236,0.37,0.285,0.655,0.234,0.374,0.286,0.289,0.285,0.14,0.316,0.32,0.287,0.288,0.002,-0.004,-0.003,69.5,9.4,9.5,7.5,36.3,28.7,7.2,42.0,11.3,-4.7,57.8,30.9,88.6,13.2,30.8,23,5.8,7.0,23.8,27.5,33.5,2.5,38.5,98.1525774,93.309491128,68.6,12.0,31.8,48.6,51.4,159,327,51.2,1028,77.0,6.7,88.0,81,673,48.8,981,45.0,905,24.0,49.8,439,935,499,2009,40.8,36.5,22.8,400,60.2,44.3,177,29.0,116,20.5,82,6.3,25,,,,,,,,,,,,,,,,,,,,,,,,,,,,,,,,,4.52,26.1
"Neto, Zach",687263,2025,502,554,129,73,29,1,26,149,33,26.9,6.0,0.257,0.474,0.319,0.793,0.251,0.495,0.337,0.344,0.315,0.244,0.436,0.447,0.362,0.356,0.006,-0.021,-0.007,71.4,13.3,18.0,13.1,36.6,26.6,7.1,30.0,18.1,-5.7,48.2,39.0,91.0,17.5,38.0,50,14.0,8.9,21.8,26.8,24.6,3.9,46.6,101.775942825,95.420716799,69.4,18.6,30.1,50.7,49.3,175,345,52.8,1147,74.3,7.0,81.4,132,711,47.2,1024,38.2,829,29.1,48.6,269,1113,558,2171,45.8,33.2,20.9,358,64.8,36.3,130,31.6,113,24.6,88,7.5,27,,,,,,,,,,,,,,,,,,,,,,,,,,,,,,,,,4.43,28.1
"Ortiz, Joey",687401,2025,470,506,108,82,18,1,7,74,27,14.6,5.3,0.23,0.317,0.276,0.593,0.245,0.327,0.263,0.275,0.29,0.082,0.28,0.294,0.273,0.291,-0.015,-0.01,-0.012,72.4,24.4,12.9,10.9,27.5,23.3,7.5,7.0,1.7,-1.8,33.3,27.8,84.9,13.3,27.4,12,3.0,3.5,23.9,27.6,33.6,7.7,32.8,97.991058051,93.026599357,57.8,9.4,33.3,29.9,70.1,84,281,45.0,843,65.8,8.1,90.6,56,596,55.0,1031,43.7,819,16.0,46.8,161,1093,427,1873,29.6,38.1,32.3,402,66.2,45.5,183,18.7,75,22.4,90,13.4,54,,,,,,,,,,,,,,,,,,,,,,,,,,,,,,,,10.0,4.27,28.7
"Beck, Jordan",687597,2025,539,588,139,91,27,5,16,174,43,29.6,7.3,0.258,0.416,0.317,0.733,0.231,0.395,0.319,0.301,0.293,0.164,0.422,0.394,0.38,0.342,0.027,0.021,0.018,73.2,32.9,13.4,9.3,26.4,18.5,7.7,8.0,10.7,-3.3,51.7,32.8,87.4,12.8,36.9,35,9.6,8.2,22.4,23.2,28.7,7.4,38.5,100.308269611,94.26308585,67.2,23.1,27.4,51.4,48.6,163,317,49.6,1159,76.8,7.0,76.9,183,791,50.4,1177,43.2,1010,31.2,47.4,211,1278,633,2336,39.1,38.0,23.0,366,61.4,42.1,154,26.5,97,26.2,96,5.2,19,,,,,,,,,,,-2.0,1.0,33.0,3.0,2.0,9.0,22.2,9.0,13.0,69.2,17.0,19.0,89.5,29.0,31.0,93.5,-0.8,-0.2,0.1,-0.9,31.6,1.0,4.4,28.7
"Soderstrom, Tyler",691016,2025,561,624,155,95,34,1,25,141,55,22.6,8.8,0.276,0.474,0.346,0.82,0.261,0.457,0.354,0.341,0.333,0.196,0.424,0.406,0.367,0.349,0.015,0.017,0.013,74.0,37.9,20.8,15.9,33.0,25.2,7.5,27.0,9.6,1.2,50.2,30.6,91.6,7.9,34.4,48,11.4,6.9,25.4,18.2,35.5,2.1,49.8,103.023677143,96.015814678,68.3,16.2,28.7,47.9,52.1,151,315,49.2,1097,81.1,7.9,83.8,125,773,50.8,1131,44.9,1000,25.4,48.9,460,1074,573,2227,33.2,38.4,28.4,422,62.7,48.3,204,23.5,99,24.6,104,3.6,15,,,,,,,,,,,5.0,1.0,18.0,5.6,3.0,5.0,60.0,8.0,12.0,66.7,18.0,20.0,90.0,17.0,18.0,94.4,0.1,0.3,0.1,0.5,34.3,,4.41,27.4
"Winn, Masyn",691026,2025,491,537,124,88,27,0,9,102,34,19.0,6.3,0.253,0.363,0.31,0.673,0.24,0.347,0.297,0.286,0.298,0.107,0.332,0.317,0.317,0.301,0.013,0.016,0.011,71.1,17.3,11.7,9.5,31.2,25.4,7.5,9.0,5.5,-3.9,43.7,29.1,88.3,16.0,31.3,19,4.8,4.8,24.9,31.0,30.3,4.1,34.6,98.797379897,93.446512558,62.3,14.2,25.9,34.3,65.7,94,274,46.8,1056,70.3,9.0,85.8,106,747,53.2,1200,43.5,982,19.6,45.3,259,1264,527,2256,38.9,35.1,26.0,393,55.1,39.2,154,24.4,96,25.4,100,10.9,43,,,,,,,,,,,,,,,,,,,,,,,,,,,,,,,,7.0,4.32,28.4
"Caminero, Junior",691406,2025,602,653,159,86,28,0,45,125,41,19.1,6.3,0.264,0.535,0.311,0.846,0.255,0.501,0.357,0.346,0.307,0.246,0.419,0.404,0.329,0.323,0.009,0.034,0.011,78.5,81.1,22.4,17.2,29.1,22.4,8.4,21.0,8.0,-5.3,59.3,26.2,92.4,10.7,27.7,68,14.0,5.6,19.0,22.7,36.2,2.3,51.4,104.467588678,96.871000041,69.5,17.9,32.2,38.9,61.1,159,409,51.0,1272,76.8,7.3,82.1,152,849,49.0,1222,40.8,1017,24.7,50.4,343,1278,592,2494,44.4,36.6,19.0,484,59.7,46.7,226,25.8,125,19.0,92,8.5,41,,,,,,,,,,,,,,,,,,,,,,,,,,,,,,,,,4.62,26.7
"Crow-Armstrong, Pete",691718,2025,591,647,146,74,37,4,31,155,29,24.0,4.5,0.247,0.481,0.287,0.768,0.242,0.475,0.323,0.321,0.284,0.233,0.404,0.401,0.326,0.321,0.005,0.006,0.002,72.7,28.5,14.7,10.8,30.1,22.1,7.2,24.0,14.6,-3.5,50.1,34.9,89.5,20.0,33.9,59,13.0,6.2,18.7,33.3,22.0,6.2,41.6,100.676597945,94.609790365,81.2,18.0,41.7,47.3,52.7,244,516,53.5,1237,86.2,7.2,82.0,157,873,46.5,1075,40.8,944,28.9,60.1,375,1157,586,2312,48.9,30.4,20.7,454,68.6,33.5,152,35.5,161,21.6,98,9.5,43,,,,,,,,,,,24.0,19.0,32.0,59.4,7.0,8.0,87.5,13.0,15.0,86.7,23.0,25.0,92.0,42.0,45.0,93.3,1.8,2.7,-0.3,4.1,38.9,54.0,4.21,29.5
"Chourio, Jackson",694192,2025,549,589,148,88,35,4,21,121,30,20.5,5.1,0.27,0.463,0.308,0.771,0.247,0.426,0.328,0.307,0.288,0.179,0.393,0.364,0.341,0.314,0.023,0.037,0.021,73.9,40.0,18.7,14.3,34.3,26.3,7.5,22.0,7.1,1.4,57.7,26.4,89.3,10.6,34.0,42,9.7,6.7,20.5,25.7,30.8,6.7,42.3,101.15634963,94.875813411,70.4,16.1,36.9,44.3,55.7,176,397,51.0,1075,79.6,7.4,83.9,117,728,49.0,1034,42.3,893,26.0,53.4,195,1236,479,2108,34.3,38.4,27.4,435,69.6,42.8,186,25.7,112,24.1,105,7.4,32,,,,,,,,,,,3.0,4.0,25.0,16.0,2.0,9.0,22.2,6.0,9.0,66.7,18.0,20.0,90.0,27.0,31.0,87.1,1.1,0.3,-0.1,1.2,35.8,63.0,4.25,29.2
"Schanuel, Nolan",694384,2025,488,564,129,93,23,1,12,71,59,12.6,10.5,0.264,0.389,0.353,0.742,0.262,0.388,0.327,0.327,0.352,0.126,0.325,0.325,0.306,0.306,0.002,0.001,0.0,67.5,6.1,9.4,8.0,37.9,32.4,6.7,13.0,8.6,-1.0,46.2,38.5,87.5,13.2,38.0,19,4.5,5.2,26.9,26.9,32.8,3.8,29.0,96.61346119,92.362165704,65.4,9.0,24.0,32.1,67.9,81,252,48.7,1048,80.4,7.8,91.0,65,721,51.3,1103,43.3,932,15.0,45.2,324,1263,436,2151,38.7,38.0,23.3,424,57.2,42.9,182,25.0,106,26.9,114,5.2,22,,,,,,,,,,,,,,,,,,,,,,,,,,,,,,,,,4.56,26.0
"Langford, Wyatt",694671,2025,489,573,118,70,25,1,22,151,74,26.4,12.9,0.241,0.431,0.344,0.775,0.239,0.448,0.337,0.346,0.344,0.21,0.407,0.421,0.344,0.345,0.002,-0.017,-0.009,73.1,29.0,17.9,13.4,34.4,25.8,7.0,10.0,16.8,-3.1,48.6,33.7,91.4,17.5,35.9,48,14.0,6.1,22.7,28.9,23.6,4.7,48.4,102.369966744,95.79834863,63.8,16.8,23.4,50.7,49.3,143,282,51.6,1204,76.4,6.9,83.2,121,722,48.4,1131,42.4,990,26.3,43.0,351,1321,452,2335,43.1,33.8,23.0,343,62.1,35.0,120,30.6,105,26.8,92,7.6,26,,,,,,,,,,,10.0,3.0,24.0,12.5,9.0,10.0,90.0,8.0,11.0,72.7,30.0,35.0,85.7,24.0,24.0,100.0,0.2,1.0,0.2,1.4,35.6,17.0,4.32,28.9
"Wood, James",695578,2025,598,689,153,84,38,0,31,221,85,32.1,12.3,0.256,0.475,0.35,0.825,0.259,0.493,0.353,0.361,0.354,0.233,0.486,0.502,0.403,0.41,-0.003,-0.018,-0.008,76.0,62.7,22.7,15.9,33.6,23.5,7.7,44.0,11.1,1.9,41.9,39.7,94.3,6.3,36.3,62,16.3,7.4,25.0,13.4,34.2,2.9,56.3,106.446259788,98.230447241,55.8,23.1,24.2,56.1,43.9,194,346,49.4,1428,66.1,7.6,76.9,188,815,50.6,1461,43.4,1255,32.9,40.2,462,1382,788,2887,29.7,42.9,27.4,380,56.0,49.7,189,21.3,81,27.6,105,1.3,5,,,,,,,,,,,-7.0,0.0,13.0,0.0,1.0,10.0,10.0,4.0,13.0,30.8,8.0,10.0,80.0,19.0,19.0,100.0,0.7,-1.7,-1.1,-2.1,31.2,9.0,4.23,27.8
"Goodman, Hunter",696100,2025,540,579,150,86,28,5,31,152,33,26.3,5.7,0.278,0.52,0.323,0.843,0.244,0.466,0.359,0.324,0.292,0.221,0.467,0.416,0.385,0.339,0.034,0.054,0.035,74.4,42.7,16.3,11.5,30.9,21.7,7.3,27.0,13.4,-7.2,61.1,25.2,90.8,17.3,32.8,50,12.8,5.4,23.8,29.0,24.4,3.8,46.9,102.599968608,95.758645633,75.3,19.9,36.7,54.2,45.8,226,417,52.8,1135,79.1,7.4,80.1,152,764,47.2,1014,41.6,893,32.0,55.0,226,1092,574,2149,48.7,33.3,17.9,390,65.5,38.5,150,28.7,112,22.6,88,10.3,40,45.0,1.95,1.96,1.93,3.0,1.49,1.5,1.47,0.66,83.0,,,,,,,,,,,,,,,,,,,,,,,4.57,27.2
"Rice, Ben",700250,2025,467,530,119,61,28,4,26,100,50,18.9,9.4,0.255,0.499,0.337,0.836,0.283,0.557,0.358,0.394,0.365,0.273,0.402,0.453,0.322,0.362,-0.028,-0.058,-0.036,73.4,34.5,24.0,19.4,38.6,31.2,7.4,15.0,10.6,-6.0,56.8,33.2,93.3,14.2,39.3,57,15.4,8.7,22.8,23.0,27.1,2.7,56.1,104.138238152,97.178139076,65.5,13.7,21.2,44.2,55.8,96,217,50.0,1024,74.8,7.6,86.0,92,670,50.0,1023,42.3,866,21.2,43.3,375,998,506,2047,44.4,34.4,21.1,369,59.4,39.8,147,28.5,105,24.9,92,6.8,25,10.0,2.07,2.05,2.13,2.0,1.55,1.55,1.54,0.68,78.6,,,,,,,,,,,,,,,,,,,,,,,4.53,27.5
"Manzardo, Kyle",700932,2025,470,531,110,62,19,2,27,135,48,25.4,9.0,0.234,0.455,0.313,0.768,0.224,0.443,0.329,0.322,0.305,0.22,0.402,0.391,0.324,0.311,0.01,0.012,0.007,70.6,8.0,14.2,10.4,35.7,26.1,7.4,20.0,17.3,-0.6,52.2,37.0,90.3,21.3,37.1,40,11.8,8.5,23.8,32.6,20.0,3.2,43.8,100.114470588,94.531639086,67.0,20.7,27.4,46.7,53.3,122,261,47.1,951,70.2,8.5,79.3,148,715,52.9,1067,43.6,879,27.7,48.4,394,1050,451,2018,39.7,34.4,25.9,340,60.4,30.3,103,35.3,120,24.4,83,10.0,34,,,,,,,,,,,,,,,,,,,,,,,,,,,,,,,,,4.62,25.4
"Durbin, Caleb",702332,2025,445,506,114,78,25,0,11,50,30,9.9,5.9,0.256,0.387,0.334,0.721,0.255,0.362,0.319,0.312,0.333,0.107,0.307,0.298,0.286,0.285,0.001,0.025,0.007,67.9,1.9,7.9,7.2,37.0,33.3,6.8,21.0,8.0,-4.0,63.7,27.6,85.2,13.9,29.6,16,4.0,4.5,24.6,27.9,30.1,9.0,26.9,96.100902887,92.05425549,61.3,8.7,24.6,25.6,74.4,53,207,45.9,843,67.6,9.9,91.3,53,610,54.1,995,41.9,771,13.0,44.5,169,1051,440,1838,41.3,38.3,20.4,402,60.7,43.8,176,22.9,92,22.4,90,10.9,44,,,,,,,,,,,,,,,,,,,,,,,,,,,,,,,,,4.38,28.1
"Holliday, Jackson",702616,2025,586,649,142,101,21,3,17,140,56,21.6,8.6,0.242,0.375,0.314,0.689,0.241,0.404,0.304,0.314,0.313,0.163,0.346,0.36,0.318,0.316,0.001,-0.029,-0.01,70.6,10.7,15.0,11.6,35.1,27.2,6.9,21.0,8.3,5.6,52.8,31.9,88.8,8.9,32.4,35,7.8,6.5,24.2,22.1,35.1,3.8,40.8,99.642935225,94.03038741,68.3,18.4,22.3,46.4,53.6,117,252,46.3,1129,79.0,8.6,81.6,165,895,53.7,1311,43.6,1063,24.5,47.1,425,1373,484,2450,33.8,39.8,26.4,447,62.8,49.0,219,25.1,112,21.9,98,4.0,18,,,,,,,,,,,,,,,,,,,,,,,,,,,,,,,,4.0,4.25,28.6
"Meidroth, Chase",805367,2025,450,505,114,94,15,0,5,72,45,14.3,8.9,0.253,0.32,0.329,0.649,0.254,0.333,0.294,0.3,0.33,0.08,0.295,0.303,0.301,0.302,-0.001,-0.013,-0.006,67.4,1.6,12.0,10.7,44.1,39.3,6.7,12.0,6.7,2.1,48.7,29.4,88.2,6.7,26.2,6,1.6,4.5,28.3,21.2,40.3,3.7,36.1,97.686781436,92.976040347,52.8,9.0,22.4,23.5,76.5,51,217,47.0,967,53.0,9.6,91.0,52,576,53.0,1090,43.8,901,13.0,38.6,201,1283,442,2057,33.5,38.2,28.3,382,60.0,53.9,206,18.3,70,22.0,84,5.8,22,,,,,,,,,,,,,,,,,,,,,,,,,,,,,,,,,4.47,27.0
"Wilson, Jacob",805779,2025,486,523,151,112,26,0,13,39,27,7.5,5.2,0.311,0.444,0.355,0.799,0.277,0.364,0.348,0.304,0.324,0.087,0.352,0.302,0.337,0.301,0.034,0.08,0.044,63.9,0.3,4.0,3.6,41.4,37.5,6.1,9.0,2.8,-1.1,36.4,35.2,84.6,8.8,32.2,10,2.2,3.1,26.2,22.0,40.0,5.8,24.7,95.136633108,91.576810226,66.6,7.6,32.1,14.1,85.9,38,270,48.5,842,68.9,9.6,92.4,45,595,51.5,893,41.2,714,9.6,49.9,154,1076,360,1735,34.0,40.9,25.1,450,64.8,53.3,240,17.1,77,24.2,109,5.3,24,,,,,,,,,,,,,,,,,,,,,,,,,,,,,,,,1.0,4.51,27.0
"Lee, Jung Hoo",808982,2025,560,617,149,98,31,12,8,71,47,11.5,7.6,0.266,0.407,0.327,0.734,0.277,0.385,0.32,0.321,0.339,0.108,0.326,0.326,0.302,0.316,-0.011,0.022,-0.001,68.3,2.7,10.8,9.4,39.8,34.9,7.5,6.0,5.2,-4.6,40.9,39.4,87.1,9.9,34.1,18,3.7,3.9,27.8,24.7,36.1,3.7,32.0,97.154749061,92.638543988,64.5,8.5,22.5,28.1,71.9,70,249,47.1,1108,71.3,8.9,91.5,68,802,52.9,1244,42.4,998,13.1,44.7,322,1351,506,2351,40.0,34.7,25.4,493,60.9,47.5,234,24.9,123,23.9,118,3.7,18,,,,,,,,,,,-5.0,0.0,24.0,0.0,0.0,4.0,0.0,7.0,10.0,70.0,16.0,21.0,76.2,27.0,27.0,100.0,-0.2,-0.3,-0.1,-0.6,34.0,,4.19,28.2
